# Blender v2.83.2 OBJ File: ''
# www.blender.org
mtllib vase.mtl
o vase
v -0.392914 0.058700 0.000000
v -0.387930 0.058700 0.061402
v -0.424957 0.115625 0.067265
v -0.430418 0.115625 0.000000
v -0.373437 0.058700 0.121334
v -0.409088 0.115625 0.132916
v -0.471675 0.191158 0.074655
v -0.477747 0.191158 0.000000
v -0.454068 0.191158 0.147534
v -0.349930 0.058700 0.178345
v -0.317877 0.058700 0.230954
v -0.348221 0.115625 0.252990
v -0.383338 0.115625 0.195369
v -0.386498 0.191158 0.280813
v -0.425482 0.191158 0.216842
v -0.471493 0.382259 0.342559
v -0.519042 0.382259 0.264524
v -0.472123 0.281347 0.240616
v -0.428881 0.281347 0.311595
v -0.553911 0.382259 0.179977
v -0.503851 0.281347 0.163708
v -0.575393 0.382259 0.091077
v -0.582793 0.382259 0.000000
v -0.530127 0.281347 0.000000
v -0.523396 0.281347 0.082847
v -0.277748 0.058700 0.277690
v -0.304262 0.115625 0.304195
v -0.230801 0.058700 0.317667
v -0.252828 0.115625 0.347991
v -0.337718 0.191158 0.337642
v -0.280631 0.191158 0.386250
v -0.178268 0.058700 0.349968
v -0.121420 0.058700 0.373685
v -0.133011 0.115625 0.409356
v -0.195292 0.115625 0.383376
v -0.147629 0.191158 0.454364
v -0.216765 0.191158 0.425520
v -0.180092 0.382259 0.554273
v -0.264428 0.382259 0.519089
v -0.240530 0.281347 0.472181
v -0.163813 0.281347 0.504176
v -0.342339 0.382259 0.471178
v -0.311394 0.281347 0.428595
v -0.411972 0.382259 0.411886
v -0.374735 0.281347 0.374668
v -0.061479 0.058700 0.387911
v -0.067351 0.115625 0.424947
v 0.000000 0.058700 0.392656
v 0.000000 0.115625 0.430141
v -0.074750 0.191158 0.471665
v 0.000000 0.191158 0.477432
v 0.061479 0.058700 0.387911
v 0.121420 0.058700 0.373685
v 0.133011 0.115625 0.409356
v 0.067351 0.115625 0.424947
v 0.147629 0.191158 0.454364
v 0.074750 0.191158 0.471665
v 0.180092 0.382259 0.554273
v 0.091192 0.382259 0.575374
v 0.082952 0.281347 0.523376
v 0.163813 0.281347 0.504176
v 0.000000 0.382259 0.582411
v 0.000000 0.281347 0.529774
v -0.091192 0.382259 0.575374
v -0.082952 0.281347 0.523376
v 0.178268 0.058700 0.349968
v 0.195292 0.115625 0.383376
v 0.230801 0.058700 0.317667
v 0.252828 0.115625 0.347991
v 0.216765 0.191158 0.425520
v 0.280631 0.191158 0.386250
v 0.277748 0.058700 0.277690
v 0.317877 0.058700 0.230954
v 0.348221 0.115625 0.252990
v 0.304262 0.115625 0.304195
v 0.386498 0.191158 0.280813
v 0.337718 0.191158 0.337642
v 0.471493 0.382259 0.342559
v 0.411972 0.382259 0.411886
v 0.374735 0.281347 0.374668
v 0.428881 0.281347 0.311595
v 0.342339 0.382259 0.471178
v 0.311394 0.281347 0.428595
v 0.264428 0.382259 0.519089
v 0.240530 0.281347 0.472181
v 0.349930 0.058700 0.178345
v 0.383338 0.115625 0.195369
v 0.373437 0.058700 0.121334
v 0.409088 0.115625 0.132916
v 0.425482 0.191158 0.216842
v 0.454068 0.191158 0.147534
v 0.387930 0.058700 0.061402
v 0.392914 0.058700 0.000000
v 0.430418 0.115625 0.000000
v 0.424957 0.115625 0.067265
v 0.477747 0.191158 0.000000
v 0.471675 0.191158 0.074655
v 0.582793 0.382259 0.000000
v 0.575393 0.382259 0.091077
v 0.523396 0.281347 0.082847
v 0.530127 0.281347 0.000000
v 0.553911 0.382259 0.179977
v 0.503851 0.281347 0.163708
v 0.519042 0.382259 0.264524
v 0.472123 0.281347 0.240616
v 0.387930 0.058700 -0.061402
v 0.424957 0.115625 -0.067265
v 0.373437 0.058700 -0.121334
v 0.409088 0.115625 -0.132916
v 0.471675 0.191158 -0.074655
v 0.454068 0.191158 -0.147534
v 0.349930 0.058700 -0.178345
v 0.317877 0.058700 -0.230954
v 0.348221 0.115625 -0.252990
v 0.383338 0.115625 -0.195369
v 0.386498 0.191158 -0.280813
v 0.425482 0.191158 -0.216842
v 0.471493 0.382259 -0.342559
v 0.519042 0.382259 -0.264524
v 0.472123 0.281347 -0.240616
v 0.428881 0.281347 -0.311595
v 0.553911 0.382259 -0.179977
v 0.503851 0.281347 -0.163708
v 0.575393 0.382259 -0.091077
v 0.523396 0.281347 -0.082847
v 0.277748 0.058700 -0.277690
v 0.304262 0.115625 -0.304195
v 0.230801 0.058700 -0.317667
v 0.252828 0.115625 -0.347991
v 0.337718 0.191158 -0.337642
v 0.280631 0.191158 -0.386250
v 0.178268 0.058700 -0.349968
v 0.121420 0.058700 -0.373685
v 0.133011 0.115625 -0.409356
v 0.195292 0.115625 -0.383376
v 0.147629 0.191158 -0.454364
v 0.216765 0.191158 -0.425520
v 0.180092 0.382259 -0.554273
v 0.264428 0.382259 -0.519089
v 0.240530 0.281347 -0.472181
v 0.163813 0.281347 -0.504176
v 0.342339 0.382259 -0.471178
v 0.311394 0.281347 -0.428595
v 0.411972 0.382259 -0.411895
v 0.374735 0.281347 -0.374668
v 0.061479 0.058700 -0.387911
v 0.067351 0.115625 -0.424947
v 0.000000 0.058700 -0.392656
v 0.000000 0.115625 -0.430141
v 0.074750 0.191158 -0.471665
v 0.000000 0.191158 -0.477432
v -0.061479 0.058700 -0.387911
v -0.121420 0.058700 -0.373685
v -0.133011 0.115625 -0.409356
v -0.067351 0.115625 -0.424947
v -0.147629 0.191158 -0.454364
v -0.074750 0.191158 -0.471665
v -0.180092 0.382259 -0.554273
v -0.091192 0.382259 -0.575374
v -0.082952 0.281347 -0.523376
v -0.163813 0.281347 -0.504176
v 0.000000 0.382259 -0.582411
v 0.000000 0.281347 -0.529774
v 0.091192 0.382259 -0.575374
v 0.082952 0.281347 -0.523376
v -0.178268 0.058700 -0.349968
v -0.195292 0.115625 -0.383376
v -0.230801 0.058700 -0.317667
v -0.252828 0.115625 -0.347991
v -0.216765 0.191158 -0.425520
v -0.280631 0.191158 -0.386250
v -0.277748 0.058700 -0.277690
v -0.317877 0.058700 -0.230954
v -0.348221 0.115625 -0.252990
v -0.304262 0.115625 -0.304195
v -0.386498 0.191158 -0.280813
v -0.337718 0.191158 -0.337642
v -0.471493 0.382259 -0.342559
v -0.411972 0.382259 -0.411886
v -0.374735 0.281347 -0.374668
v -0.428881 0.281347 -0.311595
v -0.342339 0.382259 -0.471178
v -0.311394 0.281347 -0.428595
v -0.264428 0.382259 -0.519089
v -0.240530 0.281347 -0.472181
v -0.349930 0.058700 -0.178345
v -0.383338 0.115625 -0.195369
v -0.373437 0.058700 -0.121334
v -0.409088 0.115625 -0.132916
v -0.425482 0.191158 -0.216842
v -0.454068 0.191158 -0.147534
v -0.387930 0.058700 -0.061402
v -0.424957 0.115625 -0.067265
v -0.471675 0.191158 -0.074655
v -0.575393 0.382259 -0.091077
v -0.523396 0.281347 -0.082847
v -0.553911 0.382259 -0.179977
v -0.503851 0.281347 -0.163708
v -0.519042 0.382259 -0.264524
v -0.472133 0.281347 -0.240616
v -0.510487 0.489949 0.370887
v -0.561969 0.489949 0.286408
v -0.544735 0.600561 0.395769
v -0.599664 0.600561 0.305618
v -0.599721 0.489949 0.194863
v -0.639956 0.600561 0.207934
v -0.573083 0.710257 0.416364
v -0.594403 0.815160 0.431860
v -0.654345 0.815160 0.333488
v -0.630876 0.710257 0.321525
v -0.698303 0.815160 0.226896
v -0.673259 0.710257 0.218751
v -0.734719 0.815160 0.000000
v -0.708367 0.710257 0.000000
v -0.699372 0.710257 0.110698
v -0.725390 0.815160 0.114813
v -0.673326 0.600561 0.000000
v -0.664781 0.600561 0.105227
v -0.631000 0.489949 0.000000
v -0.622989 0.489949 0.098610
v -0.194987 0.489949 0.600113
v -0.286293 0.489949 0.562026
v -0.208067 0.600561 0.640367
v -0.305503 0.600561 0.599721
v -0.370649 0.489949 0.510153
v -0.395511 0.600561 0.544372
v -0.218895 0.710257 0.673698
v -0.227039 0.815160 0.698761
v -0.333355 0.815160 0.654411
v -0.321401 0.710257 0.630933
v -0.431574 0.815160 0.594012
v -0.416096 0.710257 0.572710
v -0.500738 0.710257 0.500643
v -0.519366 0.815160 0.519261
v -0.475971 0.600561 0.475876
v -0.446048 0.489949 0.445962
v 0.194987 0.489949 0.600113
v 0.098735 0.489949 0.622970
v 0.208067 0.600561 0.640367
v 0.105351 0.600561 0.664752
v 0.000000 0.489949 0.630590
v 0.000000 0.600561 0.672887
v 0.218895 0.710257 0.673698
v 0.227039 0.815160 0.698761
v 0.114966 0.815160 0.725371
v 0.110841 0.710257 0.699353
v 0.000000 0.815160 0.734241
v 0.000000 0.710257 0.707908
v -0.110841 0.710257 0.699353
v -0.114966 0.815160 0.725371
v -0.105351 0.600561 0.664752
v -0.098735 0.489949 0.622970
v 0.510487 0.489949 0.370887
v 0.446048 0.489949 0.445962
v 0.544735 0.600561 0.395769
v 0.475971 0.600561 0.475876
v 0.370649 0.489949 0.510153
v 0.395511 0.600561 0.544372
v 0.573083 0.710257 0.416364
v 0.594403 0.815160 0.431860
v 0.519366 0.815160 0.519261
v 0.500738 0.710257 0.500643
v 0.431574 0.815160 0.594012
v 0.416096 0.710257 0.572710
v 0.321401 0.710257 0.630933
v 0.333355 0.815160 0.654411
v 0.305503 0.600561 0.599721
v 0.286293 0.489949 0.562026
v 0.631000 0.489949 0.000000
v 0.622989 0.489949 0.098610
v 0.673326 0.600561 0.000000
v 0.664781 0.600561 0.105218
v 0.599721 0.489949 0.194863
v 0.639956 0.600561 0.207934
v 0.708367 0.710257 0.000000
v 0.734719 0.815160 0.000000
v 0.725390 0.815160 0.114813
v 0.699372 0.710257 0.110698
v 0.698303 0.815160 0.226896
v 0.673259 0.710257 0.218751
v 0.630876 0.710257 0.321525
v 0.654345 0.815160 0.333488
v 0.599664 0.600561 0.305618
v 0.561969 0.489949 0.286408
v 0.510487 0.489949 -0.370887
v 0.561969 0.489949 -0.286408
v 0.544735 0.600561 -0.395769
v 0.599664 0.600561 -0.305618
v 0.599721 0.489949 -0.194863
v 0.639956 0.600561 -0.207934
v 0.573083 0.710257 -0.416364
v 0.594403 0.815160 -0.431860
v 0.654345 0.815160 -0.333488
v 0.630876 0.710257 -0.321525
v 0.698303 0.815160 -0.226896
v 0.673259 0.710257 -0.218751
v 0.699372 0.710257 -0.110698
v 0.725390 0.815160 -0.114813
v 0.664781 0.600561 -0.105227
v 0.622989 0.489949 -0.098610
v 0.194987 0.489949 -0.600113
v 0.286293 0.489949 -0.562026
v 0.208067 0.600561 -0.640367
v 0.305503 0.600561 -0.599721
v 0.370649 0.489949 -0.510153
v 0.395511 0.600561 -0.544372
v 0.218895 0.710257 -0.673698
v 0.227039 0.815160 -0.698761
v 0.333355 0.815160 -0.654411
v 0.321401 0.710257 -0.630933
v 0.431574 0.815160 -0.594012
v 0.416096 0.710257 -0.572710
v 0.500738 0.710257 -0.500643
v 0.519366 0.815160 -0.519261
v 0.475971 0.600561 -0.475876
v 0.446048 0.489949 -0.445962
v -0.194987 0.489949 -0.600113
v -0.098735 0.489949 -0.622970
v -0.208067 0.600561 -0.640367
v -0.105351 0.600561 -0.664752
v 0.000000 0.489949 -0.630590
v 0.000000 0.600561 -0.672887
v -0.218895 0.710257 -0.673698
v -0.227039 0.815160 -0.698761
v -0.114966 0.815160 -0.725371
v -0.110841 0.710257 -0.699353
v 0.000000 0.815160 -0.734241
v 0.000000 0.710257 -0.707908
v 0.110841 0.710257 -0.699353
v 0.114966 0.815160 -0.725371
v 0.105351 0.600561 -0.664752
v 0.098735 0.489949 -0.622970
v -0.510487 0.489949 -0.370887
v -0.446048 0.489949 -0.445962
v -0.544735 0.600561 -0.395769
v -0.475971 0.600561 -0.475876
v -0.370649 0.489949 -0.510153
v -0.395511 0.600561 -0.544372
v -0.573083 0.710257 -0.416364
v -0.594403 0.815160 -0.431860
v -0.519366 0.815160 -0.519261
v -0.500738 0.710257 -0.500643
v -0.431574 0.815160 -0.594012
v -0.416096 0.710257 -0.572710
v -0.321401 0.710257 -0.630933
v -0.333355 0.815160 -0.654411
v -0.305503 0.600561 -0.599721
v -0.286293 0.489949 -0.562026
v -0.622989 0.489949 -0.098610
v -0.664781 0.600561 -0.105218
v -0.599721 0.489949 -0.194863
v -0.639956 0.600561 -0.207934
v -0.725390 0.815160 -0.114813
v -0.699372 0.710257 -0.110698
v -0.698303 0.815160 -0.226896
v -0.673259 0.710257 -0.218751
v -0.630876 0.710257 -0.321525
v -0.654345 0.815160 -0.333488
v -0.599664 0.600561 -0.305618
v -0.561969 0.489949 -0.286408
v -0.607551 0.911431 0.441408
v -0.668819 0.911431 0.340869
v -0.612296 0.999443 0.444864
v -0.674042 0.999443 0.343523
v -0.713752 0.911431 0.231908
v -0.719328 0.999443 0.233722
v -0.608410 1.079579 0.442038
v -0.595644 1.152228 0.432767
v -0.655720 1.152228 0.334185
v -0.669765 1.079579 0.341346
v -0.699773 1.152228 0.227373
v -0.714764 1.079579 0.232243
v -0.736265 1.152228 0.000000
v -0.752039 1.079579 0.000000
v -0.742491 1.079579 0.117525
v -0.726918 1.152228 0.115061
v -0.756841 0.999443 0.000000
v -0.747236 0.999443 0.118270
v -0.750979 0.911431 0.000000
v -0.741440 0.911431 0.117353
v -0.232061 0.911431 0.714219
v -0.340735 0.911431 0.668886
v -0.233875 0.999443 0.719795
v -0.343389 0.999443 0.674109
v -0.441121 0.911431 0.607159
v -0.444568 0.999443 0.611895
v -0.232395 1.079579 0.715222
v -0.227516 1.152228 0.700232
v -0.334052 1.152228 0.655786
v -0.341212 1.079579 0.669831
v -0.432481 1.152228 0.595262
v -0.441742 1.079579 0.608009
v -0.531607 1.079579 0.531502
v -0.520455 1.152228 0.520350
v -0.535006 0.999443 0.534901
v -0.530862 0.911431 0.530747
v 0.232061 0.911431 0.714219
v 0.117506 0.911431 0.741421
v 0.233875 0.999443 0.719795
v 0.118422 0.999443 0.747207
v 0.000000 0.911431 0.750482
v 0.000000 0.999443 0.756345
v 0.232395 1.079579 0.715222
v 0.227516 1.152228 0.700232
v 0.115205 1.152228 0.726889
v 0.117668 1.079579 0.742462
v 0.000000 1.152228 0.735779
v 0.000000 1.079579 0.751542
v -0.117668 1.079579 0.742462
v -0.115205 1.152228 0.726889
v -0.118422 0.999443 0.747207
v -0.117506 0.911431 0.741421
v 0.607551 0.911431 0.441408
v 0.530862 0.911431 0.530747
v 0.612296 0.999443 0.444864
v 0.535006 0.999443 0.534901
v 0.441121 0.911431 0.607159
v 0.444568 0.999443 0.611895
v 0.608410 1.079579 0.442038
v 0.595644 1.152228 0.432767
v 0.520455 1.152228 0.520350
v 0.531607 1.079579 0.531502
v 0.432481 1.152228 0.595262
v 0.441742 1.079579 0.608009
v 0.341212 1.079579 0.669831
v 0.334052 1.152228 0.655786
v 0.343389 0.999443 0.674109
v 0.340735 0.911431 0.668886
v 0.750979 0.911431 0.000000
v 0.741440 0.911431 0.117353
v 0.756841 0.999443 0.000000
v 0.747236 0.999443 0.118270
v 0.713752 0.911431 0.231908
v 0.719328 0.999443 0.233722
v 0.752039 1.079579 0.000000
v 0.736265 1.152228 0.000000
v 0.726918 1.152228 0.115061
v 0.742491 1.079579 0.117525
v 0.699773 1.152228 0.227373
v 0.714764 1.079579 0.232243
v 0.669765 1.079579 0.341346
v 0.655720 1.152228 0.334185
v 0.674042 0.999443 0.343523
v 0.668819 0.911431 0.340869
v 0.607551 0.911431 -0.441408
v 0.668819 0.911431 -0.340869
v 0.612296 0.999443 -0.444864
v 0.674042 0.999443 -0.343523
v 0.713752 0.911431 -0.231908
v 0.719328 0.999443 -0.233722
v 0.608410 1.079579 -0.442038
v 0.595644 1.152228 -0.432767
v 0.655720 1.152228 -0.334185
v 0.669765 1.079579 -0.341346
v 0.699773 1.152228 -0.227373
v 0.714764 1.079579 -0.232243
v 0.742491 1.079579 -0.117525
v 0.726918 1.152228 -0.115061
v 0.747236 0.999443 -0.118270
v 0.741440 0.911431 -0.117353
v 0.232061 0.911431 -0.714219
v 0.340735 0.911431 -0.668886
v 0.233875 0.999443 -0.719795
v 0.343389 0.999443 -0.674109
v 0.441121 0.911431 -0.607159
v 0.444568 0.999443 -0.611895
v 0.232395 1.079579 -0.715222
v 0.227516 1.152228 -0.700232
v 0.334052 1.152228 -0.655786
v 0.341212 1.079579 -0.669831
v 0.432481 1.152228 -0.595262
v 0.441742 1.079579 -0.608009
v 0.531607 1.079579 -0.531502
v 0.520455 1.152228 -0.520359
v 0.535006 0.999443 -0.534901
v 0.530862 0.911431 -0.530747
v -0.232061 0.911431 -0.714219
v -0.117506 0.911431 -0.741421
v -0.233875 0.999443 -0.719795
v -0.118422 0.999443 -0.747207
v 0.000000 0.911431 -0.750482
v 0.000000 0.999443 -0.756345
v -0.232395 1.079579 -0.715222
v -0.227516 1.152228 -0.700232
v -0.115205 1.152228 -0.726889
v -0.117668 1.079579 -0.742462
v 0.000000 1.152228 -0.735779
v 0.000000 1.079579 -0.751542
v 0.117668 1.079579 -0.742462
v 0.115205 1.152228 -0.726889
v 0.118422 0.999443 -0.747207
v 0.117506 0.911431 -0.741421
v -0.607551 0.911431 -0.441408
v -0.530862 0.911431 -0.530747
v -0.612296 0.999443 -0.444864
v -0.535006 0.999443 -0.534901
v -0.441121 0.911431 -0.607150
v -0.444568 0.999443 -0.611895
v -0.608410 1.079579 -0.442038
v -0.595644 1.152228 -0.432767
v -0.520455 1.152228 -0.520350
v -0.531607 1.079579 -0.531502
v -0.432481 1.152228 -0.595262
v -0.441742 1.079579 -0.608009
v -0.341212 1.079579 -0.669831
v -0.334052 1.152228 -0.655786
v -0.343389 0.999443 -0.674109
v -0.340735 0.911431 -0.668886
v -0.741440 0.911431 -0.117353
v -0.747236 0.999443 -0.118270
v -0.713752 0.911431 -0.231908
v -0.719328 0.999443 -0.233722
v -0.726918 1.152228 -0.115061
v -0.742491 1.079579 -0.117525
v -0.699773 1.152228 -0.227373
v -0.714764 1.079579 -0.232243
v -0.669765 1.079579 -0.341346
v -0.655720 1.152228 -0.334185
v -0.674042 0.999443 -0.343523
v -0.668819 0.911431 -0.340869
v -0.573789 1.217765 0.416879
v -0.631649 1.217765 0.321916
v -0.543885 1.276952 0.395158
v -0.598728 1.276952 0.305141
v -0.674090 1.217765 0.219028
v -0.638954 1.276952 0.207609
v -0.507011 1.330544 0.368367
v -0.464218 1.379315 0.337279
v -0.511031 1.379315 0.260447
v -0.558140 1.330544 0.284450
v -0.545365 1.379315 0.177199
v -0.595635 1.330544 0.193535
v -0.573808 1.379315 0.000000
v -0.626694 1.330544 0.000000
v -0.618741 1.330544 0.097933
v -0.566523 1.379315 0.089674
v -0.672276 1.276952 0.000000
v -0.663749 1.276952 0.105055
v -0.709235 1.217765 0.000000
v -0.700232 1.217765 0.110832
v -0.219172 1.217765 0.674529
v -0.321792 1.217765 0.631716
v -0.207743 1.276952 0.639374
v -0.305026 1.276952 0.598795
v -0.416612 1.217765 0.573407
v -0.394900 1.276952 0.543532
v -0.193660 1.330544 0.596026
v -0.177314 1.379315 0.545718
v -0.260342 1.379315 0.511088
v -0.284345 1.330544 0.558198
v -0.337059 1.379315 0.463912
v -0.368118 1.330544 0.506677
v -0.443002 1.330544 0.442916
v -0.405622 1.379315 0.405537
v -0.475227 1.276952 0.475131
v -0.501359 1.217765 0.501254
v 0.219172 1.217765 0.674529
v 0.110975 1.217765 0.700213
v 0.207743 1.276952 0.639374
v 0.105189 1.276952 0.663721
v 0.000000 1.217765 0.708777
v 0.000000 1.276952 0.671836
v 0.193660 1.330544 0.596026
v 0.177314 1.379315 0.545718
v 0.089779 1.379315 0.566504
v 0.098057 1.330544 0.618722
v 0.000000 1.379315 0.573426
v 0.000000 1.330544 0.626283
v -0.098057 1.330544 0.618722
v -0.089779 1.379315 0.566504
v -0.105189 1.276952 0.663721
v -0.110975 1.217765 0.700213
v 0.573789 1.217765 0.416879
v 0.501359 1.217765 0.501254
v 0.543885 1.276952 0.395158
v 0.475227 1.276952 0.475131
v 0.416612 1.217765 0.573407
v 0.394900 1.276952 0.543532
v 0.507011 1.330544 0.368367
v 0.464218 1.379315 0.337279
v 0.405622 1.379315 0.405537
v 0.443002 1.330544 0.442916
v 0.337059 1.379315 0.463912
v 0.368118 1.330544 0.506677
v 0.284345 1.330544 0.558198
v 0.260342 1.379315 0.511088
v 0.305026 1.276952 0.598795
v 0.321792 1.217765 0.631716
v 0.709235 1.217765 0.000000
v 0.700232 1.217765 0.110832
v 0.672276 1.276952 0.000000
v 0.663749 1.276952 0.105055
v 0.674090 1.217765 0.219028
v 0.638954 1.276952 0.207609
v 0.626694 1.330544 0.000000
v 0.573808 1.379315 0.000000
v 0.566523 1.379315 0.089674
v 0.618741 1.330544 0.097933
v 0.545365 1.379315 0.177199
v 0.595635 1.330544 0.193535
v 0.558140 1.330544 0.284450
v 0.511031 1.379315 0.260447
v 0.598728 1.276952 0.305141
v 0.631649 1.217765 0.321916
v 0.573789 1.217765 -0.416879
v 0.631649 1.217765 -0.321926
v 0.543885 1.276952 -0.395158
v 0.598728 1.276952 -0.305141
v 0.674090 1.217765 -0.219028
v 0.638954 1.276952 -0.207609
v 0.507011 1.330544 -0.368367
v 0.464218 1.379315 -0.337279
v 0.511031 1.379315 -0.260447
v 0.558140 1.330544 -0.284450
v 0.545365 1.379315 -0.177199
v 0.595635 1.330544 -0.193535
v 0.618741 1.330544 -0.097933
v 0.566523 1.379315 -0.089674
v 0.663749 1.276952 -0.105055
v 0.700232 1.217765 -0.110832
v 0.219172 1.217765 -0.674529
v 0.321792 1.217765 -0.631716
v 0.207743 1.276952 -0.639374
v 0.305026 1.276952 -0.598795
v 0.416612 1.217765 -0.573417
v 0.394900 1.276952 -0.543532
v 0.193660 1.330544 -0.596026
v 0.177314 1.379315 -0.545718
v 0.260342 1.379315 -0.511088
v 0.284345 1.330544 -0.558198
v 0.337050 1.379315 -0.463912
v 0.368118 1.330544 -0.506677
v 0.443002 1.330544 -0.442916
v 0.405622 1.379315 -0.405537
v 0.475227 1.276952 -0.475131
v 0.501359 1.217765 -0.501254
v -0.219172 1.217765 -0.674529
v -0.110975 1.217765 -0.700213
v -0.207743 1.276952 -0.639374
v -0.105189 1.276952 -0.663721
v 0.000000 1.217765 -0.708777
v 0.000000 1.276952 -0.671836
v -0.193660 1.330544 -0.596026
v -0.177314 1.379315 -0.545718
v -0.089779 1.379315 -0.566504
v -0.098057 1.330544 -0.618722
v 0.000000 1.379315 -0.573426
v 0.000000 1.330544 -0.626283
v 0.098057 1.330544 -0.618722
v 0.089779 1.379315 -0.566504
v 0.105189 1.276952 -0.663721
v 0.110975 1.217765 -0.700213
v -0.573789 1.217765 -0.416879
v -0.501359 1.217765 -0.501254
v -0.543885 1.276952 -0.395158
v -0.475227 1.276952 -0.475131
v -0.416612 1.217765 -0.573407
v -0.394900 1.276952 -0.543532
v -0.507011 1.330544 -0.368367
v -0.464218 1.379315 -0.337279
v -0.405622 1.379315 -0.405537
v -0.443002 1.330544 -0.442916
v -0.337059 1.379315 -0.463912
v -0.368118 1.330544 -0.506677
v -0.284345 1.330544 -0.558198
v -0.260342 1.379315 -0.511088
v -0.305026 1.276952 -0.598795
v -0.321792 1.217765 -0.631716
v -0.700232 1.217765 -0.110832
v -0.663749 1.276952 -0.105055
v -0.674090 1.217765 -0.219028
v -0.638954 1.276952 -0.207609
v -0.566523 1.379315 -0.089674
v -0.618741 1.330544 -0.097933
v -0.545365 1.379315 -0.177199
v -0.595635 1.330544 -0.193535
v -0.558140 1.330544 -0.284450
v -0.511031 1.379315 -0.260447
v -0.598728 1.276952 -0.305141
v -0.631649 1.217765 -0.321916
v -0.278626 1.555340 0.202434
v -0.245638 1.605380 0.178459
v -0.270405 1.605380 0.137814
v -0.306716 1.555340 0.156318
v -0.220260 1.661264 0.160032
v -0.242468 1.661264 0.123578
v -0.288575 1.605380 0.093760
v -0.327330 1.555340 0.106354
v -0.258757 1.661264 0.084079
v -0.201346 1.724261 0.146283
v -0.187730 1.795631 0.136391
v -0.206664 1.795631 0.105323
v -0.221644 1.724261 0.112961
v -0.220546 1.795631 0.071657
v -0.236539 1.724261 0.076860
v -0.232052 1.795631 0.000000
v -0.248875 1.724261 0.000000
v -0.245715 1.724261 0.038889
v -0.229101 1.795631 0.036263
v -0.272258 1.661264 0.000000
v -0.268801 1.661264 0.042545
v -0.303623 1.605380 0.000000
v -0.344392 1.555340 0.000000
v -0.340029 1.555340 0.053821
v -0.299765 1.605380 0.047443
v -0.106421 1.555340 0.327540
v -0.093827 1.605380 0.288756
v -0.137757 1.605380 0.270434
v -0.156261 1.555340 0.306754
v -0.084136 1.661264 0.258929
v -0.123530 1.661264 0.242497
v -0.178345 1.605380 0.245476
v -0.202300 1.555340 0.278445
v -0.159927 1.661264 0.220117
v -0.076908 1.724261 0.236692
v -0.071705 1.795631 0.220690
v -0.105284 1.795631 0.206683
v -0.112923 1.724261 0.221673
v -0.136305 1.795631 0.187606
v -0.146188 1.724261 0.201212
v -0.175929 1.724261 0.175891
v -0.164033 1.795631 0.164004
v -0.192457 1.661264 0.192418
v -0.243452 1.555340 0.243404
v -0.214627 1.605380 0.214589
v 0.106421 1.555340 0.327540
v 0.093827 1.605380 0.288756
v 0.047510 1.605380 0.299756
v 0.053888 1.555340 0.340009
v 0.084136 1.661264 0.258929
v 0.042603 1.661264 0.268792
v 0.000000 1.605380 0.303422
v 0.000000 1.555340 0.344172
v 0.000000 1.661264 0.272076
v 0.076908 1.724261 0.236692
v 0.071705 1.795631 0.220690
v 0.036311 1.795631 0.229092
v 0.038946 1.724261 0.245705
v 0.000000 1.795631 0.231899
v 0.000000 1.724261 0.248713
v -0.038946 1.724261 0.245705
v -0.036311 1.795631 0.229092
v -0.042603 1.661264 0.268792
v -0.053888 1.555340 0.340009
v -0.047510 1.605380 0.299756
v 0.278626 1.555340 0.202434
v 0.245638 1.605380 0.178459
v 0.214627 1.605380 0.214589
v 0.243452 1.555340 0.243404
v 0.220260 1.661264 0.160032
v 0.192457 1.661264 0.192418
v 0.178345 1.605380 0.245476
v 0.202300 1.555340 0.278445
v 0.159927 1.661264 0.220117
v 0.201346 1.724261 0.146283
v 0.187730 1.795631 0.136391
v 0.164033 1.795631 0.164004
v 0.175929 1.724261 0.175891
v 0.136305 1.795631 0.187606
v 0.146188 1.724261 0.201212
v 0.112923 1.724261 0.221673
v 0.105284 1.795631 0.206683
v 0.123530 1.661264 0.242497
v 0.156261 1.555340 0.306754
v 0.137757 1.605380 0.270434
v 0.344392 1.555340 0.000000
v 0.303623 1.605380 0.000000
v 0.299765 1.605380 0.047443
v 0.340029 1.555340 0.053821
v 0.272258 1.661264 0.000000
v 0.268801 1.661264 0.042545
v 0.288575 1.605380 0.093760
v 0.327330 1.555340 0.106354
v 0.258757 1.661264 0.084079
v 0.248875 1.724261 0.000000
v 0.232052 1.795631 0.000000
v 0.229101 1.795631 0.036263
v 0.245715 1.724261 0.038889
v 0.220546 1.795631 0.071657
v 0.236539 1.724261 0.076860
v 0.221644 1.724261 0.112961
v 0.206664 1.795631 0.105323
v 0.242468 1.661264 0.123578
v 0.306716 1.555340 0.156318
v 0.270405 1.605380 0.137814
v 0.278626 1.555340 -0.202434
v 0.245638 1.605380 -0.178459
v 0.270405 1.605380 -0.137814
v 0.306716 1.555340 -0.156318
v 0.220260 1.661264 -0.160032
v 0.242468 1.661264 -0.123578
v 0.288575 1.605380 -0.093760
v 0.327330 1.555340 -0.106354
v 0.258757 1.661264 -0.084079
v 0.201346 1.724261 -0.146283
v 0.187730 1.795631 -0.136391
v 0.206664 1.795631 -0.105323
v 0.221644 1.724261 -0.112961
v 0.220546 1.795631 -0.071657
v 0.236539 1.724261 -0.076860
v 0.245715 1.724261 -0.038889
v 0.229101 1.795631 -0.036263
v 0.268801 1.661264 -0.042545
v 0.340029 1.555340 -0.053821
v 0.299765 1.605380 -0.047443
v 0.106421 1.555340 -0.327540
v 0.093827 1.605380 -0.288756
v 0.137757 1.605380 -0.270434
v 0.156261 1.555340 -0.306754
v 0.084136 1.661264 -0.258929
v 0.123530 1.661264 -0.242497
v 0.178345 1.605380 -0.245476
v 0.202300 1.555340 -0.278445
v 0.159927 1.661264 -0.220117
v 0.076908 1.724261 -0.236692
v 0.071705 1.795631 -0.220690
v 0.105284 1.795631 -0.206683
v 0.112923 1.724261 -0.221673
v 0.136305 1.795631 -0.187606
v 0.146188 1.724261 -0.201212
v 0.175929 1.724261 -0.175891
v 0.164033 1.795631 -0.164004
v 0.192457 1.661264 -0.192418
v 0.243452 1.555340 -0.243404
v 0.214627 1.605380 -0.214589
v -0.106421 1.555340 -0.327540
v -0.093827 1.605380 -0.288756
v -0.047510 1.605380 -0.299756
v -0.053888 1.555340 -0.340009
v -0.084136 1.661264 -0.258929
v -0.042603 1.661264 -0.268792
v 0.000000 1.605380 -0.303422
v 0.000000 1.555340 -0.344172
v 0.000000 1.661264 -0.272076
v -0.076908 1.724261 -0.236692
v -0.071705 1.795631 -0.220690
v -0.036311 1.795631 -0.229092
v -0.038946 1.724261 -0.245705
v 0.000000 1.795631 -0.231899
v 0.000000 1.724261 -0.248713
v 0.038946 1.724261 -0.245705
v 0.036311 1.795631 -0.229092
v 0.042603 1.661264 -0.268792
v 0.053888 1.555340 -0.340009
v 0.047510 1.605380 -0.299756
v -0.278626 1.555340 -0.202434
v -0.245638 1.605380 -0.178459
v -0.214627 1.605380 -0.214589
v -0.243452 1.555340 -0.243404
v -0.220260 1.661264 -0.160032
v -0.192457 1.661264 -0.192418
v -0.178345 1.605380 -0.245476
v -0.202300 1.555340 -0.278445
v -0.159927 1.661264 -0.220117
v -0.201346 1.724261 -0.146283
v -0.187730 1.795631 -0.136391
v -0.164033 1.795631 -0.164004
v -0.175929 1.724261 -0.175891
v -0.136305 1.795631 -0.187606
v -0.146188 1.724261 -0.201212
v -0.112923 1.724261 -0.221673
v -0.105284 1.795631 -0.206683
v -0.123530 1.661264 -0.242497
v -0.156261 1.555340 -0.306754
v -0.137757 1.605380 -0.270434
v -0.299765 1.605380 -0.047443
v -0.340029 1.555340 -0.053821
v -0.268801 1.661264 -0.042545
v -0.288575 1.605380 -0.093760
v -0.327330 1.555340 -0.106354
v -0.258757 1.661264 -0.084079
v -0.229101 1.795631 -0.036263
v -0.245715 1.724261 -0.038889
v -0.220546 1.795631 -0.071657
v -0.236539 1.724261 -0.076860
v -0.221644 1.724261 -0.112961
v -0.206664 1.795631 -0.105323
v -0.242468 1.661264 -0.123578
v -0.306716 1.555340 -0.156318
v -0.270405 1.605380 -0.137814
v -0.169637 2.170547 0.123244
v -0.171633 2.283060 0.124695
v -0.188943 2.283060 0.096290
v -0.186747 2.170547 0.095173
v -0.174850 2.393051 0.127035
v -0.192485 2.393051 0.098095
v -0.201632 2.283060 0.065518
v -0.199293 2.170547 0.064754
v -0.205413 2.393051 0.066740
v -0.178402 2.491204 0.129622
v -0.181419 2.568169 0.131808
v -0.199722 2.568169 0.101790
v -0.196400 2.491204 0.100090
v -0.213137 2.568169 0.069251
v -0.209585 2.491204 0.068095
v -0.224251 2.568169 0.000000
v -0.220518 2.491204 0.000000
v -0.217720 2.491204 0.034458
v -0.221406 2.568169 0.035041
v -0.216126 2.393051 0.000000
v -0.213386 2.393051 0.033771
v -0.212154 2.283060 0.000000
v -0.209681 2.170547 0.000000
v -0.207017 2.170547 0.032768
v -0.209461 2.283060 0.033150
v -0.064792 2.170547 0.199417
v -0.065556 2.283060 0.201766
v -0.096252 2.283060 0.188962
v -0.095135 2.170547 0.186766
v -0.066787 2.393051 0.205547
v -0.098057 2.393051 0.192504
v -0.124619 2.283060 0.171518
v -0.123168 2.170547 0.169523
v -0.126949 2.393051 0.174736
v -0.068143 2.491204 0.209729
v -0.069298 2.568169 0.213280
v -0.101752 2.568169 0.199742
v -0.100052 2.491204 0.196419
v -0.131723 2.568169 0.181305
v -0.129536 2.491204 0.178288
v -0.155888 2.491204 0.155850
v -0.158523 2.568169 0.158495
v -0.152776 2.393051 0.152747
v -0.148221 2.170547 0.148193
v -0.149969 2.283060 0.149940
v 0.064792 2.170547 0.199417
v 0.065556 2.283060 0.201766
v 0.033198 2.283060 0.209452
v 0.032807 2.170547 0.207017
v 0.066787 2.393051 0.205547
v 0.033819 2.393051 0.213376
v 0.000000 2.283060 0.212011
v 0.000000 2.170547 0.209547
v 0.000000 2.393051 0.215983
v 0.068143 2.491204 0.209729
v 0.069298 2.568169 0.213280
v 0.035088 2.568169 0.221396
v 0.034506 2.491204 0.217711
v 0.000000 2.568169 0.224108
v 0.000000 2.491204 0.220375
v -0.034506 2.491204 0.217711
v -0.035088 2.568169 0.221396
v -0.033819 2.393051 0.213376
v -0.032807 2.170547 0.207017
v -0.033198 2.283060 0.209452
v 0.169637 2.170547 0.123244
v 0.171633 2.283060 0.124695
v 0.149969 2.283060 0.149940
v 0.148221 2.170547 0.148193
v 0.174850 2.393051 0.127035
v 0.152776 2.393051 0.152747
v 0.124619 2.283060 0.171518
v 0.123168 2.170547 0.169523
v 0.126949 2.393051 0.174736
v 0.178402 2.491204 0.129622
v 0.181419 2.568169 0.131808
v 0.158523 2.568169 0.158485
v 0.155888 2.491204 0.155850
v 0.131723 2.568169 0.181305
v 0.129536 2.491204 0.178288
v 0.100052 2.491204 0.196419
v 0.101752 2.568169 0.199742
v 0.098057 2.393051 0.192504
v 0.095135 2.170547 0.186766
v 0.096252 2.283060 0.188962
v 0.209681 2.170547 0.000000
v 0.212154 2.283060 0.000000
v 0.209461 2.283060 0.033150
v 0.207017 2.170547 0.032768
v 0.216126 2.393051 0.000000
v 0.213386 2.393051 0.033771
v 0.201632 2.283060 0.065518
v 0.199293 2.170547 0.064754
v 0.205413 2.393051 0.066740
v 0.220518 2.491204 0.000000
v 0.224251 2.568169 0.000000
v 0.221406 2.568169 0.035041
v 0.217720 2.491204 0.034458
v 0.213137 2.568169 0.069251
v 0.209585 2.491204 0.068095
v 0.196400 2.491204 0.100090
v 0.199722 2.568169 0.101790
v 0.192485 2.393051 0.098095
v 0.186747 2.170547 0.095173
v 0.188943 2.283060 0.096290
v 0.169637 2.170547 -0.123244
v 0.171633 2.283060 -0.124695
v 0.188943 2.283060 -0.096290
v 0.186747 2.170547 -0.095173
v 0.174850 2.393051 -0.127035
v 0.192485 2.393051 -0.098095
v 0.201632 2.283060 -0.065518
v 0.199293 2.170547 -0.064754
v 0.205413 2.393051 -0.066740
v 0.178402 2.491204 -0.129622
v 0.181419 2.568169 -0.131808
v 0.199722 2.568169 -0.101790
v 0.196400 2.491204 -0.100090
v 0.213137 2.568169 -0.069251
v 0.209585 2.491204 -0.068095
v 0.217720 2.491204 -0.034458
v 0.221406 2.568169 -0.035041
v 0.213386 2.393051 -0.033771
v 0.207017 2.170547 -0.032768
v 0.209461 2.283060 -0.033150
v 0.064792 2.170547 -0.199417
v 0.065556 2.283060 -0.201766
v 0.096252 2.283060 -0.188962
v 0.095135 2.170547 -0.186766
v 0.066787 2.393051 -0.205547
v 0.098057 2.393051 -0.192504
v 0.124619 2.283060 -0.171518
v 0.123168 2.170547 -0.169523
v 0.126949 2.393051 -0.174736
v 0.068143 2.491204 -0.209729
v 0.069298 2.568169 -0.213280
v 0.101752 2.568169 -0.199742
v 0.100052 2.491204 -0.196419
v 0.131723 2.568169 -0.181305
v 0.129536 2.491204 -0.178288
v 0.155888 2.491204 -0.155850
v 0.158523 2.568169 -0.158495
v 0.152776 2.393051 -0.152747
v 0.148221 2.170547 -0.148193
v 0.149969 2.283060 -0.149940
v -0.064792 2.170547 -0.199417
v -0.065556 2.283060 -0.201766
v -0.033198 2.283060 -0.209452
v -0.032807 2.170547 -0.207017
v -0.066787 2.393051 -0.205547
v -0.033819 2.393051 -0.213376
v 0.000000 2.283060 -0.212011
v 0.000000 2.170547 -0.209547
v 0.000000 2.393051 -0.215983
v -0.068143 2.491204 -0.209729
v -0.069298 2.568169 -0.213280
v -0.035088 2.568169 -0.221396
v -0.034506 2.491204 -0.217711
v 0.000000 2.568169 -0.224108
v 0.000000 2.491204 -0.220375
v 0.034506 2.491204 -0.217711
v 0.035088 2.568169 -0.221396
v 0.033819 2.393051 -0.213376
v 0.032807 2.170547 -0.207017
v 0.033198 2.283060 -0.209452
v -0.169637 2.170547 -0.123244
v -0.171633 2.283060 -0.124695
v -0.149969 2.283060 -0.149940
v -0.148221 2.170547 -0.148193
v -0.174850 2.393051 -0.127035
v -0.152776 2.393051 -0.152747
v -0.124619 2.283060 -0.171518
v -0.123168 2.170547 -0.169523
v -0.126949 2.393051 -0.174736
v -0.178402 2.491204 -0.129622
v -0.181419 2.568169 -0.131808
v -0.158523 2.568169 -0.158485
v -0.155888 2.491204 -0.155850
v -0.131723 2.568169 -0.181305
v -0.129536 2.491204 -0.178288
v -0.100052 2.491204 -0.196419
v -0.101752 2.568169 -0.199742
v -0.098057 2.393051 -0.192504
v -0.095135 2.170547 -0.186766
v -0.096252 2.283060 -0.188962
v -0.209461 2.283060 -0.033150
v -0.207017 2.170547 -0.032768
v -0.213386 2.393051 -0.033771
v -0.201632 2.283060 -0.065518
v -0.199293 2.170547 -0.064754
v -0.205413 2.393051 -0.066740
v -0.221406 2.568169 -0.035041
v -0.217720 2.491204 -0.034458
v -0.213137 2.568169 -0.069251
v -0.209585 2.491204 -0.068095
v -0.196400 2.491204 -0.100090
v -0.199722 2.568169 -0.101790
v -0.192485 2.393051 -0.098095
v -0.186747 2.170547 -0.095173
v -0.188943 2.283060 -0.096290
v -0.416583 1.424018 0.302668
v -0.458594 1.424018 0.233722
v -0.367498 1.466821 0.267006
v -0.404563 1.466821 0.206186
v -0.489405 1.424018 0.159020
v -0.431736 1.466821 0.140277
v -0.320379 1.509873 0.232768
v -0.352689 1.509873 0.179748
v -0.376387 1.509873 0.122299
v -0.396008 1.509873 0.000000
v -0.390986 1.509873 0.061889
v -0.454259 1.466821 0.000000
v -0.448492 1.466821 0.070988
v -0.514927 1.424018 0.000000
v -0.508386 1.424018 0.080470
v -0.159115 1.424018 0.489720
v -0.233627 1.424018 0.458642
v -0.140373 1.466821 0.432022
v -0.206100 1.466821 0.404601
v -0.302467 1.424018 0.416307
v -0.266835 1.466821 0.367259
v -0.122375 1.509873 0.376626
v -0.179681 1.509873 0.352727
v -0.232615 1.509873 0.320169
v -0.279934 1.509873 0.279877
v -0.321114 1.466821 0.321047
v -0.363994 1.424018 0.363927
v 0.159115 1.424018 0.489720
v 0.080575 1.424018 0.508367
v 0.140373 1.466821 0.432022
v 0.071074 1.466821 0.448473
v 0.000000 1.424018 0.514583
v 0.000000 1.466821 0.453963
v 0.122375 1.509873 0.376626
v 0.061966 1.509873 0.390966
v 0.000000 1.509873 0.395750
v -0.061966 1.509873 0.390966
v -0.071074 1.466821 0.448473
v -0.080575 1.424018 0.508367
v 0.416583 1.424018 0.302668
v 0.363994 1.424018 0.363927
v 0.367498 1.466821 0.267006
v 0.321114 1.466821 0.321047
v 0.302467 1.424018 0.416307
v 0.266835 1.466821 0.367259
v 0.320379 1.509873 0.232768
v 0.279934 1.509873 0.279877
v 0.232615 1.509873 0.320169
v 0.179681 1.509873 0.352727
v 0.206100 1.466821 0.404601
v 0.233627 1.424018 0.458642
v 0.514927 1.424018 0.000000
v 0.508386 1.424018 0.080470
v 0.454259 1.466821 0.000000
v 0.448492 1.466821 0.070988
v 0.489405 1.424018 0.159020
v 0.431736 1.466821 0.140277
v 0.396008 1.509873 0.000000
v 0.390986 1.509873 0.061889
v 0.376387 1.509873 0.122299
v 0.352689 1.509873 0.179748
v 0.404563 1.466821 0.206186
v 0.458594 1.424018 0.233722
v 0.416583 1.424018 -0.302668
v 0.458594 1.424018 -0.233722
v 0.367498 1.466821 -0.267006
v 0.404563 1.466821 -0.206186
v 0.489405 1.424018 -0.159020
v 0.431736 1.466821 -0.140277
v 0.320379 1.509873 -0.232768
v 0.352689 1.509873 -0.179748
v 0.376387 1.509873 -0.122299
v 0.390986 1.509873 -0.061889
v 0.448492 1.466821 -0.070988
v 0.508386 1.424018 -0.080470
v 0.159115 1.424018 -0.489720
v 0.233627 1.424018 -0.458642
v 0.140373 1.466821 -0.432022
v 0.206100 1.466821 -0.404601
v 0.302467 1.424018 -0.416307
v 0.266835 1.466821 -0.367259
v 0.122375 1.509873 -0.376626
v 0.179681 1.509873 -0.352727
v 0.232615 1.509873 -0.320169
v 0.279934 1.509873 -0.279877
v 0.321114 1.466821 -0.321047
v 0.363994 1.424018 -0.363927
v -0.159115 1.424018 -0.489720
v -0.080575 1.424018 -0.508367
v -0.140373 1.466821 -0.432022
v -0.071074 1.466821 -0.448473
v 0.000000 1.424018 -0.514583
v 0.000000 1.466821 -0.453963
v -0.122375 1.509873 -0.376626
v -0.061966 1.509873 -0.390966
v 0.000000 1.509873 -0.395750
v 0.061966 1.509873 -0.390966
v 0.071074 1.466821 -0.448473
v 0.080575 1.424018 -0.508367
v -0.416583 1.424018 -0.302668
v -0.363994 1.424018 -0.363927
v -0.367498 1.466821 -0.267006
v -0.321114 1.466821 -0.321047
v -0.302467 1.424018 -0.416307
v -0.266835 1.466821 -0.367259
v -0.320379 1.509873 -0.232768
v -0.279934 1.509873 -0.279877
v -0.232615 1.509873 -0.320169
v -0.179681 1.509873 -0.352727
v -0.206100 1.466821 -0.404601
v -0.233627 1.424018 -0.458642
v -0.508386 1.424018 -0.080470
v -0.448492 1.466821 -0.070988
v -0.489405 1.424018 -0.159020
v -0.431736 1.466821 -0.140277
v -0.390986 1.509873 -0.061889
v -0.376387 1.509873 -0.122299
v -0.352689 1.509873 -0.179748
v -0.404563 1.466821 -0.206186
v -0.458594 1.424018 -0.233722
v -0.178268 1.876664 0.129517
v -0.196247 1.876664 0.100014
v -0.172435 1.966634 0.125287
v -0.189831 1.966634 0.096749
v -0.209433 1.876664 0.068048
v -0.202587 1.966634 0.065823
v -0.169733 2.064834 0.123320
v -0.186852 2.064834 0.095231
v -0.199407 2.064834 0.064792
v -0.209805 2.064834 0.000000
v -0.207141 2.064834 0.032787
v -0.213147 1.966634 0.000000
v -0.210445 1.966634 0.033313
v -0.220346 1.876664 0.000000
v -0.217548 1.876664 0.034439
v -0.068095 1.876664 0.209566
v -0.099976 1.876664 0.196266
v -0.065861 1.966634 0.202711
v -0.096710 1.966634 0.189850
v -0.129431 1.876664 0.178154
v -0.125201 1.966634 0.172330
v -0.064830 2.064834 0.199532
v -0.095192 2.064834 0.186871
v -0.123234 2.064834 0.169628
v -0.148307 2.064834 0.148279
v -0.150675 1.966634 0.150646
v -0.155764 1.876664 0.155735
v 0.068095 1.876664 0.209566
v 0.034477 1.876664 0.217548
v 0.065861 1.966634 0.202711
v 0.033351 1.966634 0.210435
v 0.000000 1.876664 0.220203
v 0.000000 1.966634 0.213004
v 0.064830 2.064834 0.199532
v 0.032826 2.064834 0.207132
v 0.000000 2.064834 0.209662
v -0.032826 2.064834 0.207132
v -0.033351 1.966634 0.210435
v -0.034477 1.876664 0.217548
v 0.178268 1.876664 0.129517
v 0.155764 1.876664 0.155735
v 0.172435 1.966634 0.125287
v 0.150675 1.966634 0.150646
v 0.129431 1.876664 0.178154
v 0.125201 1.966634 0.172330
v 0.169733 2.064834 0.123320
v 0.148307 2.064834 0.148279
v 0.123234 2.064834 0.169628
v 0.095192 2.064834 0.186871
v 0.096710 1.966634 0.189850
v 0.099976 1.876664 0.196266
v 0.220346 1.876664 0.000000
v 0.217548 1.876664 0.034439
v 0.213147 1.966634 0.000000
v 0.210445 1.966634 0.033313
v 0.209433 1.876664 0.068048
v 0.202587 1.966634 0.065823
v 0.209805 2.064834 0.000000
v 0.207141 2.064834 0.032787
v 0.199407 2.064834 0.064792
v 0.186852 2.064834 0.095231
v 0.189831 1.966634 0.096749
v 0.196247 1.876664 0.100014
v 0.178268 1.876664 -0.129517
v 0.196247 1.876664 -0.100014
v 0.172435 1.966634 -0.125287
v 0.189831 1.966634 -0.096749
v 0.209433 1.876664 -0.068048
v 0.202587 1.966634 -0.065823
v 0.169733 2.064834 -0.123320
v 0.186852 2.064834 -0.095231
v 0.199407 2.064834 -0.064792
v 0.207141 2.064834 -0.032787
v 0.210445 1.966634 -0.033313
v 0.217548 1.876664 -0.034439
v 0.068095 1.876664 -0.209566
v 0.099976 1.876664 -0.196266
v 0.065861 1.966634 -0.202711
v 0.096710 1.966634 -0.189850
v 0.129431 1.876664 -0.178154
v 0.125201 1.966634 -0.172330
v 0.064830 2.064834 -0.199532
v 0.095192 2.064834 -0.186871
v 0.123234 2.064834 -0.169628
v 0.148307 2.064834 -0.148279
v 0.150675 1.966634 -0.150646
v 0.155764 1.876664 -0.155735
v -0.068095 1.876664 -0.209566
v -0.034477 1.876664 -0.217548
v -0.065861 1.966634 -0.202711
v -0.033351 1.966634 -0.210435
v 0.000000 1.876664 -0.220203
v 0.000000 1.966634 -0.213004
v -0.064830 2.064834 -0.199532
v -0.032826 2.064834 -0.207132
v 0.000000 2.064834 -0.209662
v 0.032826 2.064834 -0.207132
v 0.033351 1.966634 -0.210435
v 0.034477 1.876664 -0.217548
v -0.178268 1.876664 -0.129517
v -0.155764 1.876664 -0.155735
v -0.172435 1.966634 -0.125287
v -0.150675 1.966634 -0.150646
v -0.129431 1.876664 -0.178154
v -0.125201 1.966634 -0.172330
v -0.169733 2.064834 -0.123320
v -0.148307 2.064834 -0.148279
v -0.123234 2.064834 -0.169628
v -0.095192 2.064834 -0.186871
v -0.096710 1.966634 -0.189850
v -0.099976 1.876664 -0.196266
v -0.217548 1.876664 -0.034439
v -0.210445 1.966634 -0.033313
v -0.209433 1.876664 -0.068048
v -0.202587 1.966634 -0.065823
v -0.207141 2.064834 -0.032787
v -0.199407 2.064834 -0.064792
v -0.186852 2.064834 -0.095231
v -0.189831 1.966634 -0.096749
v -0.196247 1.876664 -0.100014
v -0.249897 0.000363 0.181562
v -0.277662 0.000363 0.140659
v -0.240692 0.000143 0.120953
v -0.213968 0.000143 0.155459
v -0.298323 0.000363 0.096930
v -0.260867 0.000143 0.084766
v -0.195903 0.000038 0.091125
v -0.164615 0.000038 0.119597
v -0.224318 0.000067 0.072888
v -0.307308 0.000363 0.049410
v -0.308883 0.000363 0.000000
v -0.264486 0.000143 0.000000
v -0.265822 0.000143 0.043615
v -0.203475 0.000038 0.000000
v -0.212049 0.000038 0.041428
v 0.000000 0.000000 0.000000
v -0.102420 0.000000 0.074416
v -0.149902 0.000000 0.048704
v -0.126595 0.000000 0.000000
v -0.213214 2.646843 0.000000
v -0.210512 2.646843 0.033322
v -0.197192 2.647111 0.031212
v -0.199722 2.647111 0.000000
v -0.202654 2.646843 0.065842
v -0.189821 2.647111 0.061679
v -0.181324 2.647206 0.028701
v -0.183663 2.647206 0.000000
v -0.174554 2.647206 0.056714
v -0.189888 2.646843 0.096777
v -0.172502 2.646843 0.125325
v -0.161579 2.647111 0.117391
v -0.177877 2.647111 0.090657
v -0.148584 2.647206 0.107948
v -0.163565 2.647206 0.083363
v -0.124657 2.646853 0.090571
v -0.137222 2.646853 0.069938
v -0.149252 2.647111 0.076068
v -0.135580 2.647111 0.098505
v -0.146445 2.646853 0.047587
v -0.159278 2.647111 0.051749
v -0.152126 2.646853 0.024080
v -0.154084 2.646853 0.000000
v -0.167584 2.647111 0.000000
v -0.165465 2.647111 0.026190
v -0.095450 0.000363 0.293769
v -0.141958 0.000363 0.277003
v -0.123626 0.000143 0.239327
v -0.081730 0.000143 0.251539
v -0.184379 0.000363 0.253773
v -0.161225 0.000143 0.221912
v -0.104931 0.000038 0.188867
v -0.062873 0.000038 0.193516
v -0.138635 0.000067 0.190814
v -0.219573 0.000363 0.220613
v -0.189411 0.000143 0.191530
v -0.147200 0.000038 0.158151
v -0.039118 0.000000 0.120399
v -0.092643 0.000000 0.127512
v -0.150723 2.646843 0.150694
v -0.141184 2.647111 0.141156
v -0.125249 2.646843 0.172387
v -0.117315 2.647111 0.161474
v -0.129822 2.647206 0.129803
v -0.107881 2.647206 0.148489
v -0.096739 2.646843 0.189907
v -0.065890 2.646843 0.202778
v -0.061717 2.647111 0.189945
v -0.090619 2.647111 0.177896
v -0.056753 2.647206 0.174669
v -0.083334 2.647206 0.163584
v -0.047615 2.646853 0.146541
v -0.069910 2.646853 0.137241
v -0.076039 2.647111 0.149272
v -0.051788 2.647111 0.159383
v -0.090504 2.646853 0.124571
v -0.098439 2.647111 0.135494
v -0.108922 2.646853 0.108894
v -0.118470 2.647111 0.118441
v 0.095450 0.000363 0.293769
v 0.047969 0.000363 0.307537
v 0.040655 0.000143 0.266290
v 0.081730 0.000143 0.251539
v 0.000000 0.000363 0.313676
v 0.000000 0.000143 0.274291
v 0.026123 0.000038 0.214474
v 0.062873 0.000038 0.193516
v 0.000000 0.000067 0.235861
v -0.047969 0.000363 0.307537
v -0.040655 0.000143 0.266290
v -0.026123 0.000038 0.214474
v 0.039118 0.000000 0.120399
v 0.000000 0.000000 0.157616
v -0.033360 2.646843 0.210502
v -0.031250 2.647111 0.197183
v 0.000000 2.646843 0.213080
v 0.000000 2.647111 0.199598
v -0.028739 2.647206 0.181324
v 0.000000 2.647206 0.183539
v 0.033360 2.646843 0.210502
v 0.065890 2.646843 0.202778
v 0.061717 2.647111 0.189945
v 0.031250 2.647111 0.197183
v 0.056753 2.647206 0.174669
v 0.028739 2.647206 0.181324
v 0.047615 2.646853 0.146541
v 0.024108 2.646853 0.152117
v 0.026218 2.647111 0.165455
v 0.051788 2.647111 0.159383
v 0.000000 2.646853 0.153979
v 0.000000 2.647111 0.167479
v -0.024108 2.646853 0.152117
v -0.026218 2.647111 0.165455
v 0.249897 0.000363 0.181562
v 0.219573 0.000363 0.220613
v 0.189411 0.000143 0.191530
v 0.213968 0.000143 0.155459
v 0.184379 0.000363 0.253773
v 0.161225 0.000143 0.221912
v 0.147200 0.000038 0.158151
v 0.164615 0.000038 0.119597
v 0.138635 0.000067 0.190814
v 0.141958 0.000363 0.277003
v 0.123626 0.000143 0.239327
v 0.104931 0.000038 0.188867
v 0.102420 0.000000 0.074416
v 0.092643 0.000000 0.127512
v 0.096739 2.646843 0.189907
v 0.090619 2.647111 0.177896
v 0.125249 2.646843 0.172387
v 0.117315 2.647111 0.161474
v 0.083334 2.647206 0.163584
v 0.107881 2.647206 0.148489
v 0.150723 2.646843 0.150694
v 0.172502 2.646843 0.125325
v 0.161579 2.647111 0.117391
v 0.141184 2.647111 0.141156
v 0.148584 2.647206 0.107948
v 0.129822 2.647206 0.129803
v 0.124657 2.646853 0.090571
v 0.108922 2.646853 0.108894
v 0.118470 2.647111 0.118441
v 0.135580 2.647111 0.098505
v 0.090504 2.646853 0.124571
v 0.098439 2.647111 0.135494
v 0.069910 2.646853 0.137241
v 0.076039 2.647111 0.149272
v 0.308883 0.000363 0.000000
v 0.307308 0.000363 0.049410
v 0.265822 0.000143 0.043615
v 0.264486 0.000143 0.000000
v 0.298323 0.000363 0.096930
v 0.260867 0.000143 0.084766
v 0.212049 0.000038 0.041428
v 0.203475 0.000038 0.000000
v 0.224318 0.000067 0.072888
v 0.277662 0.000363 0.140659
v 0.240692 0.000143 0.120953
v 0.195903 0.000038 0.091125
v 0.126595 0.000000 0.000000
v 0.149902 0.000000 0.048704
v 0.189888 2.646843 0.096777
v 0.177877 2.647111 0.090657
v 0.202654 2.646843 0.065842
v 0.189821 2.647111 0.061679
v 0.163565 2.647206 0.083363
v 0.174554 2.647206 0.056714
v 0.210512 2.646843 0.033322
v 0.213214 2.646843 0.000000
v 0.199722 2.647111 0.000000
v 0.197192 2.647111 0.031212
v 0.183663 2.647206 0.000000
v 0.181324 2.647206 0.028701
v 0.154084 2.646853 0.000000
v 0.152126 2.646853 0.024080
v 0.165465 2.647111 0.026190
v 0.167584 2.647111 0.000000
v 0.146445 2.646853 0.047587
v 0.159278 2.647111 0.051749
v 0.137222 2.646853 0.069938
v 0.149252 2.647111 0.076068
v 0.249897 0.000363 -0.181562
v 0.277662 0.000363 -0.140659
v 0.240692 0.000143 -0.120953
v 0.213968 0.000143 -0.155459
v 0.298323 0.000363 -0.096930
v 0.260867 0.000143 -0.084766
v 0.195903 0.000038 -0.091125
v 0.164615 0.000038 -0.119597
v 0.224318 0.000067 -0.072888
v 0.307308 0.000363 -0.049410
v 0.265822 0.000143 -0.043615
v 0.212049 0.000038 -0.041428
v 0.102420 0.000000 -0.074416
v 0.149902 0.000000 -0.048704
v 0.210512 2.646843 -0.033322
v 0.197192 2.647111 -0.031212
v 0.202654 2.646843 -0.065842
v 0.189821 2.647111 -0.061679
v 0.181324 2.647206 -0.028701
v 0.174554 2.647206 -0.056714
v 0.189888 2.646843 -0.096777
v 0.172502 2.646843 -0.125325
v 0.161579 2.647111 -0.117391
v 0.177877 2.647111 -0.090657
v 0.148584 2.647206 -0.107948
v 0.163565 2.647206 -0.083363
v 0.124657 2.646853 -0.090571
v 0.137222 2.646853 -0.069938
v 0.149252 2.647111 -0.076068
v 0.135580 2.647111 -0.098505
v 0.146445 2.646853 -0.047587
v 0.159278 2.647111 -0.051749
v 0.152126 2.646853 -0.024080
v 0.165465 2.647111 -0.026190
v 0.095450 0.000363 -0.293769
v 0.141958 0.000363 -0.277003
v 0.123626 0.000143 -0.239327
v 0.081730 0.000143 -0.251539
v 0.184379 0.000363 -0.253773
v 0.161225 0.000143 -0.221912
v 0.104931 0.000038 -0.188867
v 0.062873 0.000038 -0.193516
v 0.138635 0.000067 -0.190814
v 0.219573 0.000363 -0.220613
v 0.189411 0.000143 -0.191530
v 0.147200 0.000038 -0.158151
v 0.039118 0.000000 -0.120399
v 0.092643 0.000000 -0.127512
v 0.150723 2.646843 -0.150694
v 0.141184 2.647111 -0.141156
v 0.125249 2.646843 -0.172387
v 0.117315 2.647111 -0.161474
v 0.129822 2.647206 -0.129803
v 0.107881 2.647206 -0.148489
v 0.096739 2.646843 -0.189907
v 0.065890 2.646843 -0.202778
v 0.061717 2.647111 -0.189945
v 0.090619 2.647111 -0.177896
v 0.056753 2.647206 -0.174669
v 0.083334 2.647206 -0.163584
v 0.047615 2.646853 -0.146541
v 0.069910 2.646853 -0.137241
v 0.076039 2.647111 -0.149272
v 0.051788 2.647111 -0.159383
v 0.090504 2.646853 -0.124571
v 0.098439 2.647111 -0.135494
v 0.108922 2.646853 -0.108894
v 0.118470 2.647111 -0.118441
v -0.095450 0.000363 -0.293769
v -0.047969 0.000363 -0.307537
v -0.040655 0.000143 -0.266290
v -0.081730 0.000143 -0.251539
v 0.000000 0.000363 -0.313676
v 0.000000 0.000143 -0.274291
v -0.026123 0.000038 -0.214474
v -0.062873 0.000038 -0.193516
v 0.000000 0.000067 -0.235861
v 0.047969 0.000363 -0.307537
v 0.040655 0.000143 -0.266290
v 0.026123 0.000038 -0.214474
v -0.039118 0.000000 -0.120399
v 0.000000 0.000000 -0.157616
v 0.033360 2.646843 -0.210502
v 0.031250 2.647111 -0.197183
v 0.000000 2.646843 -0.213080
v 0.000000 2.647111 -0.199598
v 0.028739 2.647206 -0.181324
v 0.000000 2.647206 -0.183539
v -0.033360 2.646843 -0.210502
v -0.065890 2.646843 -0.202778
v -0.061717 2.647111 -0.189945
v -0.031250 2.647111 -0.197183
v -0.056753 2.647206 -0.174669
v -0.028739 2.647206 -0.181324
v -0.047615 2.646853 -0.146541
v -0.024108 2.646853 -0.152117
v -0.026218 2.647111 -0.165455
v -0.051788 2.647111 -0.159383
v 0.000000 2.646853 -0.153979
v 0.000000 2.647111 -0.167479
v 0.024108 2.646853 -0.152117
v 0.026218 2.647111 -0.165455
v -0.249897 0.000363 -0.181562
v -0.219573 0.000363 -0.220613
v -0.189411 0.000143 -0.191530
v -0.213968 0.000143 -0.155459
v -0.184379 0.000363 -0.253773
v -0.161225 0.000143 -0.221912
v -0.147200 0.000038 -0.158151
v -0.164615 0.000038 -0.119597
v -0.138635 0.000067 -0.190814
v -0.141958 0.000363 -0.277003
v -0.123626 0.000143 -0.239327
v -0.104931 0.000038 -0.188867
v -0.102420 0.000000 -0.074416
v -0.092643 0.000000 -0.127512
v -0.096739 2.646843 -0.189907
v -0.090619 2.647111 -0.177896
v -0.125249 2.646843 -0.172387
v -0.117315 2.647111 -0.161474
v -0.083334 2.647206 -0.163584
v -0.107881 2.647206 -0.148489
v -0.150723 2.646843 -0.150694
v -0.172502 2.646843 -0.125325
v -0.161579 2.647111 -0.117391
v -0.141184 2.647111 -0.141156
v -0.148584 2.647206 -0.107948
v -0.129822 2.647206 -0.129803
v -0.124657 2.646853 -0.090571
v -0.108922 2.646853 -0.108894
v -0.118470 2.647111 -0.118441
v -0.135580 2.647111 -0.098505
v -0.090504 2.646853 -0.124571
v -0.098439 2.647111 -0.135494
v -0.069910 2.646853 -0.137241
v -0.076039 2.647111 -0.149272
v -0.307308 0.000363 -0.049410
v -0.265822 0.000143 -0.043615
v -0.298323 0.000363 -0.096930
v -0.260867 0.000143 -0.084766
v -0.212049 0.000038 -0.041428
v -0.224318 0.000067 -0.072888
v -0.277662 0.000363 -0.140659
v -0.240692 0.000143 -0.120953
v -0.195903 0.000038 -0.091125
v -0.149902 0.000000 -0.048704
v -0.189888 2.646843 -0.096777
v -0.177877 2.647111 -0.090657
v -0.202654 2.646843 -0.065842
v -0.189821 2.647111 -0.061679
v -0.163565 2.647206 -0.083363
v -0.174554 2.647206 -0.056714
v -0.210512 2.646843 -0.033322
v -0.197192 2.647111 -0.031212
v -0.181324 2.647206 -0.028701
v -0.152126 2.646853 -0.024080
v -0.165465 2.647111 -0.026190
v -0.146445 2.646853 -0.047587
v -0.159278 2.647111 -0.051749
v -0.137222 2.646853 -0.069938
v -0.149252 2.647111 -0.076068
v -0.138979 2.511750 0.000000
v -0.137213 2.511750 0.021721
v -0.136964 2.378338 0.021683
v -0.138721 2.378338 0.000000
v -0.132085 2.511750 0.042918
v -0.131847 2.378338 0.042841
v -0.136792 2.218402 0.021655
v -0.138559 2.218402 0.000000
v -0.131684 2.218402 0.042784
v -0.123769 2.511750 0.063083
v -0.112436 2.511750 0.081692
v -0.112226 2.378338 0.081539
v -0.123550 2.378338 0.062968
v -0.112092 2.218402 0.081443
v -0.123397 2.218402 0.062892
v -0.111748 1.925053 0.081195
v -0.123024 1.925053 0.062701
v -0.123244 2.058455 0.062815
v -0.111958 2.058455 0.081338
v -0.131283 1.925053 0.042660
v -0.131532 2.058455 0.042736
v -0.136382 1.925053 0.021588
v -0.138139 1.925053 0.000000
v -0.138387 2.058455 0.000000
v -0.136630 2.058455 0.021626
v -0.098238 2.511750 0.098219
v -0.098066 2.378338 0.098047
v -0.081634 2.511750 0.112359
v -0.081482 2.378338 0.112159
v -0.097942 2.218402 0.097923
v -0.081386 2.218402 0.112016
v -0.063054 2.511750 0.123788
v -0.042946 2.511750 0.132171
v -0.042870 2.378338 0.131933
v -0.062940 2.378338 0.123559
v -0.042813 2.218402 0.131770
v -0.062863 2.218402 0.123406
v -0.042689 1.925053 0.131369
v -0.062672 1.925053 0.123034
v -0.062787 2.058455 0.123263
v -0.042765 2.058455 0.131617
v -0.081138 1.925053 0.111682
v -0.081291 2.058455 0.111882
v -0.097646 1.925053 0.097627
v -0.097828 2.058455 0.097808
v -0.021750 2.511750 0.137203
v -0.021702 2.378338 0.136955
v 0.000000 2.511750 0.138883
v 0.000000 2.378338 0.138635
v -0.021683 2.218402 0.136792
v 0.000000 2.218402 0.138463
v 0.021750 2.511750 0.137203
v 0.042946 2.511750 0.132171
v 0.042870 2.378338 0.131933
v 0.021702 2.378338 0.136955
v 0.042813 2.218402 0.131770
v 0.021683 2.218402 0.136792
v 0.042689 1.925053 0.131369
v 0.021616 1.925053 0.136372
v 0.021655 2.058455 0.136630
v 0.042765 2.058455 0.131617
v 0.000000 1.925053 0.138043
v 0.000000 2.058455 0.138291
v -0.021616 1.925053 0.136372
v -0.021655 2.058455 0.136630
v 0.063054 2.511750 0.123788
v 0.062940 2.378338 0.123559
v 0.081634 2.511750 0.112359
v 0.081482 2.378338 0.112159
v 0.062863 2.218402 0.123406
v 0.081386 2.218402 0.112016
v 0.098238 2.511750 0.098219
v 0.112436 2.511750 0.081692
v 0.112226 2.378338 0.081539
v 0.098066 2.378338 0.098047
v 0.112092 2.218402 0.081443
v 0.097942 2.218402 0.097923
v 0.111748 1.925053 0.081195
v 0.097646 1.925053 0.097627
v 0.097828 2.058455 0.097808
v 0.111958 2.058455 0.081338
v 0.081138 1.925053 0.111682
v 0.081291 2.058455 0.111882
v 0.062672 1.925053 0.123034
v 0.062787 2.058455 0.123263
v 0.123769 2.511750 0.063083
v 0.123550 2.378338 0.062968
v 0.132085 2.511750 0.042918
v 0.131847 2.378338 0.042841
v 0.123397 2.218402 0.062892
v 0.131684 2.218402 0.042784
v 0.137213 2.511750 0.021721
v 0.138979 2.511750 0.000000
v 0.138721 2.378338 0.000000
v 0.136964 2.378338 0.021683
v 0.138559 2.218402 0.000000
v 0.136792 2.218402 0.021655
v 0.138139 1.925053 0.000000
v 0.136382 1.925053 0.021588
v 0.136630 2.058455 0.021626
v 0.138387 2.058455 0.000000
v 0.131283 1.925053 0.042660
v 0.131532 2.058455 0.042736
v 0.123024 1.925053 0.062701
v 0.123244 2.058455 0.062815
v 0.137213 2.511750 -0.021721
v 0.136964 2.378338 -0.021683
v 0.132085 2.511750 -0.042918
v 0.131847 2.378338 -0.042841
v 0.136792 2.218402 -0.021655
v 0.131684 2.218402 -0.042784
v 0.123769 2.511750 -0.063083
v 0.112436 2.511750 -0.081692
v 0.112226 2.378338 -0.081539
v 0.123550 2.378338 -0.062968
v 0.112092 2.218402 -0.081443
v 0.123397 2.218402 -0.062892
v 0.111748 1.925053 -0.081195
v 0.123024 1.925053 -0.062701
v 0.123244 2.058455 -0.062815
v 0.111958 2.058455 -0.081338
v 0.131283 1.925053 -0.042660
v 0.131532 2.058455 -0.042736
v 0.136382 1.925053 -0.021588
v 0.136630 2.058455 -0.021626
v 0.098238 2.511750 -0.098219
v 0.098066 2.378338 -0.098047
v 0.081634 2.511750 -0.112359
v 0.081482 2.378338 -0.112159
v 0.097942 2.218402 -0.097923
v 0.081386 2.218402 -0.112016
v 0.063054 2.511750 -0.123788
v 0.042946 2.511750 -0.132171
v 0.042870 2.378338 -0.131933
v 0.062940 2.378338 -0.123559
v 0.042813 2.218402 -0.131770
v 0.062863 2.218402 -0.123406
v 0.042689 1.925053 -0.131369
v 0.062672 1.925053 -0.123034
v 0.062787 2.058455 -0.123263
v 0.042765 2.058455 -0.131617
v 0.081138 1.925053 -0.111682
v 0.081291 2.058455 -0.111882
v 0.097646 1.925053 -0.097627
v 0.097828 2.058455 -0.097808
v 0.021750 2.511750 -0.137203
v 0.021702 2.378338 -0.136955
v 0.000000 2.511750 -0.138883
v 0.000000 2.378338 -0.138635
v 0.021683 2.218402 -0.136792
v 0.000000 2.218402 -0.138463
v -0.021750 2.511750 -0.137203
v -0.042946 2.511750 -0.132171
v -0.042870 2.378338 -0.131933
v -0.021702 2.378338 -0.136955
v -0.042813 2.218402 -0.131770
v -0.021683 2.218402 -0.136792
v -0.042689 1.925053 -0.131369
v -0.021616 1.925053 -0.136372
v -0.021655 2.058455 -0.136630
v -0.042765 2.058455 -0.131617
v 0.000000 1.925053 -0.138043
v 0.000000 2.058455 -0.138291
v 0.021616 1.925053 -0.136372
v 0.021655 2.058455 -0.136630
v -0.063054 2.511750 -0.123788
v -0.062940 2.378338 -0.123559
v -0.081634 2.511750 -0.112359
v -0.081482 2.378338 -0.112159
v -0.062863 2.218402 -0.123406
v -0.081386 2.218402 -0.112016
v -0.098238 2.511750 -0.098219
v -0.112436 2.511750 -0.081692
v -0.112226 2.378338 -0.081539
v -0.098066 2.378338 -0.098047
v -0.112092 2.218402 -0.081443
v -0.097942 2.218402 -0.097923
v -0.111748 1.925053 -0.081195
v -0.097646 1.925053 -0.097627
v -0.097828 2.058455 -0.097808
v -0.111958 2.058455 -0.081338
v -0.081138 1.925053 -0.111682
v -0.081291 2.058455 -0.111882
v -0.062672 1.925053 -0.123034
v -0.062787 2.058455 -0.123263
v -0.123769 2.511750 -0.063083
v -0.123550 2.378338 -0.062968
v -0.132085 2.511750 -0.042918
v -0.131847 2.378338 -0.042841
v -0.123397 2.218402 -0.062892
v -0.131684 2.218402 -0.042784
v -0.137213 2.511750 -0.021721
v -0.136964 2.378338 -0.021683
v -0.136792 2.218402 -0.021655
v -0.136382 1.925053 -0.021588
v -0.136630 2.058455 -0.021626
v -0.131283 1.925053 -0.042660
v -0.131532 2.058455 -0.042736
v -0.123024 1.925053 -0.062701
v -0.123244 2.058455 -0.062815
v -0.119310 1.789940 0.000000
v -0.118699 1.789940 0.019086
v -0.102592 1.789673 0.016833
v -0.102086 1.789673 0.000000
v -0.115224 1.789940 0.037437
v -0.100682 1.789673 0.032711
v -0.081806 1.789540 0.015983
v -0.078503 1.789540 0.000000
v -0.086552 1.789578 0.028118
v -0.107251 1.789940 0.054327
v -0.096519 1.789940 0.070129
v -0.082589 1.789673 0.059999
v -0.092901 1.789673 0.046689
v -0.063512 1.789540 0.046145
v -0.075581 1.789540 0.035155
v 0.000000 1.789501 0.000000
v -0.048828 1.789501 0.000000
v -0.057822 1.789501 0.018790
v -0.039509 1.789501 0.028701
v -0.084814 1.789940 0.085205
v -0.073108 1.789673 0.073920
v -0.071218 1.789940 0.098019
v -0.062224 1.789673 0.085644
v -0.056791 1.789540 0.061011
v -0.053487 1.789578 0.073624
v -0.054833 1.789940 0.106994
v -0.036864 1.789940 0.113467
v -0.031546 1.789673 0.097083
v -0.047711 1.789673 0.092376
v -0.024261 1.789540 0.074655
v -0.040483 1.789540 0.072860
v -0.035738 1.789501 0.049181
v -0.015086 1.789501 0.046441
v -0.018532 1.789940 0.118785
v -0.015697 1.789673 0.102773
v 0.000000 1.789940 0.121153
v 0.000000 1.789673 0.105867
v -0.010083 1.789540 0.082742
v 0.000000 1.789578 0.091001
v 0.018532 1.789940 0.118785
v 0.036864 1.789940 0.113467
v 0.031546 1.789673 0.097083
v 0.015697 1.789673 0.102773
v 0.024261 1.789540 0.074655
v 0.010083 1.789540 0.082742
v 0.000000 1.789501 0.060791
v 0.015086 1.789501 0.046441
v 0.054833 1.789940 0.106994
v 0.047711 1.789673 0.092376
v 0.071218 1.789940 0.098019
v 0.062224 1.789673 0.085644
v 0.040483 1.789540 0.072860
v 0.053487 1.789578 0.073624
v 0.084814 1.789940 0.085205
v 0.096519 1.789940 0.070129
v 0.082589 1.789673 0.059999
v 0.073108 1.789673 0.073920
v 0.063512 1.789540 0.046145
v 0.056791 1.789540 0.061011
v 0.035738 1.789501 0.049181
v 0.039509 1.789501 0.028701
v 0.107251 1.789940 0.054327
v 0.092901 1.789673 0.046689
v 0.115224 1.789940 0.037437
v 0.100682 1.789673 0.032711
v 0.075581 1.789540 0.035155
v 0.086552 1.789578 0.028118
v 0.118699 1.789940 0.019086
v 0.119310 1.789940 0.000000
v 0.102086 1.789673 0.000000
v 0.102592 1.789673 0.016833
v 0.078503 1.789540 0.000000
v 0.081806 1.789540 0.015983
v 0.057822 1.789501 0.018790
v 0.048828 1.789501 0.000000
v 0.118699 1.789940 -0.019086
v 0.102592 1.789673 -0.016833
v 0.115224 1.789940 -0.037437
v 0.100682 1.789673 -0.032711
v 0.081806 1.789540 -0.015983
v 0.086552 1.789578 -0.028118
v 0.107251 1.789940 -0.054327
v 0.096519 1.789940 -0.070129
v 0.082589 1.789673 -0.059999
v 0.092901 1.789673 -0.046689
v 0.063512 1.789540 -0.046145
v 0.075581 1.789540 -0.035155
v 0.057822 1.789501 -0.018790
v 0.039509 1.789501 -0.028701
v 0.084814 1.789940 -0.085205
v 0.073108 1.789673 -0.073920
v 0.071218 1.789940 -0.098019
v 0.062224 1.789673 -0.085644
v 0.056791 1.789540 -0.061011
v 0.053487 1.789578 -0.073624
v 0.054833 1.789940 -0.106994
v 0.036864 1.789940 -0.113467
v 0.031546 1.789673 -0.097083
v 0.047711 1.789673 -0.092376
v 0.024261 1.789540 -0.074655
v 0.040483 1.789540 -0.072860
v 0.035738 1.789501 -0.049181
v 0.015086 1.789501 -0.046441
v 0.018532 1.789940 -0.118785
v 0.015697 1.789673 -0.102773
v 0.000000 1.789940 -0.121153
v 0.000000 1.789673 -0.105867
v 0.010083 1.789540 -0.082742
v 0.000000 1.789578 -0.091001
v -0.018532 1.789940 -0.118785
v -0.036864 1.789940 -0.113467
v -0.031546 1.789673 -0.097083
v -0.015697 1.789673 -0.102773
v -0.024261 1.789540 -0.074655
v -0.010083 1.789540 -0.082742
v 0.000000 1.789501 -0.060791
v -0.015086 1.789501 -0.046441
v -0.054833 1.789940 -0.106994
v -0.047711 1.789673 -0.092376
v -0.071218 1.789940 -0.098019
v -0.062224 1.789673 -0.085644
v -0.040483 1.789540 -0.072860
v -0.053487 1.789578 -0.073624
v -0.084814 1.789940 -0.085205
v -0.096519 1.789940 -0.070129
v -0.082589 1.789673 -0.059999
v -0.073108 1.789673 -0.073920
v -0.063512 1.789540 -0.046145
v -0.056791 1.789540 -0.061011
v -0.035738 1.789501 -0.049181
v -0.039509 1.789501 -0.028701
v -0.107251 1.789940 -0.054327
v -0.092901 1.789673 -0.046689
v -0.115224 1.789940 -0.037437
v -0.100682 1.789673 -0.032711
v -0.075581 1.789540 -0.035155
v -0.086552 1.789578 -0.028118
v -0.118699 1.789940 -0.019086
v -0.102592 1.789673 -0.016833
v -0.081806 1.789540 -0.015983
v -0.057822 1.789501 -0.018790
v -0.183033 2.614639 0.132983
v -0.201489 2.614639 0.102687
v -0.182536 2.638184 0.132620
v -0.200945 2.638184 0.102411
v -0.215018 2.614639 0.069862
v -0.214445 2.638184 0.069680
v -0.179252 2.646395 0.130233
v -0.197326 2.646395 0.100568
v -0.210588 2.646395 0.068420
v -0.221568 2.646395 0.000000
v -0.218751 2.646395 0.034621
v -0.225626 2.638184 0.000000
v -0.222762 2.638184 0.035260
v -0.226237 2.614639 0.000000
v -0.223363 2.614639 0.035356
v -0.069910 2.614639 0.215161
v -0.102649 2.614639 0.201508
v -0.069719 2.638184 0.214579
v -0.102372 2.638184 0.200964
v -0.132887 2.614639 0.182909
v -0.132534 2.638184 0.182412
v -0.068468 2.646395 0.210722
v -0.100530 2.646395 0.197345
v -0.130147 2.646395 0.179137
v -0.156623 2.646395 0.156595
v -0.159488 2.638184 0.159459
v -0.159927 2.614639 0.159889
v 0.069910 2.614639 0.215161
v 0.035404 2.614639 0.223353
v 0.069719 2.638184 0.214579
v 0.035308 2.638184 0.222752
v 0.000000 2.614639 0.226084
v 0.000000 2.638184 0.225473
v 0.068468 2.646395 0.210722
v 0.034668 2.646395 0.218751
v 0.000000 2.646395 0.221425
v -0.034668 2.646395 0.218751
v -0.035308 2.638184 0.222752
v -0.035404 2.614639 0.223353
v 0.183033 2.614639 0.132983
v 0.159927 2.614639 0.159889
v 0.182536 2.638184 0.132620
v 0.159488 2.638184 0.159459
v 0.132887 2.614639 0.182909
v 0.132534 2.638184 0.182412
v 0.179252 2.646395 0.130233
v 0.156623 2.646395 0.156595
v 0.130147 2.646395 0.179137
v 0.100530 2.646395 0.197345
v 0.102372 2.638184 0.200964
v 0.102649 2.614639 0.201508
v 0.226237 2.614639 0.000000
v 0.223363 2.614639 0.035356
v 0.225626 2.638184 0.000000
v 0.222762 2.638184 0.035260
v 0.215018 2.614639 0.069862
v 0.214445 2.638184 0.069680
v 0.221568 2.646395 0.000000
v 0.218751 2.646395 0.034621
v 0.210588 2.646395 0.068420
v 0.197326 2.646395 0.100568
v 0.200945 2.638184 0.102411
v 0.201489 2.614639 0.102687
v 0.183033 2.614639 -0.132983
v 0.201489 2.614639 -0.102687
v 0.182536 2.638184 -0.132620
v 0.200945 2.638184 -0.102411
v 0.215018 2.614639 -0.069862
v 0.214445 2.638184 -0.069680
v 0.179252 2.646395 -0.130233
v 0.197326 2.646395 -0.100568
v 0.210588 2.646395 -0.068420
v 0.218751 2.646395 -0.034621
v 0.222762 2.638184 -0.035260
v 0.223363 2.614639 -0.035356
v 0.069910 2.614639 -0.215161
v 0.102649 2.614639 -0.201508
v 0.069719 2.638184 -0.214579
v 0.102372 2.638184 -0.200964
v 0.132887 2.614639 -0.182909
v 0.132534 2.638184 -0.182412
v 0.068468 2.646395 -0.210722
v 0.100530 2.646395 -0.197345
v 0.130147 2.646395 -0.179137
v 0.156623 2.646395 -0.156595
v 0.159488 2.638184 -0.159459
v 0.159927 2.614639 -0.159889
v -0.069910 2.614639 -0.215161
v -0.035404 2.614639 -0.223353
v -0.069719 2.638184 -0.214579
v -0.035308 2.638184 -0.222752
v 0.000000 2.614639 -0.226084
v 0.000000 2.638184 -0.225473
v -0.068468 2.646395 -0.210722
v -0.034668 2.646395 -0.218751
v 0.000000 2.646395 -0.221425
v 0.034668 2.646395 -0.218751
v 0.035308 2.638184 -0.222752
v 0.035404 2.614639 -0.223353
v -0.183033 2.614639 -0.132983
v -0.159927 2.614639 -0.159889
v -0.182536 2.638184 -0.132620
v -0.159488 2.638184 -0.159459
v -0.132887 2.614639 -0.182909
v -0.132534 2.638184 -0.182412
v -0.179252 2.646395 -0.130233
v -0.156623 2.646395 -0.156595
v -0.130147 2.646395 -0.179137
v -0.100530 2.646395 -0.197345
v -0.102372 2.638184 -0.200964
v -0.102649 2.614639 -0.201508
v -0.223363 2.614639 -0.035356
v -0.222762 2.638184 -0.035260
v -0.215018 2.614639 -0.069862
v -0.214445 2.638184 -0.069680
v -0.218751 2.646395 -0.034621
v -0.210588 2.646395 -0.068420
v -0.197326 2.646395 -0.100568
v -0.200945 2.638184 -0.102411
v -0.201489 2.614639 -0.102687
v -0.117878 2.646404 0.085644
v -0.129765 2.646404 0.066138
v -0.114259 2.632550 0.083009
v -0.125774 2.632550 0.064104
v -0.138482 2.646404 0.044999
v -0.134224 2.632550 0.043615
v -0.112770 2.592077 0.081940
v -0.124151 2.592077 0.063274
v -0.132486 2.592077 0.043051
v -0.139399 2.592077 0.000000
v -0.137623 2.592077 0.021788
v -0.141223 2.632550 0.000000
v -0.139437 2.632550 0.022075
v -0.145710 2.646404 0.000000
v -0.143858 2.646404 0.022772
v -0.045028 2.646404 0.138578
v -0.066110 2.646404 0.129784
v -0.043643 2.632550 0.134320
v -0.064076 2.632550 0.125793
v -0.085587 2.646404 0.117802
v -0.082962 2.632550 0.114183
v -0.043080 2.592077 0.132572
v -0.063245 2.592077 0.124161
v -0.081883 2.592077 0.112703
v -0.098534 2.592077 0.098515
v -0.099833 2.632550 0.099814
v -0.103002 2.646404 0.102983
v 0.045028 2.646404 0.138578
v 0.022800 2.646404 0.143858
v 0.043643 2.632550 0.134320
v 0.022094 2.632550 0.139428
v 0.000000 2.646404 0.145615
v 0.000000 2.632550 0.141137
v 0.043080 2.592077 0.132572
v 0.021807 2.592077 0.137623
v 0.000000 2.592077 0.139304
v -0.021807 2.592077 0.137623
v -0.022094 2.632550 0.139428
v -0.022800 2.646404 0.143858
v 0.117878 2.646404 0.085644
v 0.103002 2.646404 0.102983
v 0.114259 2.632550 0.083009
v 0.099833 2.632550 0.099814
v 0.085587 2.646404 0.117802
v 0.082962 2.632550 0.114183
v 0.112770 2.592077 0.081940
v 0.098534 2.592077 0.098515
v 0.081883 2.592077 0.112703
v 0.063245 2.592077 0.124161
v 0.064076 2.632550 0.125793
v 0.066110 2.646404 0.129784
v 0.145710 2.646404 0.000000
v 0.143858 2.646404 0.022772
v 0.141223 2.632550 0.000000
v 0.139437 2.632550 0.022075
v 0.138482 2.646404 0.044999
v 0.134224 2.632550 0.043615
v 0.139399 2.592077 0.000000
v 0.137623 2.592077 0.021788
v 0.132486 2.592077 0.043051
v 0.124151 2.592077 0.063274
v 0.125774 2.632550 0.064104
v 0.129765 2.646404 0.066138
v 0.117878 2.646404 -0.085644
v 0.129765 2.646404 -0.066138
v 0.114259 2.632550 -0.083009
v 0.125774 2.632550 -0.064104
v 0.138482 2.646404 -0.044999
v 0.134224 2.632550 -0.043615
v 0.112770 2.592077 -0.081940
v 0.124151 2.592077 -0.063274
v 0.132486 2.592077 -0.043051
v 0.137623 2.592077 -0.021788
v 0.139437 2.632550 -0.022075
v 0.143858 2.646404 -0.022772
v 0.045028 2.646404 -0.138578
v 0.066110 2.646404 -0.129784
v 0.043643 2.632550 -0.134320
v 0.064076 2.632550 -0.125793
v 0.085587 2.646404 -0.117802
v 0.082962 2.632550 -0.114183
v 0.043080 2.592077 -0.132572
v 0.063245 2.592077 -0.124161
v 0.081883 2.592077 -0.112703
v 0.098534 2.592077 -0.098515
v 0.099833 2.632550 -0.099814
v 0.103002 2.646404 -0.102983
v -0.045028 2.646404 -0.138578
v -0.022800 2.646404 -0.143858
v -0.043643 2.632550 -0.134320
v -0.022094 2.632550 -0.139428
v 0.000000 2.646404 -0.145615
v 0.000000 2.632550 -0.141137
v -0.043080 2.592077 -0.132572
v -0.021807 2.592077 -0.137623
v 0.000000 2.592077 -0.139304
v 0.021807 2.592077 -0.137623
v 0.022094 2.632550 -0.139428
v 0.022800 2.646404 -0.143858
v -0.117878 2.646404 -0.085644
v -0.103002 2.646404 -0.102983
v -0.114259 2.632550 -0.083009
v -0.099833 2.632550 -0.099814
v -0.085587 2.646404 -0.117802
v -0.082962 2.632550 -0.114183
v -0.112770 2.592077 -0.081940
v -0.098534 2.592077 -0.098515
v -0.081883 2.592077 -0.112703
v -0.063245 2.592077 -0.124161
v -0.064076 2.632550 -0.125793
v -0.066110 2.646404 -0.129784
v -0.143858 2.646404 -0.022772
v -0.139437 2.632550 -0.022075
v -0.138482 2.646404 -0.044999
v -0.134224 2.632550 -0.043615
v -0.137623 2.592077 -0.021788
v -0.132486 2.592077 -0.043051
v -0.124151 2.592077 -0.063274
v -0.125774 2.632550 -0.064104
v -0.129765 2.646404 -0.066138
v -0.111414 1.844717 0.080947
v -0.122652 1.844717 0.062510
v -0.109629 1.804243 0.079648
v -0.120781 1.804243 0.061527
v -0.130892 1.844717 0.042526
v -0.128973 1.804243 0.041906
v -0.105103 1.790389 0.076364
v -0.116102 1.790389 0.059035
v -0.124208 1.790389 0.040359
v -0.129918 1.790389 0.000000
v -0.128629 1.790389 0.020480
v -0.135513 1.804243 0.000000
v -0.133880 1.804243 0.021225
v -0.137709 1.844717 0.000000
v -0.135962 1.844717 0.021521
v -0.042555 1.844717 0.130968
v -0.062481 1.844717 0.122662
v -0.041877 1.804243 0.128877
v -0.061555 1.804243 0.120771
v -0.080890 1.844717 0.111338
v -0.079715 1.804243 0.109715
v -0.040149 1.790389 0.123559
v -0.059225 1.790389 0.116007
v -0.076765 1.790389 0.105657
v -0.092022 1.790389 0.092175
v -0.095842 1.804243 0.095861
v -0.097350 1.844717 0.097331
v 0.042555 1.844717 0.130968
v 0.021550 1.844717 0.135962
v 0.041877 1.804243 0.128877
v 0.021187 1.804243 0.133890
v 0.000000 1.844717 0.137623
v 0.000000 1.804243 0.135618
v 0.040149 1.790389 0.123559
v 0.020270 1.790389 0.128658
v 0.000000 1.790389 0.130596
v -0.020270 1.790389 0.128658
v -0.021187 1.804243 0.133890
v -0.021550 1.844717 0.135962
v 0.111414 1.844717 0.080947
v 0.097350 1.844717 0.097331
v 0.109629 1.804243 0.079648
v 0.095842 1.804243 0.095861
v 0.080890 1.844717 0.111338
v 0.079715 1.804243 0.109715
v 0.105103 1.790389 0.076364
v 0.092022 1.790389 0.092175
v 0.076765 1.790389 0.105657
v 0.059225 1.790389 0.116007
v 0.061555 1.804243 0.120771
v 0.062481 1.844717 0.122662
v 0.137709 1.844717 0.000000
v 0.135962 1.844717 0.021521
v 0.135513 1.804243 0.000000
v 0.133880 1.804243 0.021225
v 0.130892 1.844717 0.042526
v 0.128982 1.804243 0.041906
v 0.129918 1.790389 0.000000
v 0.128629 1.790389 0.020480
v 0.124208 1.790389 0.040359
v 0.116102 1.790389 0.059035
v 0.120781 1.804243 0.061527
v 0.122652 1.844717 0.062510
v 0.111414 1.844717 -0.080947
v 0.122652 1.844717 -0.062510
v 0.109629 1.804243 -0.079648
v 0.120781 1.804243 -0.061527
v 0.130892 1.844717 -0.042526
v 0.128973 1.804243 -0.041906
v 0.105103 1.790389 -0.076364
v 0.116102 1.790389 -0.059035
v 0.124208 1.790389 -0.040359
v 0.128629 1.790389 -0.020480
v 0.133880 1.804243 -0.021225
v 0.135962 1.844717 -0.021521
v 0.042555 1.844717 -0.130968
v 0.062481 1.844717 -0.122662
v 0.041877 1.804243 -0.128877
v 0.061555 1.804243 -0.120771
v 0.080890 1.844717 -0.111338
v 0.079715 1.804243 -0.109715
v 0.040149 1.790389 -0.123559
v 0.059225 1.790389 -0.116007
v 0.076765 1.790389 -0.105657
v 0.092022 1.790389 -0.092175
v 0.095842 1.804243 -0.095861
v 0.097350 1.844717 -0.097331
v -0.042555 1.844717 -0.130968
v -0.021550 1.844717 -0.135962
v -0.041877 1.804243 -0.128877
v -0.021187 1.804243 -0.133890
v 0.000000 1.844717 -0.137623
v 0.000000 1.804243 -0.135618
v -0.040149 1.790389 -0.123559
v -0.020270 1.790389 -0.128658
v 0.000000 1.790389 -0.130596
v 0.020270 1.790389 -0.128658
v 0.021187 1.804243 -0.133890
v 0.021550 1.844717 -0.135962
v -0.111414 1.844717 -0.080947
v -0.097350 1.844717 -0.097331
v -0.109629 1.804243 -0.079648
v -0.095842 1.804243 -0.095861
v -0.080890 1.844717 -0.111338
v -0.079715 1.804243 -0.109715
v -0.105103 1.790389 -0.076364
v -0.092022 1.790389 -0.092175
v -0.076765 1.790389 -0.105657
v -0.059225 1.790389 -0.116007
v -0.061555 1.804243 -0.120771
v -0.062481 1.844717 -0.122662
v -0.135962 1.844717 -0.021521
v -0.133880 1.804243 -0.021225
v -0.130892 1.844717 -0.042526
v -0.128982 1.804243 -0.041906
v -0.128629 1.790389 -0.020480
v -0.124208 1.790389 -0.040359
v -0.116102 1.790389 -0.059035
v -0.120781 1.804243 -0.061527
v -0.122652 1.844717 -0.062510
v -0.369990 0.024299 0.000000
v -0.365292 0.024299 0.057822
v -0.353663 0.006846 0.000000
v -0.349405 0.006846 0.055378
v -0.351648 0.024299 0.114259
v -0.336610 0.006846 0.109371
v -0.335952 0.000735 0.000000
v -0.332629 0.000735 0.052962
v -0.321200 0.000735 0.104368
v -0.271790 0.000735 0.197469
v -0.300233 0.000735 0.152671
v -0.286121 0.006846 0.207876
v -0.315223 0.006846 0.160567
v -0.299326 0.024299 0.217472
v -0.329507 0.024299 0.167938
v -0.261545 0.024299 0.261488
v -0.250126 0.006846 0.250183
v -0.217329 0.024299 0.299135
v -0.208029 0.006846 0.286331
v -0.237971 0.000735 0.238353
v -0.198510 0.000735 0.273232
v -0.103814 0.000735 0.319510
v -0.153158 0.000735 0.299985
v -0.109285 0.006846 0.336353
v -0.160643 0.006846 0.315195
v -0.114336 0.024299 0.351877
v -0.167871 0.024299 0.329545
v -0.057889 0.024299 0.365283
v -0.055301 0.006846 0.349414
v 0.000000 0.024299 0.369742
v 0.000000 0.006846 0.353930
v -0.052418 0.000735 0.332715
v 0.000000 0.000735 0.337728
v 0.103814 0.000735 0.319510
v 0.052418 0.000735 0.332715
v 0.109285 0.006846 0.336353
v 0.055301 0.006846 0.349414
v 0.114336 0.024299 0.351877
v 0.057889 0.024299 0.365283
v 0.167871 0.024299 0.329545
v 0.160643 0.006846 0.315195
v 0.217329 0.024299 0.299135
v 0.208029 0.006846 0.286331
v 0.153158 0.000735 0.299985
v 0.198510 0.000735 0.273232
v 0.271790 0.000735 0.197469
v 0.237971 0.000735 0.238353
v 0.286121 0.006846 0.207876
v 0.250126 0.006846 0.250183
v 0.299326 0.024299 0.217472
v 0.261545 0.024299 0.261488
v 0.329507 0.024299 0.167938
v 0.315223 0.006846 0.160567
v 0.351648 0.024299 0.114259
v 0.336610 0.006846 0.109371
v 0.300233 0.000735 0.152671
v 0.321200 0.000735 0.104368
v 0.335952 0.000735 0.000000
v 0.332629 0.000735 0.052962
v 0.353663 0.006846 0.000000
v 0.349405 0.006846 0.055378
v 0.369990 0.024299 0.000000
v 0.365292 0.024299 0.057822
v 0.365292 0.024299 -0.057822
v 0.349405 0.006846 -0.055378
v 0.351648 0.024299 -0.114259
v 0.336610 0.006846 -0.109371
v 0.332629 0.000735 -0.052962
v 0.321200 0.000735 -0.104368
v 0.271790 0.000735 -0.197469
v 0.300233 0.000735 -0.152671
v 0.286121 0.006846 -0.207876
v 0.315223 0.006846 -0.160567
v 0.299326 0.024299 -0.217472
v 0.329507 0.024299 -0.167938
v 0.261545 0.024299 -0.261488
v 0.250126 0.006846 -0.250183
v 0.217329 0.024299 -0.299135
v 0.208029 0.006846 -0.286331
v 0.237971 0.000735 -0.238353
v 0.198510 0.000735 -0.273232
v 0.103814 0.000735 -0.319510
v 0.153158 0.000735 -0.299985
v 0.109285 0.006846 -0.336353
v 0.160643 0.006846 -0.315195
v 0.114336 0.024299 -0.351877
v 0.167871 0.024299 -0.329545
v 0.057889 0.024299 -0.365283
v 0.055301 0.006846 -0.349414
v 0.000000 0.024299 -0.369742
v 0.000000 0.006846 -0.353930
v 0.052418 0.000735 -0.332715
v 0.000000 0.000735 -0.337728
v -0.103814 0.000735 -0.319510
v -0.052418 0.000735 -0.332715
v -0.109285 0.006846 -0.336353
v -0.055301 0.006846 -0.349414
v -0.114336 0.024299 -0.351877
v -0.057889 0.024299 -0.365283
v -0.167871 0.024299 -0.329545
v -0.160643 0.006846 -0.315195
v -0.217329 0.024299 -0.299135
v -0.208029 0.006846 -0.286331
v -0.153158 0.000735 -0.299985
v -0.198510 0.000735 -0.273232
v -0.271790 0.000735 -0.197469
v -0.237971 0.000735 -0.238353
v -0.286121 0.006846 -0.207876
v -0.250126 0.006846 -0.250183
v -0.299326 0.024299 -0.217472
v -0.261545 0.024299 -0.261488
v -0.329507 0.024299 -0.167938
v -0.315223 0.006846 -0.160567
v -0.351648 0.024299 -0.114259
v -0.336610 0.006846 -0.109371
v -0.300233 0.000735 -0.152671
v -0.321200 0.000735 -0.104368
v -0.332629 0.000735 -0.052962
v -0.349405 0.006846 -0.055378
v -0.365292 0.024299 -0.057822
vt 0.750100 0.022200
vt 0.775000 0.043700
vt 0.750000 0.043700
vt 0.775100 0.022200
vt 0.800000 0.043700
vt 0.775000 0.072200
vt 0.750000 0.072200
vt 0.800000 0.072200
vt 0.850100 0.022200
vt 0.825100 0.043700
vt 0.825100 0.022200
vt 0.850100 0.043700
vt 0.825000 0.072200
vt 0.800100 0.022200
vt 0.825000 0.144400
vt 0.850000 0.106300
vt 0.850000 0.144400
vt 0.800000 0.144400
vt 0.825000 0.106300
vt 0.850000 0.072200
vt 0.800000 0.106300
vt 0.775000 0.144400
vt 0.750000 0.106300
vt 0.775000 0.106300
vt 0.875100 0.043700
vt 0.875100 0.022200
vt 0.900000 0.043700
vt 0.875000 0.072200
vt 0.900000 0.072200
vt 0.950100 0.022200
vt 0.925000 0.043700
vt 0.925100 0.022200
vt 0.950000 0.043700
vt 0.925000 0.072200
vt 0.900100 0.022200
vt 0.925000 0.144400
vt 0.950000 0.106300
vt 0.950000 0.144400
vt 0.900000 0.144400
vt 0.925000 0.106300
vt 0.950000 0.072200
vt 0.900000 0.106300
vt 0.875000 0.144400
vt 0.875000 0.106300
vt 0.975000 0.043700
vt 0.975000 0.022200
vt 1.000000 0.042600
vt 0.975000 0.072200
vt 1.000000 0.071900
vt 1.050000 0.000900
vt 1.025000 0.039400
vt 1.025000 0.015800
vt 1.050000 0.035200
vt 1.025000 0.070800
vt 1.000000 0.020600
vt 1.025000 0.142500
vt 1.050000 0.103700
vt 1.050000 0.138000
vt 1.000000 0.143900
vt 1.025000 0.105000
vt 1.050000 0.069400
vt 1.000000 0.106000
vt 0.975000 0.144400
vt 0.975000 0.106300
vt 0.050000 0.000900
vt 0.075000 0.039400
vt 0.050000 0.035200
vt 0.075100 0.015800
vt 0.100100 0.042600
vt 0.075000 0.070800
vt 0.050000 0.069400
vt 0.100000 0.071900
vt 0.150100 0.022200
vt 0.125100 0.043700
vt 0.125100 0.022200
vt 0.150000 0.043700
vt 0.125000 0.072200
vt 0.100200 0.020600
vt 0.125000 0.144400
vt 0.150000 0.106300
vt 0.150000 0.144400
vt 0.100000 0.143900
vt 0.125000 0.106300
vt 0.150000 0.072200
vt 0.100000 0.106000
vt 0.075000 0.142500
vt 0.050000 0.103700
vt 0.075000 0.105000
vt 0.175000 0.043700
vt 0.175100 0.022200
vt 0.200000 0.043700
vt 0.175000 0.072200
vt 0.200000 0.072200
vt 0.250000 0.022200
vt 0.225000 0.043700
vt 0.225000 0.022200
vt 0.250000 0.043700
vt 0.225000 0.072200
vt 0.200100 0.022200
vt 0.225000 0.144400
vt 0.250000 0.106300
vt 0.250000 0.144400
vt 0.200000 0.144400
vt 0.225000 0.106300
vt 0.250000 0.072200
vt 0.200000 0.106300
vt 0.175000 0.144400
vt 0.175000 0.106300
vt 0.275000 0.043700
vt 0.275000 0.022200
vt 0.300000 0.043700
vt 0.275000 0.072200
vt 0.300000 0.072200
vt 0.349900 0.022200
vt 0.325000 0.043700
vt 0.324900 0.022200
vt 0.350000 0.043700
vt 0.325000 0.072200
vt 0.299900 0.022200
vt 0.325000 0.144400
vt 0.350000 0.106300
vt 0.350000 0.144400
vt 0.300000 0.144400
vt 0.325000 0.106300
vt 0.350000 0.072200
vt 0.300000 0.106300
vt 0.275000 0.144400
vt 0.275000 0.106300
vt 0.375000 0.043700
vt 0.375000 0.022200
vt 0.400000 0.043700
vt 0.375000 0.072200
vt 0.400000 0.072200
vt 0.450100 0.022200
vt 0.425000 0.043700
vt 0.425100 0.022200
vt 0.450000 0.043700
vt 0.425000 0.072200
vt 0.400000 0.022200
vt 0.425000 0.144400
vt 0.450000 0.106300
vt 0.450000 0.144400
vt 0.400000 0.144400
vt 0.425000 0.106300
vt 0.450000 0.072200
vt 0.400000 0.106300
vt 0.375000 0.144400
vt 0.375000 0.106300
vt 0.475000 0.043700
vt 0.475100 0.022200
vt 0.500000 0.043700
vt 0.475000 0.072200
vt 0.500000 0.072200
vt 0.550100 0.022200
vt 0.525000 0.043700
vt 0.525100 0.022200
vt 0.550000 0.043700
vt 0.525000 0.072200
vt 0.500100 0.022200
vt 0.525000 0.144400
vt 0.550000 0.106300
vt 0.550000 0.144400
vt 0.500000 0.144400
vt 0.525000 0.106300
vt 0.550000 0.072200
vt 0.500000 0.106300
vt 0.475000 0.144400
vt 0.475000 0.106300
vt 0.575000 0.043700
vt 0.575100 0.022200
vt 0.600000 0.043700
vt 0.575000 0.072200
vt 0.600000 0.072200
vt 0.650100 0.022200
vt 0.625100 0.043700
vt 0.625100 0.022200
vt 0.650100 0.043700
vt 0.625000 0.072200
vt 0.600100 0.022200
vt 0.625000 0.144400
vt 0.650000 0.106300
vt 0.650000 0.144400
vt 0.600000 0.144400
vt 0.625000 0.106300
vt 0.650000 0.072200
vt 0.600000 0.106300
vt 0.575000 0.144400
vt 0.575000 0.106300
vt 0.675100 0.043700
vt 0.675100 0.022200
vt 0.700000 0.043700
vt 0.675000 0.072200
vt 0.700000 0.072200
vt 0.725000 0.043700
vt 0.725100 0.022200
vt 0.725000 0.072200
vt 0.700100 0.022200
vt 0.725000 0.144400
vt 0.750000 0.144400
vt 0.700000 0.144400
vt 0.725000 0.106300
vt 0.700000 0.106300
vt 0.675000 0.144400
vt 0.675000 0.106300
vt 0.825000 0.185100
vt 0.850000 0.185100
vt 0.825000 0.226900
vt 0.800000 0.185100
vt 0.800000 0.226900
vt 0.850000 0.268300
vt 0.825000 0.307900
vt 0.825000 0.268300
vt 0.800000 0.307900
vt 0.800000 0.268300
vt 0.850000 0.226900
vt 0.750000 0.268300
vt 0.775000 0.307900
vt 0.750000 0.307900
vt 0.750000 0.226900
vt 0.775000 0.268300
vt 0.775000 0.226900
vt 0.775000 0.185100
vt 0.750000 0.185100
vt 0.925000 0.185100
vt 0.950000 0.185100
vt 0.925000 0.226900
vt 0.900000 0.185100
vt 0.900000 0.226900
vt 0.950000 0.268300
vt 0.925000 0.307900
vt 0.925000 0.268300
vt 0.900000 0.307900
vt 0.900000 0.268300
vt 0.950000 0.226900
vt 0.875000 0.307900
vt 0.850000 0.307900
vt 0.875000 0.268300
vt 0.875000 0.226900
vt 0.875000 0.185100
vt 1.025000 0.183800
vt 1.050000 0.182500
vt 1.025000 0.226900
vt 1.000000 0.184800
vt 1.000000 0.226900
vt 1.050000 0.271600
vt 1.025000 0.310400
vt 1.025000 0.269900
vt 1.000000 0.308500
vt 1.000000 0.268700
vt 1.050000 0.227000
vt 0.975000 0.307900
vt 0.950000 0.307900
vt 0.975000 0.268300
vt 0.975000 0.226900
vt 0.975000 0.185100
vt 0.125000 0.185100
vt 0.150000 0.185100
vt 0.125000 0.226900
vt 0.100000 0.184800
vt 0.100000 0.226900
vt 0.150000 0.268300
vt 0.125000 0.307900
vt 0.125000 0.268300
vt 0.100000 0.308500
vt 0.100000 0.268700
vt 0.150000 0.226900
vt 0.050000 0.271600
vt 0.075000 0.310400
vt 0.050000 0.316100
vt 0.050000 0.227000
vt 0.075000 0.269900
vt 0.075000 0.226900
vt 0.050000 0.138000
vt 0.075000 0.183800
vt 0.050000 0.182500
vt 0.225000 0.185100
vt 0.250000 0.185100
vt 0.225000 0.226900
vt 0.200000 0.185100
vt 0.200000 0.226900
vt 0.250000 0.268300
vt 0.225000 0.307900
vt 0.225000 0.268300
vt 0.200000 0.307900
vt 0.200000 0.268300
vt 0.250000 0.226900
vt 0.175000 0.307900
vt 0.150000 0.307900
vt 0.175000 0.268300
vt 0.175000 0.226900
vt 0.175000 0.185100
vt 0.325000 0.185100
vt 0.350000 0.185100
vt 0.325000 0.226900
vt 0.300000 0.185100
vt 0.300000 0.226900
vt 0.350000 0.268300
vt 0.325000 0.307900
vt 0.325000 0.268300
vt 0.300000 0.307900
vt 0.300000 0.268300
vt 0.350000 0.226900
vt 0.275000 0.307900
vt 0.250000 0.307900
vt 0.275000 0.268300
vt 0.275000 0.226900
vt 0.275000 0.185100
vt 0.425000 0.185100
vt 0.450000 0.185100
vt 0.425000 0.226900
vt 0.400000 0.185100
vt 0.400000 0.226900
vt 0.450000 0.268300
vt 0.425000 0.307900
vt 0.425000 0.268300
vt 0.400000 0.307900
vt 0.400000 0.268300
vt 0.450000 0.226900
vt 0.375000 0.307900
vt 0.350000 0.307900
vt 0.375000 0.268300
vt 0.375000 0.226900
vt 0.375000 0.185100
vt 0.525000 0.185100
vt 0.550000 0.185100
vt 0.525000 0.226900
vt 0.500000 0.185100
vt 0.500000 0.226900
vt 0.550000 0.268300
vt 0.525000 0.307900
vt 0.525000 0.268300
vt 0.500000 0.307900
vt 0.500000 0.268300
vt 0.550000 0.226900
vt 0.475000 0.307900
vt 0.450000 0.307900
vt 0.475000 0.268300
vt 0.475000 0.226900
vt 0.475000 0.185100
vt 0.625000 0.185100
vt 0.650000 0.185100
vt 0.625000 0.226900
vt 0.600000 0.185100
vt 0.600000 0.226900
vt 0.650000 0.268300
vt 0.625000 0.307900
vt 0.625000 0.268300
vt 0.600000 0.307900
vt 0.600000 0.268300
vt 0.650000 0.226900
vt 0.575000 0.307900
vt 0.550000 0.307900
vt 0.575000 0.268300
vt 0.575000 0.226900
vt 0.575000 0.185100
vt 0.725000 0.185100
vt 0.725000 0.226900
vt 0.700000 0.185100
vt 0.700000 0.226900
vt 0.725000 0.307900
vt 0.725000 0.268300
vt 0.700000 0.307900
vt 0.700000 0.268300
vt 0.675000 0.307900
vt 0.650000 0.307900
vt 0.675000 0.268300
vt 0.675000 0.226900
vt 0.675000 0.185100
vt 0.825000 0.344300
vt 0.850000 0.344300
vt 0.825000 0.377500
vt 0.800000 0.344300
vt 0.800000 0.377500
vt 0.850000 0.435200
vt 0.825000 0.407800
vt 0.850000 0.407800
vt 0.825000 0.435200
vt 0.800000 0.407800
vt 0.850000 0.377500
vt 0.750000 0.435200
vt 0.775000 0.407800
vt 0.775000 0.435200
vt 0.750000 0.407800
vt 0.775000 0.377500
vt 0.800000 0.435200
vt 0.775000 0.344300
vt 0.750000 0.344300
vt 0.750000 0.377500
vt 0.925000 0.344300
vt 0.950000 0.344300
vt 0.925000 0.377500
vt 0.900000 0.344300
vt 0.900000 0.377500
vt 0.950000 0.435200
vt 0.925000 0.407800
vt 0.950000 0.407800
vt 0.925000 0.435200
vt 0.900000 0.407800
vt 0.950000 0.377500
vt 0.875000 0.407800
vt 0.875000 0.435200
vt 0.875000 0.377500
vt 0.900000 0.435200
vt 0.875000 0.344300
vt 1.050000 0.316100
vt 1.025000 0.345900
vt 1.050000 0.347600
vt 1.025000 0.378300
vt 1.000000 0.344700
vt 1.000000 0.377700
vt 1.050000 0.442000
vt 1.025000 0.409200
vt 1.050000 0.410500
vt 1.025000 0.437300
vt 1.000000 0.408100
vt 1.050000 0.379000
vt 0.975000 0.407800
vt 0.975000 0.435200
vt 0.975000 0.377500
vt 1.000000 0.435800
vt 0.975000 0.344300
vt 0.125000 0.344300
vt 0.150000 0.344300
vt 0.125000 0.377500
vt 0.100000 0.344700
vt 0.100000 0.377700
vt 0.150000 0.435200
vt 0.125000 0.407800
vt 0.150000 0.407800
vt 0.125000 0.435200
vt 0.100000 0.408100
vt 0.150000 0.377500
vt 0.050000 0.442000
vt 0.075000 0.409200
vt 0.075000 0.437300
vt 0.050000 0.410500
vt 0.075000 0.378300
vt 0.100000 0.435800
vt 0.075000 0.345900
vt 0.050000 0.347600
vt 0.050000 0.379000
vt 0.225000 0.344300
vt 0.250000 0.344300
vt 0.225000 0.377500
vt 0.200000 0.344300
vt 0.200000 0.377500
vt 0.250000 0.435200
vt 0.225000 0.407800
vt 0.250000 0.407800
vt 0.225000 0.435200
vt 0.200000 0.407800
vt 0.250000 0.377500
vt 0.175000 0.407800
vt 0.175000 0.435200
vt 0.175000 0.377500
vt 0.200000 0.435200
vt 0.175000 0.344300
vt 0.325000 0.344300
vt 0.350000 0.344300
vt 0.325000 0.377500
vt 0.300000 0.344300
vt 0.300000 0.377500
vt 0.350000 0.435200
vt 0.325000 0.407800
vt 0.350000 0.407800
vt 0.325000 0.435200
vt 0.300000 0.407800
vt 0.350000 0.377500
vt 0.275000 0.407800
vt 0.275000 0.435200
vt 0.275000 0.377500
vt 0.300000 0.435200
vt 0.275000 0.344300
vt 0.425000 0.344300
vt 0.450000 0.344300
vt 0.425000 0.377500
vt 0.400000 0.344300
vt 0.400000 0.377500
vt 0.450000 0.435200
vt 0.425000 0.407800
vt 0.450000 0.407800
vt 0.425000 0.435200
vt 0.400000 0.407800
vt 0.450000 0.377500
vt 0.375000 0.407800
vt 0.375000 0.435200
vt 0.375000 0.377500
vt 0.400000 0.435200
vt 0.375000 0.344300
vt 0.525000 0.344300
vt 0.550000 0.344300
vt 0.525000 0.377500
vt 0.500000 0.344300
vt 0.500000 0.377500
vt 0.550000 0.435200
vt 0.525000 0.407800
vt 0.550000 0.407800
vt 0.525000 0.435200
vt 0.500000 0.407800
vt 0.550000 0.377500
vt 0.475000 0.407800
vt 0.475000 0.435200
vt 0.475000 0.377500
vt 0.500000 0.435200
vt 0.475000 0.344300
vt 0.625000 0.344300
vt 0.650000 0.344300
vt 0.625000 0.377500
vt 0.600000 0.344300
vt 0.600000 0.377500
vt 0.650000 0.435200
vt 0.625000 0.407800
vt 0.650000 0.407800
vt 0.625000 0.435200
vt 0.600000 0.407800
vt 0.650000 0.377500
vt 0.575000 0.407800
vt 0.575000 0.435200
vt 0.575000 0.377500
vt 0.600000 0.435200
vt 0.575000 0.344300
vt 0.725000 0.344300
vt 0.725000 0.377500
vt 0.700000 0.344300
vt 0.700000 0.377500
vt 0.725000 0.407800
vt 0.725000 0.435200
vt 0.700000 0.407800
vt 0.675000 0.407800
vt 0.675000 0.435200
vt 0.675000 0.377500
vt 0.700000 0.435200
vt 0.675000 0.344300
vt 0.850000 0.460000
vt 0.850000 0.482400
vt 0.825000 0.460000
vt 0.825000 0.482400
vt 0.800000 0.460000
vt 0.850000 0.521000
vt 0.825000 0.502600
vt 0.850000 0.502600
vt 0.825000 0.521000
vt 0.800000 0.502600
vt 0.800000 0.482400
vt 0.750000 0.521000
vt 0.775000 0.502600
vt 0.775000 0.521000
vt 0.750000 0.502600
vt 0.775000 0.482400
vt 0.800000 0.521000
vt 0.750000 0.460000
vt 0.775000 0.460000
vt 0.750000 0.482400
vt 0.950000 0.460000
vt 0.950000 0.482400
vt 0.925000 0.460000
vt 0.925000 0.482400
vt 0.900000 0.460000
vt 0.950000 0.521000
vt 0.925000 0.502600
vt 0.950000 0.502600
vt 0.925000 0.521000
vt 0.900000 0.502600
vt 0.900000 0.482400
vt 0.875000 0.502600
vt 0.875000 0.521000
vt 0.875000 0.482400
vt 0.900000 0.521000
vt 0.875000 0.460000
vt 1.050000 0.462700
vt 1.050000 0.483400
vt 1.025000 0.461300
vt 1.025000 0.482900
vt 1.000000 0.460300
vt 1.050000 0.524900
vt 1.025000 0.503400
vt 1.050000 0.504100
vt 1.025000 0.522200
vt 1.000000 0.502800
vt 1.000000 0.482500
vt 0.975000 0.502600
vt 0.975000 0.521000
vt 0.975000 0.482400
vt 1.000000 0.521300
vt 0.975000 0.460000
vt 0.150000 0.460000
vt 0.150000 0.482400
vt 0.125000 0.460000
vt 0.125000 0.482400
vt 0.100000 0.460300
vt 0.150000 0.521000
vt 0.125000 0.502600
vt 0.150000 0.502600
vt 0.125000 0.521000
vt 0.100000 0.502800
vt 0.100000 0.482500
vt 0.050000 0.524900
vt 0.075000 0.503400
vt 0.075000 0.522200
vt 0.050000 0.504100
vt 0.075000 0.482900
vt 0.100000 0.521300
vt 0.050000 0.462700
vt 0.075000 0.461300
vt 0.050000 0.483400
vt 0.250000 0.460000
vt 0.250000 0.482400
vt 0.225000 0.460000
vt 0.225000 0.482400
vt 0.200000 0.460000
vt 0.250000 0.521000
vt 0.225000 0.502600
vt 0.250000 0.502600
vt 0.225000 0.521000
vt 0.200000 0.502600
vt 0.200000 0.482400
vt 0.175000 0.502600
vt 0.175000 0.521000
vt 0.175000 0.482400
vt 0.200000 0.521000
vt 0.175000 0.460000
vt 0.350000 0.460000
vt 0.350000 0.482400
vt 0.325000 0.460000
vt 0.325000 0.482400
vt 0.300000 0.460000
vt 0.350000 0.521000
vt 0.325000 0.502600
vt 0.350000 0.502600
vt 0.325000 0.521000
vt 0.300000 0.502600
vt 0.300000 0.482400
vt 0.275000 0.502600
vt 0.275000 0.521000
vt 0.275000 0.482400
vt 0.300000 0.521000
vt 0.275000 0.460000
vt 0.450000 0.460000
vt 0.450000 0.482400
vt 0.425000 0.460000
vt 0.425000 0.482400
vt 0.400000 0.460000
vt 0.450000 0.521000
vt 0.425000 0.502600
vt 0.450000 0.502600
vt 0.425000 0.521000
vt 0.400000 0.502600
vt 0.400000 0.482400
vt 0.375000 0.502600
vt 0.375000 0.521000
vt 0.375000 0.482400
vt 0.400000 0.521000
vt 0.375000 0.460000
vt 0.550000 0.460000
vt 0.550000 0.482400
vt 0.525000 0.460000
vt 0.525000 0.482400
vt 0.500000 0.460000
vt 0.550000 0.521000
vt 0.525000 0.502600
vt 0.550000 0.502600
vt 0.525000 0.521000
vt 0.500000 0.502600
vt 0.500000 0.482400
vt 0.475000 0.502600
vt 0.475000 0.521000
vt 0.475000 0.482400
vt 0.500000 0.521000
vt 0.475000 0.460000
vt 0.650000 0.460000
vt 0.650000 0.482400
vt 0.625000 0.460000
vt 0.625000 0.482400
vt 0.600000 0.460000
vt 0.650000 0.521000
vt 0.625000 0.502600
vt 0.650000 0.502600
vt 0.625000 0.521000
vt 0.600000 0.502600
vt 0.600000 0.482400
vt 0.575000 0.502600
vt 0.575000 0.521000
vt 0.575000 0.482400
vt 0.600000 0.521000
vt 0.575000 0.460000
vt 0.725000 0.460000
vt 0.725000 0.482400
vt 0.700000 0.460000
vt 0.725000 0.502600
vt 0.725000 0.521000
vt 0.700000 0.502600
vt 0.700000 0.482400
vt 0.675000 0.502600
vt 0.675000 0.521000
vt 0.675000 0.482400
vt 0.700000 0.521000
vt 0.675000 0.460000
vt 0.850000 0.606400
vt 0.825000 0.587500
vt 0.850000 0.587500
vt 0.850000 0.627500
vt 0.825000 0.606400
vt 0.800000 0.587500
vt 0.825000 0.627500
vt 0.800000 0.606400
vt 0.850000 0.678300
vt 0.825000 0.651300
vt 0.850000 0.651300
vt 0.825000 0.678300
vt 0.800000 0.651300
vt 0.800000 0.627500
vt 0.750000 0.678300
vt 0.775000 0.651300
vt 0.775000 0.678300
vt 0.750000 0.651300
vt 0.775000 0.627500
vt 0.800000 0.678300
vt 0.750000 0.606400
vt 0.775000 0.587500
vt 0.775000 0.606400
vt 0.750000 0.627500
vt 0.950000 0.606400
vt 0.925000 0.587500
vt 0.950000 0.587500
vt 0.950000 0.627500
vt 0.925000 0.606400
vt 0.900000 0.587500
vt 0.925000 0.627500
vt 0.900000 0.606400
vt 0.950000 0.678300
vt 0.925000 0.651300
vt 0.950000 0.651300
vt 0.925000 0.678300
vt 0.900000 0.651300
vt 0.900000 0.627500
vt 0.875000 0.651300
vt 0.875000 0.678300
vt 0.875000 0.627500
vt 0.900000 0.678300
vt 0.875000 0.587500
vt 0.875000 0.606400
vt 1.050000 0.604700
vt 1.025000 0.586200
vt 1.050000 0.583200
vt 1.050000 0.626200
vt 1.025000 0.605600
vt 1.000000 0.587200
vt 1.025000 0.626900
vt 1.000000 0.606200
vt 1.050000 0.669200
vt 1.025000 0.649500
vt 1.050000 0.647700
vt 1.025000 0.675600
vt 1.000000 0.650900
vt 1.000000 0.627400
vt 0.975000 0.651300
vt 0.975000 0.678300
vt 0.975000 0.627500
vt 1.000000 0.677600
vt 0.975000 0.587500
vt 0.975000 0.606400
vt 0.150000 0.606400
vt 0.125000 0.587500
vt 0.150000 0.587500
vt 0.150000 0.627500
vt 0.125000 0.606400
vt 0.100000 0.587200
vt 0.125000 0.627500
vt 0.100000 0.606200
vt 0.150000 0.678300
vt 0.125000 0.651300
vt 0.150000 0.651300
vt 0.125000 0.678300
vt 0.100000 0.650900
vt 0.100000 0.627400
vt 0.050000 0.669200
vt 0.075000 0.649500
vt 0.075000 0.675600
vt 0.050000 0.647700
vt 0.075000 0.626900
vt 0.100000 0.677600
vt 0.050000 0.604700
vt 0.075000 0.586200
vt 0.075000 0.605600
vt 0.050000 0.626200
vt 0.250000 0.606400
vt 0.225000 0.587500
vt 0.250000 0.587500
vt 0.250000 0.627500
vt 0.225000 0.606400
vt 0.200000 0.587500
vt 0.225000 0.627500
vt 0.200000 0.606400
vt 0.250000 0.678300
vt 0.225000 0.651300
vt 0.250000 0.651300
vt 0.225000 0.678300
vt 0.200000 0.651300
vt 0.200000 0.627500
vt 0.175000 0.651300
vt 0.175000 0.678300
vt 0.175000 0.627500
vt 0.200000 0.678300
vt 0.175000 0.587500
vt 0.175000 0.606400
vt 0.350000 0.606400
vt 0.325000 0.587500
vt 0.350000 0.587500
vt 0.350000 0.627500
vt 0.325000 0.606400
vt 0.300000 0.587500
vt 0.325000 0.627500
vt 0.300000 0.606400
vt 0.350000 0.678300
vt 0.325000 0.651300
vt 0.350000 0.651300
vt 0.325000 0.678300
vt 0.300000 0.651300
vt 0.300000 0.627500
vt 0.275000 0.651300
vt 0.275000 0.678300
vt 0.275000 0.627500
vt 0.300000 0.678300
vt 0.275000 0.587500
vt 0.275000 0.606400
vt 0.450000 0.606400
vt 0.425000 0.587500
vt 0.450000 0.587500
vt 0.450000 0.627500
vt 0.425000 0.606400
vt 0.400000 0.587500
vt 0.425000 0.627500
vt 0.400000 0.606400
vt 0.450000 0.678300
vt 0.425000 0.651300
vt 0.450000 0.651300
vt 0.425000 0.678300
vt 0.400000 0.651300
vt 0.400000 0.627500
vt 0.375000 0.651300
vt 0.375000 0.678300
vt 0.375000 0.627500
vt 0.400000 0.678300
vt 0.375000 0.587500
vt 0.375000 0.606400
vt 0.550000 0.606400
vt 0.525000 0.587500
vt 0.550000 0.587500
vt 0.550000 0.627500
vt 0.525000 0.606400
vt 0.500000 0.587500
vt 0.525000 0.627500
vt 0.500000 0.606400
vt 0.550000 0.678300
vt 0.525000 0.651300
vt 0.550000 0.651300
vt 0.525000 0.678300
vt 0.500000 0.651300
vt 0.500000 0.627500
vt 0.475000 0.651300
vt 0.475000 0.678300
vt 0.475000 0.627500
vt 0.500000 0.678300
vt 0.475000 0.587500
vt 0.475000 0.606400
vt 0.650000 0.606400
vt 0.625000 0.587500
vt 0.650000 0.587500
vt 0.650000 0.627500
vt 0.625000 0.606400
vt 0.600000 0.587500
vt 0.625000 0.627500
vt 0.600000 0.606400
vt 0.650000 0.678300
vt 0.625000 0.651300
vt 0.650000 0.651300
vt 0.625000 0.678300
vt 0.600000 0.651300
vt 0.600000 0.627500
vt 0.575000 0.651300
vt 0.575000 0.678300
vt 0.575000 0.627500
vt 0.600000 0.678300
vt 0.575000 0.587500
vt 0.575000 0.606400
vt 0.725000 0.587500
vt 0.750000 0.587500
vt 0.725000 0.606400
vt 0.700000 0.587500
vt 0.725000 0.627500
vt 0.700000 0.606400
vt 0.725000 0.651300
vt 0.725000 0.678300
vt 0.700000 0.651300
vt 0.700000 0.627500
vt 0.675000 0.651300
vt 0.675000 0.678300
vt 0.675000 0.627500
vt 0.700000 0.678300
vt 0.675000 0.587500
vt 0.675000 0.606400
vt 0.850000 0.819900
vt 0.825000 0.862400
vt 0.825000 0.819900
vt 0.850000 0.862400
vt 0.825000 0.904000
vt 0.800000 0.862400
vt 0.800000 0.819900
vt 0.800000 0.904000
vt 0.850000 0.941000
vt 0.825000 0.970100
vt 0.825000 0.941000
vt 0.800000 0.970100
vt 0.800000 0.941000
vt 0.850000 0.904000
vt 0.750000 0.941000
vt 0.775000 0.970100
vt 0.750000 0.970100
vt 0.750000 0.904000
vt 0.775000 0.941000
vt 0.775000 0.904000
vt 0.750000 0.819900
vt 0.775000 0.862400
vt 0.750000 0.862400
vt 0.775000 0.819900
vt 0.950000 0.819900
vt 0.925000 0.862400
vt 0.925000 0.819900
vt 0.950000 0.862400
vt 0.925000 0.904000
vt 0.900000 0.862400
vt 0.900000 0.819900
vt 0.900000 0.904000
vt 0.950000 0.941000
vt 0.925000 0.970100
vt 0.925000 0.941000
vt 0.900000 0.970100
vt 0.900000 0.941000
vt 0.950000 0.904000
vt 0.875000 0.970100
vt 0.850000 0.970100
vt 0.875000 0.941000
vt 0.875000 0.904000
vt 0.875000 0.862400
vt 0.875000 0.819900
vt 1.050000 0.813500
vt 1.025000 0.861100
vt 1.025000 0.818000
vt 1.050000 0.859800
vt 1.025000 0.905100
vt 1.000000 0.862100
vt 1.000000 0.819400
vt 1.000000 0.904200
vt 1.050000 0.952600
vt 1.025000 0.978800
vt 1.025000 0.946800
vt 1.000000 0.972300
vt 1.000000 0.942500
vt 1.050000 0.906200
vt 0.975000 0.970100
vt 0.950000 0.970100
vt 0.975000 0.941000
vt 0.975000 0.904000
vt 0.975000 0.862400
vt 0.975000 0.819900
vt 0.150000 0.819900
vt 0.125000 0.862400
vt 0.125000 0.819900
vt 0.150000 0.862400
vt 0.125000 0.904000
vt 0.100000 0.862100
vt 0.100000 0.819400
vt 0.100000 0.904200
vt 0.150000 0.941000
vt 0.125000 0.970100
vt 0.125000 0.941000
vt 0.100000 0.972300
vt 0.100000 0.942500
vt 0.150000 0.904000
vt 0.050000 0.952600
vt 0.075000 0.978800
vt 0.050000 0.998900
vt 0.050000 0.906200
vt 0.075000 0.946800
vt 0.075000 0.905100
vt 0.050000 0.813500
vt 0.075000 0.861100
vt 0.050000 0.859800
vt 0.075000 0.818000
vt 0.250000 0.819900
vt 0.225000 0.862400
vt 0.225000 0.819900
vt 0.250000 0.862400
vt 0.225000 0.904000
vt 0.200000 0.862400
vt 0.200000 0.819900
vt 0.200000 0.904000
vt 0.250000 0.941000
vt 0.225000 0.970100
vt 0.225000 0.941000
vt 0.200000 0.970100
vt 0.200000 0.941000
vt 0.250000 0.904000
vt 0.175000 0.970100
vt 0.150000 0.970100
vt 0.175000 0.941000
vt 0.175000 0.904000
vt 0.175000 0.862400
vt 0.175000 0.819900
vt 0.350000 0.819900
vt 0.325000 0.862400
vt 0.325000 0.819900
vt 0.350000 0.862400
vt 0.325000 0.904000
vt 0.300000 0.862400
vt 0.300000 0.819900
vt 0.300000 0.904000
vt 0.350000 0.941000
vt 0.325000 0.970100
vt 0.325000 0.941000
vt 0.300000 0.970100
vt 0.300000 0.941000
vt 0.350000 0.904000
vt 0.275000 0.970100
vt 0.250000 0.970100
vt 0.275000 0.941000
vt 0.275000 0.904000
vt 0.275000 0.862400
vt 0.275000 0.819900
vt 0.450000 0.819900
vt 0.425000 0.862400
vt 0.425000 0.819900
vt 0.450000 0.862400
vt 0.425000 0.904000
vt 0.400000 0.862400
vt 0.400000 0.819900
vt 0.400000 0.904000
vt 0.450000 0.941000
vt 0.425000 0.970100
vt 0.425000 0.941000
vt 0.400000 0.970100
vt 0.400000 0.941000
vt 0.450000 0.904000
vt 0.375000 0.970100
vt 0.350000 0.970100
vt 0.375000 0.941000
vt 0.375000 0.904000
vt 0.375000 0.862400
vt 0.375000 0.819900
vt 0.550000 0.819900
vt 0.525000 0.862400
vt 0.525000 0.819900
vt 0.550000 0.862400
vt 0.525000 0.904000
vt 0.500000 0.862400
vt 0.500000 0.819900
vt 0.500000 0.904000
vt 0.550000 0.941000
vt 0.525000 0.970100
vt 0.525000 0.941000
vt 0.500000 0.970100
vt 0.500000 0.941000
vt 0.550000 0.904000
vt 0.475000 0.970100
vt 0.450000 0.970100
vt 0.475000 0.941000
vt 0.475000 0.904000
vt 0.475000 0.862400
vt 0.475000 0.819900
vt 0.650000 0.819900
vt 0.625000 0.862400
vt 0.625000 0.819900
vt 0.650000 0.862400
vt 0.625000 0.904000
vt 0.600000 0.862400
vt 0.600000 0.819900
vt 0.600000 0.904000
vt 0.650000 0.941000
vt 0.625000 0.970100
vt 0.625000 0.941000
vt 0.600000 0.970100
vt 0.600000 0.941000
vt 0.650000 0.904000
vt 0.575000 0.970100
vt 0.550000 0.970100
vt 0.575000 0.941000
vt 0.575000 0.904000
vt 0.575000 0.862400
vt 0.575000 0.819900
vt 0.725000 0.862400
vt 0.725000 0.819900
vt 0.725000 0.904000
vt 0.700000 0.862400
vt 0.700000 0.819900
vt 0.700000 0.904000
vt 0.725000 0.970100
vt 0.725000 0.941000
vt 0.700000 0.970100
vt 0.700000 0.941000
vt 0.675000 0.970100
vt 0.650000 0.970100
vt 0.675000 0.941000
vt 0.675000 0.904000
vt 0.675000 0.862400
vt 0.675000 0.819900
vt 0.850000 0.537900
vt 0.850000 0.554100
vt 0.825000 0.537900
vt 0.825000 0.554100
vt 0.800000 0.537900
vt 0.825000 0.570300
vt 0.850000 0.570300
vt 0.800000 0.570300
vt 0.800000 0.554100
vt 0.775000 0.570300
vt 0.750000 0.570300
vt 0.775000 0.554100
vt 0.750000 0.537900
vt 0.775000 0.537900
vt 0.750000 0.554100
vt 0.950000 0.537900
vt 0.950000 0.554100
vt 0.925000 0.537900
vt 0.925000 0.554100
vt 0.900000 0.537900
vt 0.925000 0.570300
vt 0.950000 0.570300
vt 0.900000 0.570300
vt 0.900000 0.554100
vt 0.875000 0.570300
vt 0.875000 0.554100
vt 0.875000 0.537900
vt 1.050000 0.539500
vt 1.050000 0.554000
vt 1.025000 0.538700
vt 1.025000 0.554100
vt 1.000000 0.538100
vt 1.025000 0.569500
vt 1.050000 0.568600
vt 1.000000 0.570100
vt 1.000000 0.554100
vt 0.975000 0.570300
vt 0.975000 0.554100
vt 0.975000 0.537900
vt 0.150000 0.537900
vt 0.150000 0.554100
vt 0.125000 0.537900
vt 0.125000 0.554100
vt 0.100000 0.538100
vt 0.125000 0.570300
vt 0.150000 0.570300
vt 0.100000 0.570100
vt 0.100000 0.554100
vt 0.050000 0.583200
vt 0.075000 0.569500
vt 0.050000 0.568600
vt 0.075000 0.554100
vt 0.050000 0.539500
vt 0.075000 0.538700
vt 0.050000 0.554000
vt 0.250000 0.537900
vt 0.250000 0.554100
vt 0.225000 0.537900
vt 0.225000 0.554100
vt 0.200000 0.537900
vt 0.225000 0.570300
vt 0.250000 0.570300
vt 0.200000 0.570300
vt 0.200000 0.554100
vt 0.175000 0.570300
vt 0.175000 0.554100
vt 0.175000 0.537900
vt 0.350000 0.537900
vt 0.350000 0.554100
vt 0.325000 0.537900
vt 0.325000 0.554100
vt 0.300000 0.537900
vt 0.325000 0.570300
vt 0.350000 0.570300
vt 0.300000 0.570300
vt 0.300000 0.554100
vt 0.275000 0.570300
vt 0.275000 0.554100
vt 0.275000 0.537900
vt 0.450000 0.537900
vt 0.450000 0.554100
vt 0.425000 0.537900
vt 0.425000 0.554100
vt 0.400000 0.537900
vt 0.425000 0.570300
vt 0.450000 0.570300
vt 0.400000 0.570300
vt 0.400000 0.554100
vt 0.375000 0.570300
vt 0.375000 0.554100
vt 0.375000 0.537900
vt 0.550000 0.537900
vt 0.550000 0.554100
vt 0.525000 0.537900
vt 0.525000 0.554100
vt 0.500000 0.537900
vt 0.525000 0.570300
vt 0.550000 0.570300
vt 0.500000 0.570300
vt 0.500000 0.554100
vt 0.475000 0.570300
vt 0.475000 0.554100
vt 0.475000 0.537900
vt 0.650000 0.537900
vt 0.650000 0.554100
vt 0.625000 0.537900
vt 0.625000 0.554100
vt 0.600000 0.537900
vt 0.625000 0.570300
vt 0.650000 0.570300
vt 0.600000 0.570300
vt 0.600000 0.554100
vt 0.575000 0.570300
vt 0.575000 0.554100
vt 0.575000 0.537900
vt 0.725000 0.537900
vt 0.725000 0.554100
vt 0.700000 0.537900
vt 0.725000 0.570300
vt 0.700000 0.570300
vt 0.700000 0.554100
vt 0.675000 0.570300
vt 0.675000 0.554100
vt 0.675000 0.537900
vt 0.850000 0.708900
vt 0.850000 0.742900
vt 0.825000 0.708900
vt 0.825000 0.742900
vt 0.800000 0.708900
vt 0.825000 0.780000
vt 0.850000 0.780000
vt 0.800000 0.780000
vt 0.800000 0.742900
vt 0.775000 0.780000
vt 0.750000 0.780000
vt 0.775000 0.742900
vt 0.750000 0.708900
vt 0.775000 0.708900
vt 0.750000 0.742900
vt 0.950000 0.708900
vt 0.950000 0.742900
vt 0.925000 0.708900
vt 0.925000 0.742900
vt 0.900000 0.708900
vt 0.950000 0.780000
vt 0.925000 0.780000
vt 0.900000 0.780000
vt 0.900000 0.742900
vt 0.875000 0.742900
vt 0.875000 0.780000
vt 0.875000 0.708900
vt 1.050000 0.705300
vt 1.050000 0.741300
vt 1.025000 0.707100
vt 1.025000 0.742100
vt 1.000000 0.708400
vt 1.025000 0.778700
vt 1.050000 0.777400
vt 1.000000 0.779700
vt 1.000000 0.742700
vt 0.975000 0.780000
vt 0.975000 0.742900
vt 0.975000 0.708900
vt 0.150000 0.708900
vt 0.150000 0.742900
vt 0.125000 0.708900
vt 0.125000 0.742900
vt 0.100000 0.708400
vt 0.150000 0.780000
vt 0.125000 0.780000
vt 0.100000 0.779700
vt 0.100000 0.742700
vt 0.050000 0.777400
vt 0.075000 0.742100
vt 0.075000 0.778700
vt 0.050000 0.705300
vt 0.075000 0.707100
vt 0.050000 0.741300
vt 0.250000 0.708900
vt 0.250000 0.742900
vt 0.225000 0.708900
vt 0.225000 0.742900
vt 0.200000 0.708900
vt 0.225000 0.780000
vt 0.250000 0.780000
vt 0.200000 0.780000
vt 0.200000 0.742900
vt 0.175000 0.780000
vt 0.175000 0.742900
vt 0.175000 0.708900
vt 0.350000 0.708900
vt 0.350000 0.742900
vt 0.325000 0.708900
vt 0.325000 0.742900
vt 0.300000 0.708900
vt 0.325000 0.780000
vt 0.350000 0.780000
vt 0.300000 0.780000
vt 0.300000 0.742900
vt 0.275000 0.780000
vt 0.275000 0.742900
vt 0.275000 0.708900
vt 0.450000 0.708900
vt 0.450000 0.742900
vt 0.425000 0.708900
vt 0.425000 0.742900
vt 0.400000 0.708900
vt 0.450000 0.780000
vt 0.425000 0.780000
vt 0.400000 0.780000
vt 0.400000 0.742900
vt 0.375000 0.742900
vt 0.375000 0.780000
vt 0.375000 0.708900
vt 0.550000 0.708900
vt 0.550000 0.742900
vt 0.525000 0.708900
vt 0.525000 0.742900
vt 0.500000 0.708900
vt 0.525000 0.780000
vt 0.550000 0.780000
vt 0.500000 0.780000
vt 0.500000 0.742900
vt 0.475000 0.780000
vt 0.475000 0.742900
vt 0.475000 0.708900
vt 0.650000 0.708900
vt 0.650000 0.742900
vt 0.625000 0.708900
vt 0.625000 0.742900
vt 0.600000 0.708900
vt 0.650000 0.780000
vt 0.625000 0.780000
vt 0.600000 0.780000
vt 0.600000 0.742900
vt 0.575000 0.742900
vt 0.575000 0.780000
vt 0.575000 0.708900
vt 0.725000 0.708900
vt 0.725000 0.742900
vt 0.700000 0.708900
vt 0.725000 0.780000
vt 0.700000 0.780000
vt 0.700000 0.742900
vt 0.675000 0.780000
vt 0.675000 0.742900
vt 0.675000 0.708900
vt 0.857200 0.000100
vt 0.820700 0.000100
vt 0.840800 0.000100
vt 0.826000 0.000100
vt 0.800900 0.000100
vt 0.811500 0.000000
vt 0.825600 0.000000
vt 0.800100 0.000000
vt 0.756600 0.000100
vt 0.782000 0.000100
vt 0.778700 0.000100
vt 0.762800 0.000100
vt 0.788200 0.000000
vt 0.801500 0.000100
vt 0.812800 0.000000
vt 0.782000 0.000000
vt 0.800000 0.000000
vt 0.799300 0.000000
vt 0.771300 0.000000
vt 0.775000 0.999800
vt 0.750000 0.999900
vt 0.750000 0.999800
vt 0.800000 0.999800
vt 0.775000 0.999900
vt 0.750000 1.000000
vt 0.800000 0.999900
vt 0.775000 1.000000
vt 0.825000 0.999800
vt 0.850000 0.999900
vt 0.825000 0.999900
vt 0.850000 1.000000
vt 0.825000 1.000000
vt 0.800000 1.000000
vt 0.850000 1.000000
vt 0.825000 1.000000
vt 0.850000 1.000000
vt 0.825000 1.000000
vt 0.800000 1.000000
vt 0.750000 1.000000
vt 0.775000 1.000000
vt 0.775000 1.000000
vt 0.750000 1.000000
vt 0.800000 1.000000
vt 0.956500 0.000100
vt 0.942300 0.000100
vt 0.962600 0.000100
vt 0.933900 0.000100
vt 0.922800 0.000100
vt 0.951200 0.000000
vt 0.971100 0.000000
vt 0.934800 0.000000
vt 0.906100 0.000100
vt 0.887500 0.000100
vt 0.890800 0.000100
vt 0.930800 0.000000
vt 0.910800 0.000100
vt 0.981900 0.000000
vt 0.962800 0.000000
vt 1.000000 0.000000
vt 0.957600 0.000000
vt 0.925600 0.000000
vt 0.875000 0.999800
vt 0.850000 0.999800
vt 0.900000 0.999800
vt 0.875000 0.999900
vt 0.900000 0.999900
vt 0.875000 1.000000
vt 0.925000 0.999800
vt 0.950000 0.999900
vt 0.925000 0.999900
vt 0.950000 1.000000
vt 0.925000 1.000000
vt 0.900000 1.000000
vt 0.950000 1.000000
vt 0.925000 1.000000
vt 0.950000 1.000000
vt 0.925000 1.000000
vt 0.900000 1.000000
vt 0.875000 1.000000
vt 0.875000 1.000000
vt 0.900000 1.000000
vt 1.049600 0.000000
vt 1.018600 0.000000
vt 1.037200 0.000000
vt 1.023300 0.000100
vt 1.000100 0.000000
vt 1.010600 0.000000
vt 1.024800 0.000000
vt 0.999500 0.000000
vt 0.981600 0.000100
vt 0.978400 0.000100
vt 0.987900 0.000000
vt 1.000400 0.000100
vt 1.012400 0.000000
vt 0.999000 0.000000
vt 0.975000 0.999800
vt 0.950000 0.999800
vt 1.000000 0.999800
vt 0.975000 0.999900
vt 1.000000 0.999900
vt 0.975000 1.000000
vt 1.025000 0.999900
vt 1.050000 1.000000
vt 1.025000 1.000000
vt 1.050000 1.000000
vt 1.025000 1.000000
vt 1.000000 1.000000
vt 1.050000 1.000000
vt 1.025000 1.000000
vt 1.050000 1.000000
vt 1.025000 1.000000
vt 1.000000 1.000000
vt 0.975000 1.000000
vt 0.975000 1.000000
vt 1.000000 1.000000
vt 0.162900 0.000100
vt 0.154300 0.000100
vt 0.175300 0.000100
vt 0.140000 0.000100
vt 0.133800 0.000000
vt 0.170800 0.000000
vt 0.192300 0.000000
vt 0.151700 0.000000
vt 0.051500 0.000000
vt 0.116600 0.000000
vt 0.090100 0.000100
vt 0.101100 0.000000
vt 0.151000 0.000000
vt 0.115800 0.000100
vt 0.213800 0.000000
vt 0.200400 0.000000
vt 0.250000 0.000000
vt 0.185900 0.000000
vt 0.150800 0.000000
vt 0.075000 0.999900
vt 0.050000 1.000000
vt 0.050000 1.000000
vt 0.100000 0.999800
vt 0.075000 1.000000
vt 0.050000 1.000000
vt 0.100000 0.999900
vt 0.075000 1.000000
vt 0.125000 0.999800
vt 0.150000 0.999900
vt 0.125000 0.999900
vt 0.150000 1.000000
vt 0.125000 1.000000
vt 0.100000 1.000000
vt 0.150000 1.000000
vt 0.125000 1.000000
vt 0.150000 1.000000
vt 0.125000 1.000000
vt 0.100000 1.000000
vt 0.050000 1.000000
vt 0.075000 1.000000
vt 0.075000 1.000000
vt 0.050000 1.000000
vt 0.100000 1.000000
vt 0.250000 0.000100
vt 0.230300 0.000100
vt 0.250000 0.000100
vt 0.227700 0.000100
vt 0.211300 0.000100
vt 0.231100 0.000000
vt 0.250000 0.000000
vt 0.216500 0.000000
vt 0.193600 0.000100
vt 0.184500 0.000100
vt 0.207500 0.000000
vt 0.205800 0.000100
vt 0.250000 0.000000
vt 0.227300 0.000000
vt 0.175000 0.999800
vt 0.150000 0.999800
vt 0.200000 0.999800
vt 0.175000 0.999900
vt 0.200000 0.999900
vt 0.175000 1.000000
vt 0.225000 0.999800
vt 0.250000 0.999900
vt 0.225000 0.999900
vt 0.250000 1.000000
vt 0.225000 1.000000
vt 0.200000 1.000000
vt 0.250000 1.000000
vt 0.225000 1.000000
vt 0.250000 1.000000
vt 0.225000 1.000000
vt 0.200000 1.000000
vt 0.175000 1.000000
vt 0.175000 1.000000
vt 0.200000 1.000000
vt 0.337400 0.000100
vt 0.306500 0.000100
vt 0.325000 0.000100
vt 0.315600 0.000100
vt 0.288700 0.000100
vt 0.292600 0.000000
vt 0.308000 0.000000
vt 0.283500 0.000000
vt 0.269700 0.000100
vt 0.272300 0.000100
vt 0.268900 0.000000
vt 0.294200 0.000100
vt 0.286400 0.000000
vt 0.272800 0.000000
vt 0.275000 0.999800
vt 0.250000 0.999800
vt 0.300000 0.999800
vt 0.275000 0.999900
vt 0.300000 0.999900
vt 0.275000 1.000000
vt 0.325000 0.999800
vt 0.350000 0.999900
vt 0.325000 0.999900
vt 0.350000 1.000000
vt 0.325000 1.000000
vt 0.300000 1.000000
vt 0.350000 1.000000
vt 0.325000 1.000000
vt 0.350000 1.000000
vt 0.325000 1.000000
vt 0.300000 1.000000
vt 0.275000 1.000000
vt 0.275000 1.000000
vt 0.300000 1.000000
vt 0.447200 0.000100
vt 0.384100 0.000100
vt 0.399300 0.000100
vt 0.410300 0.000100
vt 0.367000 0.000100
vt 0.349900 0.000000
vt 0.350600 0.000000
vt 0.349100 0.000000
vt 0.346300 0.000100
vt 0.360600 0.000100
vt 0.329800 0.000000
vt 0.385000 0.000100
vt 0.300300 0.000000
vt 0.314700 0.000000
vt 0.375000 0.999800
vt 0.350000 0.999800
vt 0.400000 0.999800
vt 0.375000 0.999900
vt 0.400000 0.999900
vt 0.375000 1.000000
vt 0.425000 0.999800
vt 0.450000 0.999900
vt 0.425000 0.999900
vt 0.450000 1.000000
vt 0.425000 1.000000
vt 0.400000 1.000000
vt 0.450000 1.000000
vt 0.425000 1.000000
vt 0.450000 1.000000
vt 0.425000 1.000000
vt 0.400000 1.000000
vt 0.375000 1.000000
vt 0.375000 1.000000
vt 0.400000 1.000000
vt 0.556600 0.000100
vt 0.542400 0.000100
vt 0.562800 0.000100
vt 0.533900 0.000100
vt 0.522300 0.000100
vt 0.551300 0.000000
vt 0.571300 0.000000
vt 0.534600 0.000000
vt 0.504100 0.000100
vt 0.484500 0.000100
vt 0.486800 0.000100
vt 0.530300 0.000000
vt 0.510100 0.000100
vt 0.582000 0.000000
vt 0.562800 0.000000
vt 0.600000 0.000000
vt 0.557600 0.000000
vt 0.525600 0.000000
vt 0.475000 0.999800
vt 0.450000 0.999800
vt 0.500000 0.999800
vt 0.475000 0.999900
vt 0.500000 0.999900
vt 0.475000 1.000000
vt 0.525000 0.999800
vt 0.550000 0.999900
vt 0.525000 0.999900
vt 0.550000 1.000000
vt 0.525000 1.000000
vt 0.500000 1.000000
vt 0.550000 1.000000
vt 0.525000 1.000000
vt 0.550000 1.000000
vt 0.525000 1.000000
vt 0.500000 1.000000
vt 0.475000 1.000000
vt 0.475000 1.000000
vt 0.500000 1.000000
vt 0.657200 0.000100
vt 0.620700 0.000100
vt 0.640800 0.000100
vt 0.626000 0.000100
vt 0.600900 0.000100
vt 0.611500 0.000000
vt 0.625600 0.000000
vt 0.600100 0.000000
vt 0.582000 0.000100
vt 0.578700 0.000100
vt 0.588200 0.000000
vt 0.601500 0.000100
vt 0.612800 0.000000
vt 0.599300 0.000000
vt 0.575000 0.999800
vt 0.550000 0.999800
vt 0.600000 0.999800
vt 0.575000 0.999900
vt 0.600000 0.999900
vt 0.575000 1.000000
vt 0.625000 0.999800
vt 0.650000 0.999900
vt 0.625000 0.999900
vt 0.650000 1.000000
vt 0.625000 1.000000
vt 0.600000 1.000000
vt 0.650000 1.000000
vt 0.625000 1.000000
vt 0.650000 1.000000
vt 0.625000 1.000000
vt 0.600000 1.000000
vt 0.575000 1.000000
vt 0.575000 1.000000
vt 0.600000 1.000000
vt 0.742400 0.000100
vt 0.733900 0.000100
vt 0.722800 0.000100
vt 0.751300 0.000000
vt 0.734800 0.000000
vt 0.706100 0.000100
vt 0.687500 0.000100
vt 0.690800 0.000100
vt 0.730800 0.000000
vt 0.710800 0.000100
vt 0.762800 0.000000
vt 0.757600 0.000000
vt 0.725600 0.000000
vt 0.675000 0.999800
vt 0.650000 0.999800
vt 0.700000 0.999800
vt 0.675000 0.999900
vt 0.700000 0.999900
vt 0.675000 1.000000
vt 0.725000 0.999800
vt 0.725000 0.999900
vt 0.725000 1.000000
vt 0.700000 1.000000
vt 0.725000 1.000000
vt 0.725000 1.000000
vt 0.700000 1.000000
vt 0.675000 1.000000
vt 0.675000 1.000000
vt 0.700000 1.000000
vt 0.775000 1.000000
vt 0.750000 1.000000
vt 0.750000 1.000000
vt 0.800000 1.000000
vt 0.775000 1.000000
vt 0.775000 1.000000
vt 0.750000 1.000000
vt 0.800000 1.000000
vt 0.825000 1.000000
vt 0.850000 1.000000
vt 0.825000 1.000000
vt 0.824900 1.000000
vt 0.800000 1.000000
vt 0.824500 1.000000
vt 0.849800 1.000000
vt 0.849400 1.000000
vt 0.799500 1.000000
vt 0.824800 1.000000
vt 0.849900 1.000000
vt 0.799800 1.000000
vt 0.749700 1.000000
vt 0.774800 1.000000
vt 0.774600 1.000000
vt 0.875000 1.000000
vt 0.850000 1.000000
vt 0.900000 1.000000
vt 0.875000 1.000000
vt 0.899900 1.000000
vt 0.874900 1.000000
vt 0.925000 1.000000
vt 0.950000 1.000000
vt 0.925000 1.000000
vt 0.924900 1.000000
vt 0.900000 1.000000
vt 0.949100 1.000000
vt 0.924700 1.000000
vt 0.949600 1.000000
vt 0.899200 1.000000
vt 0.924200 1.000000
vt 0.949900 1.000000
vt 0.899700 1.000000
vt 0.874700 1.000000
vt 0.874300 1.000000
vt 0.975000 1.000000
vt 0.950000 1.000000
vt 1.000000 1.000000
vt 0.975000 1.000000
vt 0.974900 1.000000
vt 0.999900 1.000000
vt 1.025000 1.000000
vt 1.050000 1.000000
vt 1.025000 1.000000
vt 1.024900 1.000000
vt 1.000000 1.000000
vt 1.024200 1.000000
vt 1.050000 1.000000
vt 1.050000 1.000000
vt 0.999000 1.000000
vt 1.024800 1.000000
vt 1.050000 1.000000
vt 0.974000 1.000000
vt 0.974600 1.000000
vt 0.999600 1.000000
vt 0.075000 1.000000
vt 0.050000 1.000000
vt 0.050000 1.000000
vt 0.100000 1.000000
vt 0.075000 1.000000
vt 0.075000 1.000000
vt 0.050000 1.000000
vt 0.125000 1.000000
vt 0.150000 1.000000
vt 0.125000 1.000000
vt 0.150000 1.000000
vt 0.125000 1.000000
vt 0.100000 1.000000
vt 0.100000 1.000000
vt 0.149800 1.000000
vt 0.125000 1.000000
vt 0.149900 1.000000
vt 0.124900 1.000000
vt 0.100000 1.000000
vt 0.050000 1.000000
vt 0.075000 1.000000
vt 0.075000 1.000000
vt 0.100000 1.000000
vt 0.175000 1.000000
vt 0.150000 1.000000
vt 0.200000 1.000000
vt 0.175000 1.000000
vt 0.175000 1.000000
vt 0.200000 1.000000
vt 0.225000 1.000000
vt 0.250000 1.000000
vt 0.225000 1.000000
vt 0.225000 1.000000
vt 0.200000 1.000000
vt 0.249800 1.000000
vt 0.224900 1.000000
vt 0.249900 1.000000
vt 0.224700 1.000000
vt 0.199900 1.000000
vt 0.250000 1.000000
vt 0.174800 1.000000
vt 0.174900 1.000000
vt 0.199700 1.000000
vt 0.275000 1.000000
vt 0.250000 1.000000
vt 0.300000 1.000000
vt 0.275000 1.000000
vt 0.275000 1.000000
vt 0.300000 1.000000
vt 0.325000 1.000000
vt 0.350000 1.000000
vt 0.325000 1.000000
vt 0.325000 1.000000
vt 0.300000 1.000000
vt 0.325500 1.000000
vt 0.350300 1.000000
vt 0.350700 1.000000
vt 0.300200 1.000000
vt 0.325200 1.000000
vt 0.350100 1.000000
vt 0.300100 1.000000
vt 0.275000 1.000000
vt 0.275000 1.000000
vt 0.375000 1.000000
vt 0.350000 1.000000
vt 0.400000 1.000000
vt 0.375000 1.000000
vt 0.400100 1.000000
vt 0.375100 1.000000
vt 0.425000 1.000000
vt 0.450000 1.000000
vt 0.425000 1.000000
vt 0.425100 1.000000
vt 0.400000 1.000000
vt 0.450600 1.000000
vt 0.425300 1.000000
vt 0.450200 1.000000
vt 0.400700 1.000000
vt 0.425700 1.000000
vt 0.450100 1.000000
vt 0.400300 1.000000
vt 0.375300 1.000000
vt 0.375700 1.000000
vt 0.475000 1.000000
vt 0.450000 1.000000
vt 0.500000 1.000000
vt 0.475000 1.000000
vt 0.475100 1.000000
vt 0.500000 1.000000
vt 0.525000 1.000000
vt 0.550000 1.000000
vt 0.525000 1.000000
vt 0.525000 1.000000
vt 0.500000 1.000000
vt 0.525400 1.000000
vt 0.550100 1.000000
vt 0.550300 1.000000
vt 0.500500 1.000000
vt 0.525200 1.000000
vt 0.550000 1.000000
vt 0.475500 1.000000
vt 0.475200 1.000000
vt 0.500200 1.000000
vt 0.575000 1.000000
vt 0.550000 1.000000
vt 0.600000 1.000000
vt 0.575000 1.000000
vt 0.575000 1.000000
vt 0.625000 1.000000
vt 0.650000 1.000000
vt 0.625000 1.000000
vt 0.650000 1.000000
vt 0.625000 1.000000
vt 0.600000 1.000000
vt 0.600000 1.000000
vt 0.650000 1.000000
vt 0.625000 1.000000
vt 0.650000 1.000000
vt 0.625100 1.000000
vt 0.600100 1.000000
vt 0.575100 1.000000
vt 0.575200 1.000000
vt 0.600200 1.000000
vt 0.675000 1.000000
vt 0.650000 1.000000
vt 0.700000 1.000000
vt 0.675000 1.000000
vt 0.675000 1.000000
vt 0.700000 1.000000
vt 0.725000 1.000000
vt 0.725000 1.000000
vt 0.725000 1.000000
vt 0.700000 1.000000
vt 0.724900 1.000000
vt 0.749900 1.000000
vt 0.724800 1.000000
vt 0.699900 1.000000
vt 0.674900 1.000000
vt 0.675000 1.000000
vt 0.699800 1.000000
vt 0.736200 1.000000
vt 0.744600 1.000000
vt 0.723900 1.000000
vt 0.758900 1.000000
vt 0.764700 1.000000
vt 0.729300 1.000000
vt 0.707300 1.000000
vt 0.749300 1.000000
vt 0.822500 1.000000
vt 0.781000 1.000000
vt 0.801700 1.000000
vt 0.797800 1.000000
vt 0.752700 1.000000
vt 0.781300 1.000000
vt 0.686800 1.000000
vt 0.723500 1.000000
vt 0.650000 1.000000
vt 0.717400 1.000000
vt 0.764600 1.000000
vt 0.819800 1.000000
vt 0.845800 1.000000
vt 0.841200 1.000000
vt 0.790000 1.000000
vt 0.815500 1.000000
vt 0.908700 1.000000
vt 0.856100 1.000000
vt 0.888600 1.000000
vt 0.871800 1.000000
vt 0.813400 1.000000
vt 0.868800 1.000000
vt 0.758300 1.000000
vt 0.762400 1.000000
vt 0.821400 1.000000
vt 0.895000 1.000000
vt 0.932600 1.000000
vt 0.918100 1.000000
vt 0.848600 1.000000
vt 0.877400 1.000000
vt 1.042200 1.000000
vt 0.933100 1.000000
vt 0.988400 1.000000
vt 0.944200 1.000000
vt 0.864300 1.000000
vt 0.959500 1.000000
vt 0.748100 1.000000
vt 0.799100 1.000000
vt 0.846100 1.000000
vt 0.051000 1.000000
vt 0.081600 1.000000
vt 0.063200 1.000000
vt 0.077000 1.000000
vt 0.099900 1.000000
vt 0.089500 1.000000
vt 0.075500 1.000000
vt 0.100500 1.000000
vt 0.143100 1.000000
vt 0.118200 1.000000
vt 0.121400 1.000000
vt 0.137000 1.000000
vt 0.111900 1.000000
vt 0.099600 1.000000
vt 0.087700 1.000000
vt 0.117900 1.000000
vt 0.100000 1.000000
vt 0.101000 1.000000
vt 0.128500 1.000000
vt 0.157000 1.000000
vt 0.165500 1.000000
vt 0.177600 1.000000
vt 0.148200 1.000000
vt 0.165000 1.000000
vt 0.265500 1.000000
vt 0.197700 1.000000
vt 0.218700 1.000000
vt 0.217700 1.000000
vt 0.169600 1.000000
vt 0.190100 1.000000
vt 0.136800 1.000000
vt 0.141900 1.000000
vt 0.173500 1.000000
vt 0.364600 1.000000
vt 0.355200 1.000000
vt 0.310600 1.000000
vt 0.378800 1.000000
vt 0.432300 1.000000
vt 0.448500 1.000000
vt 0.419400 1.000000
vt 0.390100 1.000000
vt 0.402500 1.000000
vt 0.364900 1.000000
vt 0.427000 1.000000
vt 0.449000 1.000000
vt 0.337600 1.000000
vt 0.549300 1.000000
vt 0.540800 1.000000
vt 0.498400 1.000000
vt 0.477500 1.000000
vt 0.443400 1.000000
vt 0.410900 1.000000
vt 0.458700 1.000000
vt 0.486200 1.000000
vt 0.484300 1.000000
vt 0.477500 1.000000
vt 0.480200 1.000000
vt 0.454200 1.000000
vt 0.502200 1.000000
vt 0.509900 1.000000
vt 0.431100 1.000000
vt 0.576400 1.000000
vt 0.537400 1.000000
vt 0.535400 1.000000
vt 0.519000 1.000000
vt 0.498300 1.000000
vt 0.535300 1.000000
vt 0.547300 1.000000
vt 0.550700 1.000000
vt 0.563800 1.000000
vt 0.555400 1.000000
vt 0.541100 1.000000
vt 0.576100 1.000000
vt 0.570700 1.000000
vt 0.518700 1.000000
vt 0.613200 1.000000
vt 0.582600 1.000000
vt 0.592700 1.000000
vt 0.594200 1.000000
vt 0.585200 1.000000
vt 0.611800 1.000000
vt 0.608000 1.000000
vt 0.616900 1.000000
vt 0.650000 1.000000
vt 0.630600 1.000000
vt 0.628000 1.000000
vt 0.650000 1.000000
vt 0.631400 1.000000
vt 0.606200 1.000000
vt 0.650000 1.000000
vt 0.627500 1.000000
vt 0.650000 1.000000
vt 0.669400 1.000000
vt 0.672000 1.000000
vt 0.688200 1.000000
vt 0.668600 1.000000
vt 0.683100 1.000000
vt 0.705800 1.000000
vt 0.714800 1.000000
vt 0.692000 1.000000
vt 0.693800 1.000000
vt 0.672500 1.000000
vt 0.825000 0.987700
vt 0.850000 0.996600
vt 0.850000 0.987700
vt 0.800000 0.987700
vt 0.800000 0.996600
vt 0.825000 0.999700
vt 0.850000 0.999700
vt 0.800000 0.999700
vt 0.825000 0.996600
vt 0.775000 0.999700
vt 0.750000 0.999700
vt 0.775000 0.996600
vt 0.775000 0.987700
vt 0.750000 0.987700
vt 0.750000 0.996600
vt 0.925000 0.987700
vt 0.950000 0.996600
vt 0.950000 0.987700
vt 0.900000 0.987700
vt 0.925000 0.996600
vt 0.925000 0.999700
vt 0.950000 0.999700
vt 0.900000 0.999700
vt 0.900000 0.996600
vt 0.875000 0.999700
vt 0.875000 0.996600
vt 0.875000 0.987700
vt 1.050000 0.998900
vt 1.025000 0.993400
vt 1.050000 0.999500
vt 1.050000 0.999200
vt 1.000000 0.989100
vt 1.025000 0.998000
vt 1.050000 1.000000
vt 1.025000 0.999700
vt 1.050000 0.999700
vt 1.000000 0.999700
vt 1.000000 0.996900
vt 0.975000 0.999700
vt 0.975000 0.996600
vt 0.975000 0.987700
vt 0.125000 0.987700
vt 0.150000 0.996600
vt 0.150000 0.987700
vt 0.100000 0.989100
vt 0.125000 0.996600
vt 0.125000 0.999700
vt 0.150000 0.999700
vt 0.100000 0.999700
vt 0.100000 0.996900
vt 0.075000 0.999700
vt 0.050000 0.999700
vt 0.075000 0.998000
vt 0.075000 0.993400
vt 0.050000 0.999200
vt 0.050000 0.999500
vt 0.225000 0.987700
vt 0.250000 0.996600
vt 0.250000 0.987700
vt 0.200000 0.987700
vt 0.225000 0.996600
vt 0.225000 0.999700
vt 0.250000 0.999700
vt 0.200000 0.999700
vt 0.200000 0.996600
vt 0.175000 0.999700
vt 0.175000 0.996600
vt 0.175000 0.987700
vt 0.325000 0.987700
vt 0.350000 0.996600
vt 0.350000 0.987700
vt 0.300000 0.987700
vt 0.300000 0.996600
vt 0.325000 0.999700
vt 0.350000 0.999700
vt 0.300000 0.999700
vt 0.325000 0.996600
vt 0.275000 0.999700
vt 0.275000 0.996600
vt 0.275000 0.987700
vt 0.425000 0.987700
vt 0.450000 0.996600
vt 0.450000 0.987700
vt 0.400000 0.987700
vt 0.425000 0.996600
vt 0.425000 0.999700
vt 0.450000 0.999700
vt 0.400000 0.999700
vt 0.400000 0.996600
vt 0.375000 0.999700
vt 0.375000 0.996600
vt 0.375000 0.987700
vt 0.525000 0.987700
vt 0.550000 0.996600
vt 0.550000 0.987700
vt 0.500000 0.987700
vt 0.525000 0.996600
vt 0.525000 0.999700
vt 0.550000 0.999700
vt 0.500000 0.999700
vt 0.500000 0.996600
vt 0.475000 0.999700
vt 0.475000 0.996600
vt 0.475000 0.987700
vt 0.625000 0.987700
vt 0.650000 0.996600
vt 0.650000 0.987700
vt 0.600000 0.987700
vt 0.625000 0.996600
vt 0.625000 0.999700
vt 0.650000 0.999700
vt 0.600000 0.999700
vt 0.600000 0.996600
vt 0.575000 0.999700
vt 0.575000 0.996600
vt 0.575000 0.987700
vt 0.725000 0.987700
vt 0.700000 0.987700
vt 0.725000 0.996600
vt 0.725000 0.999700
vt 0.700000 0.999700
vt 0.700000 0.996600
vt 0.675000 0.999700
vt 0.675000 0.996600
vt 0.675000 0.987700
vt 0.850000 1.000000
vt 0.850000 1.000000
vt 0.825000 1.000000
vt 0.825000 1.000000
vt 0.800000 1.000000
vt 0.825000 1.000000
vt 0.850000 1.000000
vt 0.800000 1.000000
vt 0.800000 1.000000
vt 0.775000 1.000000
vt 0.750000 1.000000
vt 0.775000 1.000000
vt 0.750000 1.000000
vt 0.775000 1.000000
vt 0.750000 1.000000
vt 0.950000 1.000000
vt 0.950000 1.000000
vt 0.925000 1.000000
vt 0.925000 1.000000
vt 0.900000 1.000000
vt 0.950000 1.000000
vt 0.925000 1.000000
vt 0.900000 1.000000
vt 0.900000 1.000000
vt 0.875000 1.000000
vt 0.875000 1.000000
vt 0.875000 1.000000
vt 1.050000 1.000000
vt 1.050000 1.000000
vt 1.025000 1.000000
vt 1.025000 1.000000
vt 1.000000 1.000000
vt 1.050000 1.000000
vt 1.025000 1.000000
vt 1.000000 1.000000
vt 1.000000 1.000000
vt 0.975000 1.000000
vt 0.975000 1.000000
vt 0.975000 1.000000
vt 0.150000 1.000000
vt 0.150000 1.000000
vt 0.125000 1.000000
vt 0.125000 1.000000
vt 0.100000 1.000000
vt 0.150000 1.000000
vt 0.125000 1.000000
vt 0.100000 1.000000
vt 0.100000 1.000000
vt 0.050000 1.000000
vt 0.075000 1.000000
vt 0.075000 1.000000
vt 0.050000 1.000000
vt 0.075000 1.000000
vt 0.050000 1.000000
vt 0.250000 1.000000
vt 0.250000 1.000000
vt 0.225000 1.000000
vt 0.225000 1.000000
vt 0.200000 1.000000
vt 0.225000 1.000000
vt 0.250000 1.000000
vt 0.200000 1.000000
vt 0.200000 1.000000
vt 0.175000 1.000000
vt 0.175000 1.000000
vt 0.175000 1.000000
vt 0.350000 1.000000
vt 0.350000 1.000000
vt 0.325000 1.000000
vt 0.325000 1.000000
vt 0.300000 1.000000
vt 0.325000 1.000000
vt 0.350000 1.000000
vt 0.300000 1.000000
vt 0.300000 1.000000
vt 0.275000 1.000000
vt 0.275000 1.000000
vt 0.275000 1.000000
vt 0.450000 1.000000
vt 0.450000 1.000000
vt 0.425000 1.000000
vt 0.425000 1.000000
vt 0.400000 1.000000
vt 0.450000 1.000000
vt 0.425000 1.000000
vt 0.400000 1.000000
vt 0.400000 1.000000
vt 0.375000 1.000000
vt 0.375000 1.000000
vt 0.375000 1.000000
vt 0.550000 1.000000
vt 0.550000 1.000000
vt 0.525000 1.000000
vt 0.525000 1.000000
vt 0.500000 1.000000
vt 0.550000 1.000000
vt 0.525000 1.000000
vt 0.500000 1.000000
vt 0.500000 1.000000
vt 0.475000 1.000000
vt 0.475000 1.000000
vt 0.475000 1.000000
vt 0.650000 1.000000
vt 0.650000 1.000000
vt 0.625000 1.000000
vt 0.625000 1.000000
vt 0.600000 1.000000
vt 0.650000 1.000000
vt 0.625000 1.000000
vt 0.600000 1.000000
vt 0.600000 1.000000
vt 0.575000 1.000000
vt 0.575000 1.000000
vt 0.575000 1.000000
vt 0.725000 1.000000
vt 0.725000 1.000000
vt 0.700000 1.000000
vt 0.725000 1.000000
vt 0.700000 1.000000
vt 0.700000 1.000000
vt 0.675000 1.000000
vt 0.675000 1.000000
vt 0.675000 1.000000
vt 0.848800 1.000000
vt 0.845600 1.000000
vt 0.823900 1.000000
vt 0.821300 1.000000
vt 0.799100 1.000000
vt 0.837600 1.000000
vt 0.814500 1.000000
vt 0.791500 1.000000
vt 0.796900 1.000000
vt 0.743800 1.000000
vt 0.772400 1.000000
vt 0.767700 1.000000
vt 0.749400 1.000000
vt 0.774200 1.000000
vt 0.747800 1.000000
vt 0.923300 1.000000
vt 0.943400 1.000000
vt 0.948200 1.000000
vt 0.919100 1.000000
vt 0.898500 1.000000
vt 0.931400 1.000000
vt 0.908600 1.000000
vt 0.885800 1.000000
vt 0.894900 1.000000
vt 0.870300 1.000000
vt 0.861800 1.000000
vt 0.873600 1.000000
vt 1.048100 1.000000
vt 1.046100 1.000000
vt 1.023000 1.000000
vt 1.019600 1.000000
vt 0.997900 1.000000
vt 1.044200 1.000000
vt 1.012600 1.000000
vt 0.982600 1.000000
vt 0.993400 1.000000
vt 0.968100 1.000000
vt 0.955800 1.000000
vt 0.973000 1.000000
vt 0.124800 1.000000
vt 0.148900 1.000000
vt 0.149700 1.000000
vt 0.100000 1.000000
vt 0.124400 1.000000
vt 0.146900 1.000000
vt 0.123400 1.000000
vt 0.099700 1.000000
vt 0.099900 1.000000
vt 0.050700 1.000000
vt 0.075200 1.000000
vt 0.075400 1.000000
vt 0.075100 1.000000
vt 0.050200 1.000000
vt 0.050500 1.000000
vt 0.249600 1.000000
vt 0.250900 1.000000
vt 0.224400 1.000000
vt 0.199400 1.000000
vt 0.224400 1.000000
vt 0.255400 1.000000
vt 0.225000 1.000000
vt 0.196200 1.000000
vt 0.198500 1.000000
vt 0.173400 1.000000
vt 0.170700 1.000000
vt 0.174500 1.000000
vt 0.351300 1.000000
vt 0.355700 1.000000
vt 0.325900 1.000000
vt 0.330200 1.000000
vt 0.300500 1.000000
vt 0.367500 1.000000
vt 0.342000 1.000000
vt 0.314600 1.000000
vt 0.304100 1.000000
vt 0.277600 1.000000
vt 0.285500 1.000000
vt 0.275000 1.000000
vt 0.426400 1.000000
vt 0.454400 1.000000
vt 0.451200 1.000000
vt 0.429700 1.000000
vt 0.401500 1.000000
vt 0.462400 1.000000
vt 0.438200 1.000000
vt 0.414100 1.000000
vt 0.405100 1.000000
vt 0.380500 1.000000
vt 0.391000 1.000000
vt 0.376500 1.000000
vt 0.550600 1.000000
vt 0.552200 1.000000
vt 0.525800 1.000000
vt 0.527600 1.000000
vt 0.500900 1.000000
vt 0.556200 1.000000
vt 0.532300 1.000000
vt 0.508500 1.000000
vt 0.503100 1.000000
vt 0.478700 1.000000
vt 0.485500 1.000000
vt 0.476100 1.000000
vt 0.625200 1.000000
vt 0.650000 1.000000
vt 0.650000 1.000000
vt 0.600300 1.000000
vt 0.625500 1.000000
vt 0.650000 1.000000
vt 0.626400 1.000000
vt 0.602800 1.000000
vt 0.601000 1.000000
vt 0.576600 1.000000
vt 0.579600 1.000000
vt 0.575500 1.000000
vt 0.724500 1.000000
vt 0.699700 1.000000
vt 0.723400 1.000000
vt 0.720400 1.000000
vt 0.697200 1.000000
vt 0.699000 1.000000
vt 0.674500 1.000000
vt 0.673600 1.000000
vt 0.674800 1.000000
vt 0.750200 0.009200
vt 0.750900 0.002600
vt 0.775200 0.009200
vt 0.775700 0.002600
vt 0.800200 0.009200
vt 0.752900 0.000300
vt 0.776700 0.000300
vt 0.801100 0.000300
vt 0.800500 0.002600
vt 0.853000 0.000300
vt 0.851100 0.002600
vt 0.826800 0.000300
vt 0.825700 0.002600
vt 0.850300 0.009200
vt 0.825300 0.009200
vt 0.875300 0.009200
vt 0.876300 0.002600
vt 0.900200 0.009200
vt 0.878900 0.000300
vt 0.904200 0.000300
vt 0.901300 0.002600
vt 0.952700 0.000300
vt 0.950800 0.002600
vt 0.928800 0.000300
vt 0.926100 0.002600
vt 0.950100 0.009200
vt 0.925200 0.009200
vt 0.975100 0.009200
vt 0.975400 0.002600
vt 1.000000 0.008100
vt 0.976400 0.000300
vt 1.000300 0.000300
vt 1.000100 0.002300
vt 1.049700 0.000200
vt 1.049800 0.000400
vt 1.024900 0.000200
vt 1.024900 0.001500
vt 1.049900 0.000700
vt 1.025000 0.004900
vt 0.050400 0.000700
vt 0.050800 0.000400
vt 0.075400 0.004900
vt 0.076400 0.001500
vt 0.100300 0.008100
vt 0.051100 0.000200
vt 0.079100 0.000200
vt 0.106100 0.000300
vt 0.101900 0.002300
vt 0.155400 0.000300
vt 0.151600 0.002600
vt 0.131300 0.000300
vt 0.126900 0.002600
vt 0.150200 0.009200
vt 0.125300 0.009200
vt 0.175200 0.009200
vt 0.176200 0.002600
vt 0.200100 0.009200
vt 0.179000 0.000300
vt 0.202500 0.000300
vt 0.200700 0.002600
vt 0.250000 0.000300
vt 0.250000 0.002600
vt 0.226200 0.000300
vt 0.225400 0.002600
vt 0.250000 0.009200
vt 0.225100 0.009200
vt 0.274900 0.009200
vt 0.274600 0.002600
vt 0.299900 0.009200
vt 0.273800 0.000300
vt 0.297600 0.000300
vt 0.299300 0.002600
vt 0.344800 0.000300
vt 0.348600 0.002600
vt 0.321100 0.000300
vt 0.323900 0.002600
vt 0.349900 0.009200
vt 0.324900 0.009200
vt 0.375000 0.009200
vt 0.373500 0.002600
vt 0.400100 0.009200
vt 0.369200 0.000300
vt 0.394600 0.000300
vt 0.398700 0.002600
vt 0.449200 0.000300
vt 0.450000 0.002600
vt 0.421500 0.000300
vt 0.424300 0.002600
vt 0.450200 0.009200
vt 0.425200 0.009200
vt 0.475200 0.009200
vt 0.475700 0.002600
vt 0.500200 0.009200
vt 0.476900 0.000300
vt 0.503800 0.000300
vt 0.501200 0.002600
vt 0.552900 0.000300
vt 0.550900 0.002600
vt 0.528800 0.000300
vt 0.526200 0.002600
vt 0.550200 0.009200
vt 0.525200 0.009200
vt 0.575200 0.009200
vt 0.575700 0.002600
vt 0.600200 0.009200
vt 0.576700 0.000300
vt 0.601100 0.000300
vt 0.600500 0.002600
vt 0.653000 0.000300
vt 0.651100 0.002600
vt 0.626800 0.000300
vt 0.625700 0.002600
vt 0.650300 0.009200
vt 0.625300 0.009200
vt 0.675300 0.009200
vt 0.676300 0.002600
vt 0.700200 0.009200
vt 0.678900 0.000300
vt 0.704300 0.000300
vt 0.701300 0.002600
vt 0.728800 0.000300
vt 0.726200 0.002600
vt 0.725200 0.009200
vt 1.050000 1.000000
vt 0.050000 1.000000
vn -0.8337 -0.5523 -0.0000
vn -0.8309 -0.5402 0.1333
vn -0.8415 -0.5403 0.0000
vn -0.8232 -0.5522 0.1321
vn -0.8004 -0.5401 0.2600
vn -0.8457 -0.5161 0.1357
vn -0.8564 -0.5163 0.0000
vn -0.8147 -0.5160 0.2647
vn -0.6744 -0.5524 0.4900
vn -0.7506 -0.5402 0.3805
vn -0.7436 -0.5522 0.3769
vn -0.6808 -0.5403 0.4946
vn -0.7639 -0.5161 0.3873
vn -0.7930 -0.5521 0.2577
vn -0.8031 -0.4351 0.4071
vn -0.7088 -0.4821 0.5149
vn -0.7284 -0.4352 0.5292
vn -0.8564 -0.4350 0.2782
vn -0.7815 -0.4820 0.3962
vn -0.6929 -0.5162 0.5034
vn -0.8333 -0.4819 0.2708
vn -0.8890 -0.4351 0.1426
vn -0.8761 -0.4821 0.0000
vn -0.8651 -0.4820 0.1388
vn -0.5939 -0.5402 0.5963
vn -0.5883 -0.5522 0.5907
vn -0.4947 -0.5401 0.6809
vn -0.6044 -0.5161 0.6069
vn -0.5035 -0.5160 0.6930
vn -0.2576 -0.5524 0.7928
vn -0.3836 -0.5402 0.7490
vn -0.3800 -0.5522 0.7421
vn -0.2600 -0.5403 0.8003
vn -0.3904 -0.5161 0.7624
vn -0.4901 -0.5521 0.6746
vn -0.4104 -0.4351 0.8014
vn -0.2707 -0.4821 0.8333
vn -0.2782 -0.4352 0.8563
vn -0.5293 -0.4350 0.7284
vn -0.3994 -0.4820 0.7799
vn -0.2646 -0.5163 0.8145
vn -0.5151 -0.4819 0.7089
vn -0.6354 -0.4351 0.6380
vn -0.6183 -0.4820 0.6208
vn -0.1300 -0.5402 0.8314
vn -0.1287 -0.5522 0.8237
vn 0.0000 -0.5401 0.8416
vn -0.1323 -0.5161 0.8463
vn 0.0000 -0.5160 0.8566
vn 0.2576 -0.5524 0.7928
vn 0.1300 -0.5402 0.8314
vn 0.1287 -0.5522 0.8237
vn 0.2600 -0.5403 0.8003
vn 0.1323 -0.5161 0.8463
vn 0.0000 -0.5521 0.8338
vn 0.1390 -0.4351 0.8896
vn 0.2707 -0.4821 0.8333
vn 0.2782 -0.4352 0.8563
vn -0.0000 -0.4350 0.9004
vn 0.1353 -0.4820 0.8657
vn 0.2646 -0.5163 0.8145
vn 0.0000 -0.4819 0.8762
vn -0.1390 -0.4351 0.8896
vn -0.1353 -0.4820 0.8657
vn 0.3836 -0.5402 0.7490
vn 0.3800 -0.5522 0.7421
vn 0.4947 -0.5401 0.6809
vn 0.3904 -0.5161 0.7624
vn 0.5035 -0.5160 0.6930
vn 0.6744 -0.5524 0.4900
vn 0.5939 -0.5402 0.5963
vn 0.5883 -0.5522 0.5907
vn 0.6808 -0.5403 0.4946
vn 0.6044 -0.5161 0.6069
vn 0.4901 -0.5521 0.6746
vn 0.6354 -0.4351 0.6380
vn 0.7088 -0.4821 0.5149
vn 0.7284 -0.4352 0.5292
vn 0.5293 -0.4350 0.7284
vn 0.6183 -0.4820 0.6208
vn 0.6929 -0.5162 0.5034
vn 0.5151 -0.4819 0.7089
vn 0.4104 -0.4351 0.8014
vn 0.3994 -0.4820 0.7799
vn 0.7506 -0.5402 0.3805
vn 0.7436 -0.5522 0.3769
vn 0.8004 -0.5401 0.2600
vn 0.7639 -0.5161 0.3873
vn 0.8147 -0.5160 0.2647
vn 0.8337 -0.5523 0.0000
vn 0.8309 -0.5402 0.1333
vn 0.8232 -0.5522 0.1321
vn 0.8415 -0.5403 0.0000
vn 0.8457 -0.5161 0.1357
vn 0.7930 -0.5521 0.2577
vn 0.8890 -0.4351 0.1426
vn 0.8761 -0.4821 0.0000
vn 0.9003 -0.4352 0.0000
vn 0.8564 -0.4350 0.2782
vn 0.8651 -0.4820 0.1388
vn 0.8564 -0.5163 0.0000
vn 0.8333 -0.4819 0.2708
vn 0.8031 -0.4351 0.4071
vn 0.7815 -0.4820 0.3962
vn 0.8309 -0.5402 -0.1333
vn 0.8232 -0.5522 -0.1321
vn 0.8004 -0.5401 -0.2600
vn 0.8457 -0.5161 -0.1357
vn 0.8147 -0.5160 -0.2647
vn 0.6744 -0.5524 -0.4900
vn 0.7506 -0.5402 -0.3805
vn 0.7436 -0.5522 -0.3769
vn 0.6808 -0.5403 -0.4946
vn 0.7639 -0.5161 -0.3873
vn 0.7930 -0.5521 -0.2577
vn 0.8031 -0.4351 -0.4071
vn 0.7088 -0.4821 -0.5149
vn 0.7284 -0.4352 -0.5292
vn 0.8564 -0.4350 -0.2782
vn 0.7815 -0.4820 -0.3962
vn 0.6929 -0.5162 -0.5034
vn 0.8333 -0.4819 -0.2708
vn 0.8890 -0.4351 -0.1426
vn 0.8651 -0.4820 -0.1388
vn 0.5939 -0.5402 -0.5963
vn 0.5883 -0.5522 -0.5907
vn 0.4947 -0.5401 -0.6809
vn 0.6044 -0.5161 -0.6069
vn 0.5035 -0.5160 -0.6930
vn 0.2576 -0.5524 -0.7928
vn 0.3836 -0.5402 -0.7490
vn 0.3800 -0.5522 -0.7421
vn 0.2600 -0.5403 -0.8003
vn 0.3904 -0.5161 -0.7624
vn 0.4901 -0.5521 -0.6746
vn 0.4104 -0.4351 -0.8014
vn 0.2707 -0.4821 -0.8333
vn 0.2782 -0.4352 -0.8563
vn 0.5293 -0.4350 -0.7285
vn 0.3994 -0.4820 -0.7799
vn 0.2646 -0.5163 -0.8145
vn 0.5151 -0.4819 -0.7089
vn 0.6354 -0.4351 -0.6380
vn 0.6183 -0.4820 -0.6208
vn 0.1300 -0.5402 -0.8314
vn 0.1287 -0.5522 -0.8237
vn 0.0000 -0.5401 -0.8416
vn 0.1323 -0.5161 -0.8463
vn 0.0000 -0.5160 -0.8566
vn -0.2576 -0.5524 -0.7928
vn -0.1300 -0.5402 -0.8314
vn -0.1287 -0.5522 -0.8237
vn -0.2600 -0.5403 -0.8003
vn -0.1323 -0.5161 -0.8463
vn -0.0000 -0.5521 -0.8338
vn -0.1390 -0.4351 -0.8896
vn -0.2707 -0.4821 -0.8333
vn -0.2782 -0.4352 -0.8563
vn 0.0000 -0.4350 -0.9004
vn -0.1353 -0.4820 -0.8657
vn -0.2646 -0.5163 -0.8145
vn -0.0000 -0.4819 -0.8762
vn 0.1390 -0.4351 -0.8896
vn 0.1353 -0.4820 -0.8657
vn -0.3836 -0.5402 -0.7490
vn -0.3800 -0.5522 -0.7421
vn -0.4947 -0.5401 -0.6809
vn -0.3904 -0.5161 -0.7624
vn -0.5035 -0.5160 -0.6930
vn -0.6744 -0.5524 -0.4900
vn -0.5939 -0.5402 -0.5963
vn -0.5883 -0.5522 -0.5907
vn -0.6808 -0.5403 -0.4946
vn -0.6044 -0.5161 -0.6069
vn -0.4901 -0.5521 -0.6746
vn -0.6354 -0.4351 -0.6380
vn -0.7088 -0.4821 -0.5150
vn -0.7284 -0.4352 -0.5292
vn -0.5293 -0.4350 -0.7284
vn -0.6183 -0.4820 -0.6208
vn -0.6929 -0.5163 -0.5034
vn -0.5151 -0.4819 -0.7089
vn -0.4104 -0.4351 -0.8014
vn -0.3994 -0.4820 -0.7799
vn -0.7506 -0.5402 -0.3805
vn -0.7436 -0.5522 -0.3769
vn -0.8004 -0.5401 -0.2600
vn -0.7639 -0.5161 -0.3873
vn -0.8147 -0.5160 -0.2647
vn -0.8309 -0.5402 -0.1333
vn -0.8232 -0.5522 -0.1321
vn -0.8457 -0.5161 -0.1357
vn -0.7930 -0.5521 -0.2577
vn -0.8890 -0.4351 -0.1426
vn -0.9003 -0.4352 0.0000
vn -0.8564 -0.4350 -0.2782
vn -0.8651 -0.4820 -0.1388
vn -0.8333 -0.4819 -0.2708
vn -0.8031 -0.4351 -0.4071
vn -0.7815 -0.4820 -0.3962
vn -0.8241 -0.3825 0.4178
vn -0.7475 -0.3826 0.5431
vn -0.8418 -0.3304 0.4268
vn -0.8788 -0.3824 0.2855
vn -0.8977 -0.3303 0.2917
vn -0.7781 -0.2737 0.5653
vn -0.8730 -0.2048 0.4426
vn -0.8579 -0.2736 0.4349
vn -0.9309 -0.2047 0.3025
vn -0.9148 -0.2735 0.2972
vn -0.7636 -0.3305 0.5547
vn -0.9618 -0.2737 -0.0000
vn -0.9665 -0.2048 0.1551
vn -0.9788 -0.2048 0.0000
vn -0.9438 -0.3305 -0.0000
vn -0.9497 -0.2736 0.1524
vn -0.9319 -0.3304 0.1495
vn -0.9123 -0.3825 0.1464
vn -0.9239 -0.3826 -0.0000
vn -0.4211 -0.3825 0.8224
vn -0.2855 -0.3826 0.8787
vn -0.4302 -0.3304 0.8401
vn -0.5431 -0.3824 0.7475
vn -0.5548 -0.3304 0.7636
vn -0.2972 -0.2737 0.9147
vn -0.4461 -0.2048 0.8712
vn -0.4384 -0.2736 0.8561
vn -0.5753 -0.2047 0.7919
vn -0.5654 -0.2735 0.7782
vn -0.2916 -0.3305 0.8976
vn -0.6907 -0.2048 0.6935
vn -0.7919 -0.2048 0.5753
vn -0.6788 -0.2736 0.6815
vn -0.6660 -0.3304 0.6687
vn -0.6520 -0.3825 0.6547
vn 0.1427 -0.3825 0.9129
vn 0.2855 -0.3826 0.8787
vn 0.1458 -0.3304 0.9325
vn -0.0000 -0.3824 0.9240
vn 0.0000 -0.3303 0.9439
vn 0.2972 -0.2737 0.9147
vn 0.1512 -0.2048 0.9671
vn 0.1486 -0.2736 0.9503
vn -0.0000 -0.2047 0.9788
vn 0.0000 -0.2735 0.9619
vn 0.2916 -0.3305 0.8976
vn -0.1512 -0.2048 0.9671
vn -0.3025 -0.2048 0.9309
vn -0.1486 -0.2736 0.9503
vn -0.1458 -0.3304 0.9325
vn -0.1427 -0.3825 0.9129
vn 0.6520 -0.3825 0.6547
vn 0.7475 -0.3826 0.5431
vn 0.6660 -0.3304 0.6687
vn 0.5431 -0.3824 0.7475
vn 0.5548 -0.3304 0.7636
vn 0.7781 -0.2737 0.5653
vn 0.6907 -0.2048 0.6935
vn 0.6788 -0.2736 0.6815
vn 0.5753 -0.2047 0.7919
vn 0.5654 -0.2735 0.7782
vn 0.7636 -0.3305 0.5547
vn 0.4461 -0.2048 0.8712
vn 0.3025 -0.2048 0.9309
vn 0.4384 -0.2736 0.8561
vn 0.4302 -0.3304 0.8401
vn 0.4211 -0.3825 0.8224
vn 0.9123 -0.3825 0.1464
vn 0.9239 -0.3826 0.0000
vn 0.9319 -0.3304 0.1495
vn 0.8788 -0.3824 0.2855
vn 0.8977 -0.3303 0.2917
vn 0.9618 -0.2737 0.0000
vn 0.9665 -0.2048 0.1551
vn 0.9497 -0.2736 0.1524
vn 0.9309 -0.2047 0.3025
vn 0.9148 -0.2735 0.2972
vn 0.9438 -0.3305 0.0000
vn 0.8730 -0.2048 0.4426
vn 0.7919 -0.2048 0.5753
vn 0.8579 -0.2736 0.4349
vn 0.8418 -0.3304 0.4268
vn 0.8241 -0.3825 0.4178
vn 0.8241 -0.3825 -0.4178
vn 0.7475 -0.3826 -0.5431
vn 0.8418 -0.3304 -0.4268
vn 0.8788 -0.3824 -0.2855
vn 0.8977 -0.3303 -0.2917
vn 0.7781 -0.2737 -0.5653
vn 0.8730 -0.2048 -0.4426
vn 0.8579 -0.2736 -0.4349
vn 0.9309 -0.2047 -0.3025
vn 0.9148 -0.2735 -0.2972
vn 0.7636 -0.3305 -0.5547
vn 0.9665 -0.2048 -0.1551
vn 0.9788 -0.2048 -0.0000
vn 0.9497 -0.2736 -0.1524
vn 0.9319 -0.3304 -0.1495
vn 0.9123 -0.3825 -0.1464
vn 0.4211 -0.3825 -0.8224
vn 0.2855 -0.3826 -0.8787
vn 0.4302 -0.3304 -0.8401
vn 0.5431 -0.3824 -0.7475
vn 0.5548 -0.3304 -0.7636
vn 0.2972 -0.2737 -0.9147
vn 0.4461 -0.2048 -0.8712
vn 0.4384 -0.2736 -0.8561
vn 0.5753 -0.2047 -0.7919
vn 0.5654 -0.2735 -0.7782
vn 0.2916 -0.3305 -0.8976
vn 0.6907 -0.2048 -0.6935
vn 0.7919 -0.2048 -0.5753
vn 0.6788 -0.2736 -0.6815
vn 0.6660 -0.3304 -0.6687
vn 0.6520 -0.3825 -0.6547
vn -0.1427 -0.3825 -0.9129
vn -0.2855 -0.3826 -0.8787
vn -0.1458 -0.3304 -0.9325
vn 0.0000 -0.3824 -0.9240
vn -0.0000 -0.3303 -0.9439
vn -0.2972 -0.2737 -0.9147
vn -0.1512 -0.2048 -0.9671
vn -0.1486 -0.2736 -0.9503
vn 0.0000 -0.2047 -0.9788
vn -0.0000 -0.2735 -0.9619
vn -0.2916 -0.3305 -0.8976
vn 0.1512 -0.2048 -0.9671
vn 0.3025 -0.2048 -0.9309
vn 0.1486 -0.2736 -0.9503
vn 0.1458 -0.3304 -0.9325
vn 0.1427 -0.3825 -0.9129
vn -0.6520 -0.3825 -0.6547
vn -0.7475 -0.3826 -0.5431
vn -0.6660 -0.3304 -0.6687
vn -0.5431 -0.3824 -0.7475
vn -0.5548 -0.3304 -0.7636
vn -0.7781 -0.2737 -0.5653
vn -0.6907 -0.2047 -0.6935
vn -0.6788 -0.2736 -0.6815
vn -0.5753 -0.2047 -0.7919
vn -0.5654 -0.2735 -0.7782
vn -0.7636 -0.3305 -0.5547
vn -0.4461 -0.2048 -0.8712
vn -0.3025 -0.2048 -0.9309
vn -0.4384 -0.2736 -0.8561
vn -0.4302 -0.3304 -0.8401
vn -0.4211 -0.3825 -0.8224
vn -0.9123 -0.3825 -0.1464
vn -0.9319 -0.3304 -0.1495
vn -0.8788 -0.3824 -0.2855
vn -0.8977 -0.3303 -0.2917
vn -0.9665 -0.2048 -0.1551
vn -0.9497 -0.2736 -0.1524
vn -0.9309 -0.2047 -0.3025
vn -0.9148 -0.2735 -0.2972
vn -0.8730 -0.2048 -0.4426
vn -0.7919 -0.2048 -0.5753
vn -0.8579 -0.2736 -0.4349
vn -0.8418 -0.3304 -0.4268
vn -0.8241 -0.3825 -0.4178
vn -0.8859 -0.1163 0.4491
vn -0.8035 -0.1163 0.5838
vn -0.8919 -0.0033 0.4522
vn -0.9446 -0.1163 0.3069
vn -0.9510 -0.0033 0.3090
vn -0.7726 0.2966 0.5614
vn -0.8836 0.1358 0.4480
vn -0.8015 0.1359 0.5823
vn -0.8518 0.2965 0.4319
vn -0.9422 0.1358 0.3062
vn -0.8090 -0.0033 0.5878
vn -0.9550 0.2966 -0.0000
vn -0.9782 0.1358 0.1570
vn -0.9430 0.2965 0.1513
vn -0.9907 0.1359 -0.0000
vn -0.9874 -0.0033 0.1584
vn -0.9083 0.2965 0.2951
vn -0.9807 -0.1163 0.1574
vn -0.9932 -0.1164 0.0000
vn -1.0000 -0.0033 0.0000
vn -0.4527 -0.1163 0.8841
vn -0.3069 -0.1163 0.9446
vn -0.4558 -0.0033 0.8901
vn -0.5838 -0.1163 0.8035
vn -0.5878 -0.0033 0.8090
vn -0.2951 0.2965 0.9083
vn -0.4516 0.1358 0.8818
vn -0.3062 0.1358 0.9422
vn -0.4353 0.2965 0.8501
vn -0.5823 0.1358 0.8015
vn -0.3090 -0.0033 0.9510
vn -0.6991 0.1359 0.7020
vn -0.6739 0.2965 0.6767
vn -0.7057 -0.0033 0.7085
vn -0.5614 0.2964 0.7727
vn -0.7009 -0.1163 0.7037
vn 0.1534 -0.1163 0.9813
vn 0.3069 -0.1163 0.9446
vn 0.1544 -0.0033 0.9880
vn -0.0000 -0.1163 0.9932
vn -0.0000 -0.0033 1.0000
vn 0.2951 0.2965 0.9083
vn 0.1530 0.1358 0.9788
vn 0.3062 0.1358 0.9422
vn 0.1475 0.2965 0.9436
vn 0.0000 0.1358 0.9907
vn 0.3090 -0.0033 0.9510
vn -0.1530 0.1358 0.9788
vn -0.1475 0.2965 0.9436
vn -0.1544 -0.0033 0.9880
vn 0.0000 0.2964 0.9551
vn -0.1534 -0.1163 0.9813
vn 0.7009 -0.1163 0.7037
vn 0.8035 -0.1163 0.5838
vn 0.7057 -0.0033 0.7085
vn 0.5838 -0.1163 0.8035
vn 0.5878 -0.0033 0.8090
vn 0.7726 0.2966 0.5614
vn 0.6991 0.1359 0.7020
vn 0.8015 0.1359 0.5823
vn 0.6740 0.2965 0.6767
vn 0.5823 0.1358 0.8015
vn 0.8090 -0.0033 0.5878
vn 0.4516 0.1358 0.8818
vn 0.4353 0.2965 0.8501
vn 0.4558 -0.0033 0.8901
vn 0.5614 0.2964 0.7727
vn 0.4527 -0.1163 0.8841
vn 0.9807 -0.1163 0.1574
vn 0.9932 -0.1164 0.0000
vn 0.9874 -0.0033 0.1584
vn 0.9446 -0.1163 0.3069
vn 0.9510 -0.0033 0.3090
vn 0.9550 0.2966 0.0000
vn 0.9782 0.1358 0.1570
vn 0.9907 0.1359 -0.0000
vn 0.9430 0.2965 0.1513
vn 0.9422 0.1358 0.3062
vn 1.0000 -0.0033 0.0000
vn 0.8836 0.1358 0.4480
vn 0.8518 0.2965 0.4319
vn 0.8919 -0.0033 0.4522
vn 0.9083 0.2965 0.2951
vn 0.8859 -0.1163 0.4491
vn 0.8859 -0.1163 -0.4491
vn 0.8035 -0.1163 -0.5838
vn 0.8919 -0.0033 -0.4522
vn 0.9446 -0.1163 -0.3069
vn 0.9510 -0.0033 -0.3090
vn 0.7726 0.2966 -0.5614
vn 0.8836 0.1358 -0.4480
vn 0.8015 0.1359 -0.5823
vn 0.8518 0.2965 -0.4319
vn 0.9422 0.1358 -0.3062
vn 0.8090 -0.0033 -0.5878
vn 0.9782 0.1358 -0.1570
vn 0.9430 0.2965 -0.1513
vn 0.9874 -0.0033 -0.1584
vn 0.9083 0.2965 -0.2951
vn 0.9807 -0.1163 -0.1574
vn 0.4527 -0.1163 -0.8841
vn 0.3069 -0.1163 -0.9446
vn 0.4558 -0.0033 -0.8901
vn 0.5838 -0.1163 -0.8035
vn 0.5878 -0.0033 -0.8090
vn 0.2951 0.2965 -0.9083
vn 0.4516 0.1358 -0.8818
vn 0.3062 0.1358 -0.9422
vn 0.4353 0.2965 -0.8501
vn 0.5823 0.1358 -0.8015
vn 0.3090 -0.0033 -0.9510
vn 0.6991 0.1359 -0.7020
vn 0.6739 0.2965 -0.6767
vn 0.7057 -0.0033 -0.7085
vn 0.5614 0.2964 -0.7727
vn 0.7009 -0.1163 -0.7037
vn -0.1534 -0.1163 -0.9813
vn -0.3069 -0.1163 -0.9446
vn -0.1544 -0.0033 -0.9880
vn 0.0000 -0.1163 -0.9932
vn 0.0000 -0.0033 -1.0000
vn -0.2951 0.2965 -0.9083
vn -0.1530 0.1358 -0.9788
vn -0.3062 0.1358 -0.9422
vn -0.1475 0.2965 -0.9436
vn 0.0000 0.1358 -0.9907
vn -0.3090 -0.0033 -0.9510
vn 0.1530 0.1358 -0.9788
vn 0.1475 0.2965 -0.9436
vn 0.1544 -0.0033 -0.9880
vn -0.0000 0.2964 -0.9551
vn 0.1534 -0.1163 -0.9813
vn -0.7009 -0.1163 -0.7037
vn -0.8035 -0.1163 -0.5838
vn -0.7057 -0.0033 -0.7085
vn -0.5838 -0.1163 -0.8035
vn -0.5878 -0.0033 -0.8090
vn -0.7726 0.2966 -0.5614
vn -0.6991 0.1359 -0.7020
vn -0.8015 0.1359 -0.5823
vn -0.6740 0.2965 -0.6767
vn -0.5823 0.1358 -0.8015
vn -0.8090 -0.0033 -0.5878
vn -0.4516 0.1358 -0.8818
vn -0.4353 0.2965 -0.8501
vn -0.4558 -0.0033 -0.8901
vn -0.5614 0.2964 -0.7727
vn -0.4527 -0.1163 -0.8840
vn -0.9807 -0.1163 -0.1574
vn -0.9874 -0.0033 -0.1584
vn -0.9446 -0.1163 -0.3069
vn -0.9510 -0.0033 -0.3090
vn -0.9782 0.1358 -0.1570
vn -0.9430 0.2965 -0.1513
vn -0.9422 0.1358 -0.3062
vn -0.8836 0.1358 -0.4480
vn -0.8518 0.2965 -0.4319
vn -0.8919 -0.0033 -0.4522
vn -0.9083 0.2965 -0.2951
vn -0.8859 -0.1163 -0.4491
vn -0.7203 0.4553 0.5233
vn -0.6541 0.5886 0.4752
vn -0.7941 0.4552 0.4026
vn -0.7211 0.5885 0.3656
vn -0.8468 0.4552 0.2752
vn -0.5206 0.7655 0.3782
vn -0.6446 0.6911 0.3268
vn -0.5846 0.6912 0.4248
vn -0.5740 0.7654 0.2910
vn -0.6874 0.6911 0.2234
vn -0.7690 0.5884 0.2499
vn -0.6435 0.7655 0.0000
vn -0.7136 0.6912 0.1145
vn -0.6354 0.7654 0.1020
vn -0.7226 0.6912 -0.0000
vn -0.7983 0.5885 0.1281
vn -0.6121 0.7653 0.1989
vn -0.8903 0.4553 0.0000
vn -0.8791 0.4552 0.1410
vn -0.8085 0.5886 0.0000
vn -0.2751 0.4553 0.8468
vn -0.2498 0.5886 0.7689
vn -0.4058 0.4552 0.7925
vn -0.3685 0.5885 0.7197
vn -0.5234 0.4552 0.7204
vn -0.1988 0.7655 0.6120
vn -0.3294 0.6912 0.6433
vn -0.2233 0.6912 0.6873
vn -0.2933 0.7654 0.5728
vn -0.4248 0.6911 0.5847
vn -0.4753 0.5884 0.6541
vn -0.5100 0.6911 0.5121
vn -0.4542 0.7654 0.4560
vn -0.5705 0.5885 0.5729
vn -0.3783 0.7653 0.5207
vn -0.6283 0.4552 0.6309
vn 0.2751 0.4553 0.8468
vn 0.2498 0.5886 0.7689
vn 0.1375 0.4552 0.8797
vn 0.1249 0.5885 0.7988
vn 0.0000 0.4551 0.8904
vn 0.1988 0.7655 0.6120
vn 0.1116 0.6911 0.7140
vn 0.2233 0.6912 0.6873
vn 0.0994 0.7654 0.6358
vn 0.0000 0.6911 0.7228
vn 0.0000 0.5884 0.8085
vn -0.1116 0.6911 0.7140
vn -0.0994 0.7654 0.6358
vn -0.1249 0.5885 0.7988
vn 0.0000 0.7653 0.6436
vn -0.1375 0.4552 0.8797
vn 0.7203 0.4553 0.5233
vn 0.6541 0.5886 0.4752
vn 0.6283 0.4552 0.6309
vn 0.5705 0.5885 0.5729
vn 0.5234 0.4552 0.7204
vn 0.5206 0.7655 0.3782
vn 0.5100 0.6911 0.5121
vn 0.5846 0.6912 0.4248
vn 0.4542 0.7654 0.4560
vn 0.4248 0.6911 0.5847
vn 0.4753 0.5884 0.6541
vn 0.3294 0.6912 0.6433
vn 0.2933 0.7654 0.5728
vn 0.3685 0.5885 0.7197
vn 0.3783 0.7653 0.5207
vn 0.4058 0.4552 0.7925
vn 0.8903 0.4553 0.0000
vn 0.8085 0.5886 -0.0000
vn 0.8791 0.4552 0.1410
vn 0.7983 0.5885 0.1281
vn 0.8468 0.4552 0.2752
vn 0.6435 0.7655 0.0000
vn 0.7136 0.6912 0.1145
vn 0.7226 0.6912 -0.0000
vn 0.6354 0.7654 0.1020
vn 0.6874 0.6911 0.2234
vn 0.7690 0.5884 0.2499
vn 0.6446 0.6911 0.3268
vn 0.5740 0.7654 0.2910
vn 0.7211 0.5885 0.3656
vn 0.6121 0.7653 0.1989
vn 0.7941 0.4552 0.4026
vn 0.7203 0.4553 -0.5233
vn 0.6540 0.5886 -0.4752
vn 0.7941 0.4552 -0.4026
vn 0.7211 0.5885 -0.3656
vn 0.8468 0.4552 -0.2751
vn 0.5206 0.7655 -0.3782
vn 0.6446 0.6911 -0.3268
vn 0.5846 0.6912 -0.4248
vn 0.5740 0.7654 -0.2910
vn 0.6874 0.6911 -0.2234
vn 0.7690 0.5884 -0.2499
vn 0.7136 0.6912 -0.1145
vn 0.6354 0.7654 -0.1020
vn 0.7983 0.5885 -0.1281
vn 0.6121 0.7653 -0.1989
vn 0.8791 0.4552 -0.1410
vn 0.2751 0.4553 -0.8468
vn 0.2498 0.5886 -0.7689
vn 0.4058 0.4552 -0.7925
vn 0.3685 0.5885 -0.7197
vn 0.5234 0.4551 -0.7204
vn 0.1988 0.7655 -0.6120
vn 0.3294 0.6912 -0.6433
vn 0.2233 0.6912 -0.6873
vn 0.2933 0.7654 -0.5728
vn 0.4248 0.6911 -0.5847
vn 0.4753 0.5884 -0.6541
vn 0.5100 0.6911 -0.5121
vn 0.4541 0.7654 -0.4560
vn 0.5705 0.5885 -0.5728
vn 0.3783 0.7653 -0.5207
vn 0.6283 0.4552 -0.6309
vn -0.2751 0.4553 -0.8468
vn -0.2498 0.5886 -0.7689
vn -0.1375 0.4552 -0.8797
vn -0.1249 0.5885 -0.7988
vn 0.0000 0.4551 -0.8904
vn -0.1988 0.7655 -0.6120
vn -0.1116 0.6911 -0.7140
vn -0.2233 0.6912 -0.6873
vn -0.0994 0.7654 -0.6358
vn 0.0000 0.6911 -0.7228
vn 0.0000 0.5884 -0.8085
vn 0.1116 0.6911 -0.7140
vn 0.0994 0.7654 -0.6358
vn 0.1249 0.5885 -0.7988
vn 0.0000 0.7653 -0.6436
vn 0.1375 0.4552 -0.8797
vn -0.7203 0.4553 -0.5233
vn -0.6541 0.5886 -0.4752
vn -0.6283 0.4552 -0.6309
vn -0.5705 0.5885 -0.5729
vn -0.5234 0.4552 -0.7204
vn -0.5206 0.7655 -0.3782
vn -0.5100 0.6911 -0.5121
vn -0.5846 0.6912 -0.4248
vn -0.4542 0.7654 -0.4560
vn -0.4248 0.6911 -0.5847
vn -0.4753 0.5884 -0.6541
vn -0.3294 0.6912 -0.6433
vn -0.2933 0.7654 -0.5728
vn -0.3685 0.5885 -0.7197
vn -0.3783 0.7653 -0.5207
vn -0.4058 0.4552 -0.7925
vn -0.8791 0.4552 -0.1410
vn -0.7983 0.5885 -0.1281
vn -0.8468 0.4552 -0.2752
vn -0.7136 0.6912 -0.1145
vn -0.6354 0.7654 -0.1020
vn -0.6874 0.6911 -0.2234
vn -0.7690 0.5884 -0.2499
vn -0.6446 0.6911 -0.3268
vn -0.5740 0.7654 -0.2910
vn -0.7211 0.5885 -0.3656
vn -0.6121 0.7653 -0.1989
vn -0.7941 0.4552 -0.4026
vn -0.6677 0.5647 0.4851
vn -0.6411 0.6953 0.3250
vn -0.5813 0.6955 0.4223
vn -0.7336 0.4215 0.5330
vn -0.7362 0.5645 0.3733
vn -0.6836 0.6952 0.2222
vn -0.8089 0.4214 0.4100
vn -0.7851 0.5644 0.2551
vn -0.7948 0.1868 0.5774
vn -0.8536 0.2900 0.4328
vn -0.7742 0.2902 0.5624
vn -0.8762 0.1867 0.4442
vn -0.9102 0.2899 0.2958
vn -0.8625 0.4212 0.2803
vn -0.9824 0.1868 0.0000
vn -0.9449 0.2900 0.1516
vn -0.9700 0.1867 0.1557
vn -0.9570 0.2902 0.0000
vn -0.8954 0.4213 0.1437
vn -0.9344 0.1866 0.3036
vn -0.8253 0.5647 0.0000
vn -0.7096 0.6953 0.1138
vn -0.8150 0.5645 0.1308
vn -0.9068 0.4215 0.0000
vn -0.2550 0.5647 0.7849
vn -0.3276 0.6953 0.6397
vn -0.2220 0.6955 0.6834
vn -0.2802 0.4215 0.8624
vn -0.3762 0.5645 0.7347
vn -0.4225 0.6952 0.5816
vn -0.4134 0.4213 0.8072
vn -0.4852 0.5644 0.6679
vn -0.3035 0.1868 0.9343
vn -0.4362 0.2900 0.8518
vn -0.2957 0.2902 0.9102
vn -0.4478 0.1867 0.8744
vn -0.5626 0.2900 0.7742
vn -0.5331 0.4212 0.7337
vn -0.6753 0.2900 0.6781
vn -0.6933 0.1867 0.6961
vn -0.6400 0.4213 0.6426
vn -0.5774 0.1866 0.7948
vn -0.5072 0.6953 0.5093
vn -0.5825 0.5645 0.5849
vn 0.2550 0.5647 0.7849
vn 0.1110 0.6953 0.7101
vn 0.2220 0.6955 0.6834
vn 0.2802 0.4215 0.8624
vn 0.1275 0.5645 0.8155
vn 0.0000 0.6952 0.7188
vn 0.1400 0.4213 0.8960
vn -0.0000 0.5644 0.8255
vn 0.3035 0.1868 0.9343
vn 0.1478 0.2900 0.9455
vn 0.2957 0.2902 0.9102
vn 0.1518 0.1867 0.9706
vn 0.0000 0.2899 0.9570
vn 0.0000 0.4212 0.9070
vn -0.1478 0.2900 0.9455
vn -0.1518 0.1867 0.9706
vn -0.1400 0.4213 0.8960
vn -0.0000 0.1866 0.9824
vn -0.1110 0.6953 0.7101
vn -0.1275 0.5645 0.8155
vn 0.6677 0.5647 0.4851
vn 0.5072 0.6953 0.5093
vn 0.5813 0.6955 0.4223
vn 0.7336 0.4215 0.5330
vn 0.5825 0.5645 0.5849
vn 0.4225 0.6952 0.5816
vn 0.6400 0.4213 0.6426
vn 0.4852 0.5644 0.6679
vn 0.7948 0.1868 0.5774
vn 0.6753 0.2900 0.6781
vn 0.7742 0.2902 0.5624
vn 0.6933 0.1867 0.6961
vn 0.5626 0.2900 0.7742
vn 0.5331 0.4212 0.7337
vn 0.4362 0.2900 0.8518
vn 0.4478 0.1867 0.8744
vn 0.4134 0.4213 0.8072
vn 0.5774 0.1866 0.7948
vn 0.3276 0.6953 0.6397
vn 0.3762 0.5645 0.7347
vn 0.8253 0.5647 -0.0000
vn 0.7096 0.6953 0.1138
vn 0.7185 0.6955 0.0000
vn 0.9068 0.4215 -0.0000
vn 0.8150 0.5645 0.1308
vn 0.6836 0.6952 0.2222
vn 0.8954 0.4213 0.1437
vn 0.7851 0.5644 0.2551
vn 0.9824 0.1868 0.0000
vn 0.9449 0.2900 0.1516
vn 0.9570 0.2902 0.0000
vn 0.9700 0.1867 0.1557
vn 0.9102 0.2899 0.2958
vn 0.8625 0.4212 0.2803
vn 0.8536 0.2900 0.4328
vn 0.8762 0.1867 0.4442
vn 0.8089 0.4214 0.4100
vn 0.9344 0.1866 0.3036
vn 0.6411 0.6953 0.3250
vn 0.7362 0.5645 0.3733
vn 0.6677 0.5647 -0.4851
vn 0.6411 0.6953 -0.3250
vn 0.5813 0.6955 -0.4223
vn 0.7336 0.4215 -0.5330
vn 0.7362 0.5645 -0.3733
vn 0.6836 0.6952 -0.2222
vn 0.8089 0.4214 -0.4100
vn 0.7851 0.5644 -0.2551
vn 0.7948 0.1868 -0.5774
vn 0.8536 0.2900 -0.4328
vn 0.7742 0.2902 -0.5624
vn 0.8762 0.1867 -0.4442
vn 0.9102 0.2899 -0.2958
vn 0.8625 0.4212 -0.2803
vn 0.9449 0.2900 -0.1516
vn 0.9700 0.1867 -0.1557
vn 0.8954 0.4213 -0.1437
vn 0.9344 0.1866 -0.3036
vn 0.7096 0.6953 -0.1138
vn 0.8150 0.5645 -0.1308
vn 0.2550 0.5647 -0.7849
vn 0.3276 0.6953 -0.6397
vn 0.2220 0.6955 -0.6834
vn 0.2802 0.4215 -0.8624
vn 0.3762 0.5645 -0.7347
vn 0.4225 0.6952 -0.5816
vn 0.4134 0.4213 -0.8072
vn 0.4852 0.5644 -0.6679
vn 0.3035 0.1868 -0.9343
vn 0.4362 0.2900 -0.8518
vn 0.2957 0.2902 -0.9102
vn 0.4478 0.1867 -0.8744
vn 0.5626 0.2900 -0.7742
vn 0.5331 0.4212 -0.7337
vn 0.6753 0.2900 -0.6781
vn 0.6933 0.1867 -0.6961
vn 0.6400 0.4213 -0.6426
vn 0.5774 0.1866 -0.7948
vn 0.5072 0.6953 -0.5093
vn 0.5825 0.5645 -0.5849
vn -0.2550 0.5647 -0.7849
vn -0.1110 0.6953 -0.7101
vn -0.2220 0.6955 -0.6834
vn -0.2802 0.4215 -0.8624
vn -0.1275 0.5645 -0.8155
vn 0.0000 0.6952 -0.7188
vn -0.1400 0.4213 -0.8960
vn 0.0000 0.5644 -0.8255
vn -0.3035 0.1868 -0.9343
vn -0.1478 0.2900 -0.9455
vn -0.2957 0.2902 -0.9102
vn -0.1518 0.1867 -0.9706
vn 0.0000 0.2899 -0.9570
vn 0.0000 0.4212 -0.9070
vn 0.1478 0.2900 -0.9455
vn 0.1518 0.1867 -0.9706
vn 0.1400 0.4213 -0.8960
vn 0.0000 0.1866 -0.9824
vn 0.1110 0.6953 -0.7101
vn 0.1275 0.5645 -0.8155
vn -0.6677 0.5647 -0.4851
vn -0.5072 0.6953 -0.5093
vn -0.5813 0.6955 -0.4223
vn -0.7336 0.4215 -0.5330
vn -0.5825 0.5645 -0.5849
vn -0.4225 0.6952 -0.5816
vn -0.6400 0.4213 -0.6426
vn -0.4852 0.5644 -0.6679
vn -0.7948 0.1868 -0.5774
vn -0.6753 0.2900 -0.6781
vn -0.7742 0.2902 -0.5624
vn -0.6933 0.1867 -0.6961
vn -0.5626 0.2900 -0.7742
vn -0.5331 0.4212 -0.7337
vn -0.4362 0.2900 -0.8518
vn -0.4478 0.1867 -0.8744
vn -0.4134 0.4213 -0.8072
vn -0.5774 0.1866 -0.7948
vn -0.3276 0.6953 -0.6397
vn -0.3762 0.5645 -0.7347
vn -0.7096 0.6953 -0.1138
vn -0.7185 0.6955 -0.0000
vn -0.8150 0.5645 -0.1308
vn -0.6836 0.6952 -0.2222
vn -0.8954 0.4213 -0.1437
vn -0.7851 0.5644 -0.2551
vn -0.9449 0.2900 -0.1516
vn -0.9700 0.1867 -0.1557
vn -0.9102 0.2899 -0.2958
vn -0.8625 0.4212 -0.2803
vn -0.8536 0.2900 -0.4328
vn -0.8762 0.1867 -0.4442
vn -0.8089 0.4214 -0.4100
vn -0.9344 0.1866 -0.3036
vn -0.6411 0.6953 -0.3250
vn -0.7362 0.5645 -0.3733
vn -0.8090 -0.0104 0.5878
vn -0.8916 -0.0290 0.4520
vn -0.8918 -0.0104 0.4522
vn -0.8087 -0.0290 0.5875
vn -0.8912 -0.0404 0.4518
vn -0.9506 -0.0290 0.3089
vn -0.9510 -0.0104 0.3089
vn -0.9503 -0.0404 0.3088
vn -0.8081 -0.0466 0.5872
vn -0.8910 -0.0455 0.4518
vn -0.8910 -0.0466 0.4516
vn -0.9501 -0.0455 0.3086
vn -0.9500 -0.0466 0.3086
vn -0.8083 -0.0405 0.5873
vn -0.9989 -0.0466 0.0000
vn -0.9863 -0.0455 0.1583
vn -0.9990 -0.0455 0.0000
vn -0.9992 -0.0404 0.0000
vn -0.9863 -0.0466 0.1583
vn -0.9866 -0.0404 0.1583
vn -0.9999 -0.0104 0.0000
vn -0.9869 -0.0291 0.1584
vn -0.9996 -0.0291 0.0000
vn -0.9873 -0.0104 0.1584
vn -0.3090 -0.0104 0.9510
vn -0.4556 -0.0290 0.8897
vn -0.4557 -0.0104 0.8901
vn -0.3089 -0.0290 0.9506
vn -0.4554 -0.0404 0.8894
vn -0.5875 -0.0290 0.8087
vn -0.5878 -0.0104 0.8089
vn -0.5873 -0.0404 0.8083
vn -0.3086 -0.0466 0.9500
vn -0.4554 -0.0455 0.8891
vn -0.4553 -0.0466 0.8891
vn -0.5872 -0.0455 0.8082
vn -0.5872 -0.0465 0.8081
vn -0.3088 -0.0404 0.9503
vn -0.7050 -0.0455 0.7078
vn -0.8082 -0.0455 0.5872
vn -0.7049 -0.0466 0.7078
vn -0.7051 -0.0404 0.7080
vn -0.7054 -0.0290 0.7082
vn -0.7056 -0.0104 0.7085
vn 0.3090 -0.0104 0.9510
vn 0.1544 -0.0290 0.9876
vn 0.1545 -0.0104 0.9879
vn 0.3089 -0.0290 0.9506
vn 0.1543 -0.0404 0.9872
vn 0.0000 -0.0290 0.9996
vn 0.0000 -0.0104 0.9999
vn -0.0000 -0.0404 0.9992
vn 0.3086 -0.0466 0.9500
vn 0.1542 -0.0455 0.9870
vn 0.1542 -0.0466 0.9869
vn -0.0000 -0.0455 0.9990
vn 0.0000 -0.0466 0.9989
vn 0.3088 -0.0404 0.9503
vn -0.1542 -0.0455 0.9870
vn -0.3086 -0.0455 0.9501
vn -0.1542 -0.0466 0.9869
vn -0.1543 -0.0404 0.9872
vn -0.1544 -0.0290 0.9876
vn -0.1545 -0.0104 0.9879
vn 0.8090 -0.0104 0.5878
vn 0.7054 -0.0290 0.7082
vn 0.7056 -0.0104 0.7085
vn 0.8087 -0.0290 0.5875
vn 0.7051 -0.0404 0.7080
vn 0.5875 -0.0290 0.8087
vn 0.5878 -0.0104 0.8089
vn 0.5873 -0.0404 0.8083
vn 0.8081 -0.0466 0.5872
vn 0.7050 -0.0455 0.7078
vn 0.7049 -0.0465 0.7078
vn 0.5872 -0.0455 0.8081
vn 0.5872 -0.0465 0.8081
vn 0.8083 -0.0405 0.5873
vn 0.4554 -0.0455 0.8891
vn 0.3086 -0.0455 0.9501
vn 0.4553 -0.0466 0.8891
vn 0.4554 -0.0404 0.8894
vn 0.4556 -0.0290 0.8897
vn 0.4557 -0.0104 0.8901
vn 0.9999 -0.0104 -0.0000
vn 0.9869 -0.0291 0.1584
vn 0.9873 -0.0104 0.1584
vn 0.9996 -0.0291 0.0000
vn 0.9866 -0.0404 0.1583
vn 0.9506 -0.0290 0.3089
vn 0.9510 -0.0104 0.3089
vn 0.9503 -0.0404 0.3088
vn 0.9989 -0.0466 -0.0000
vn 0.9863 -0.0455 0.1583
vn 0.9863 -0.0466 0.1583
vn 0.9501 -0.0455 0.3086
vn 0.9500 -0.0466 0.3086
vn 0.9992 -0.0404 0.0000
vn 0.8910 -0.0455 0.4518
vn 0.8081 -0.0455 0.5872
vn 0.8910 -0.0466 0.4516
vn 0.8912 -0.0404 0.4518
vn 0.8916 -0.0290 0.4520
vn 0.8918 -0.0104 0.4522
vn 0.8090 -0.0104 -0.5878
vn 0.8916 -0.0290 -0.4520
vn 0.8918 -0.0104 -0.4522
vn 0.8087 -0.0290 -0.5875
vn 0.8912 -0.0404 -0.4518
vn 0.9506 -0.0290 -0.3089
vn 0.9510 -0.0104 -0.3089
vn 0.9503 -0.0404 -0.3088
vn 0.8081 -0.0466 -0.5872
vn 0.8910 -0.0455 -0.4518
vn 0.8910 -0.0466 -0.4516
vn 0.9501 -0.0455 -0.3086
vn 0.9500 -0.0466 -0.3086
vn 0.8083 -0.0405 -0.5873
vn 0.9863 -0.0455 -0.1583
vn 0.9990 -0.0455 0.0000
vn 0.9863 -0.0466 -0.1583
vn 0.9866 -0.0404 -0.1583
vn 0.9869 -0.0291 -0.1584
vn 0.9873 -0.0104 -0.1584
vn 0.3090 -0.0104 -0.9510
vn 0.4556 -0.0290 -0.8897
vn 0.4557 -0.0104 -0.8901
vn 0.3089 -0.0290 -0.9506
vn 0.4554 -0.0404 -0.8894
vn 0.5875 -0.0290 -0.8087
vn 0.5878 -0.0104 -0.8089
vn 0.5873 -0.0404 -0.8083
vn 0.3086 -0.0466 -0.9500
vn 0.4554 -0.0455 -0.8891
vn 0.4553 -0.0466 -0.8891
vn 0.5872 -0.0455 -0.8082
vn 0.5872 -0.0465 -0.8081
vn 0.3088 -0.0404 -0.9503
vn 0.7050 -0.0455 -0.7078
vn 0.8082 -0.0455 -0.5872
vn 0.7049 -0.0466 -0.7078
vn 0.7051 -0.0404 -0.7080
vn 0.7054 -0.0290 -0.7082
vn 0.7056 -0.0104 -0.7085
vn -0.3090 -0.0104 -0.9510
vn -0.1544 -0.0290 -0.9876
vn -0.1545 -0.0104 -0.9879
vn -0.3089 -0.0290 -0.9506
vn -0.1543 -0.0404 -0.9872
vn -0.0000 -0.0290 -0.9996
vn 0.0000 -0.0104 -0.9999
vn 0.0000 -0.0404 -0.9992
vn -0.3086 -0.0466 -0.9500
vn -0.1542 -0.0455 -0.9870
vn -0.1542 -0.0466 -0.9869
vn 0.0000 -0.0455 -0.9990
vn 0.0000 -0.0466 -0.9989
vn -0.3088 -0.0404 -0.9503
vn 0.1542 -0.0455 -0.9870
vn 0.3086 -0.0455 -0.9501
vn 0.1542 -0.0466 -0.9869
vn 0.1543 -0.0404 -0.9872
vn 0.1544 -0.0290 -0.9876
vn 0.1545 -0.0104 -0.9879
vn -0.8090 -0.0104 -0.5878
vn -0.7054 -0.0290 -0.7082
vn -0.7056 -0.0104 -0.7085
vn -0.8087 -0.0290 -0.5875
vn -0.7051 -0.0404 -0.7080
vn -0.5875 -0.0290 -0.8087
vn -0.5878 -0.0104 -0.8089
vn -0.5873 -0.0404 -0.8083
vn -0.8081 -0.0466 -0.5872
vn -0.7050 -0.0455 -0.7078
vn -0.7049 -0.0465 -0.7078
vn -0.5872 -0.0455 -0.8081
vn -0.5872 -0.0465 -0.8081
vn -0.8083 -0.0405 -0.5873
vn -0.4554 -0.0455 -0.8891
vn -0.3086 -0.0455 -0.9501
vn -0.4553 -0.0466 -0.8891
vn -0.4554 -0.0404 -0.8894
vn -0.4556 -0.0290 -0.8897
vn -0.4557 -0.0104 -0.8901
vn -0.9869 -0.0291 -0.1584
vn -0.9873 -0.0104 -0.1584
vn -0.9866 -0.0404 -0.1583
vn -0.9506 -0.0290 -0.3089
vn -0.9510 -0.0104 -0.3089
vn -0.9503 -0.0404 -0.3088
vn -0.9863 -0.0455 -0.1583
vn -0.9863 -0.0466 -0.1583
vn -0.9501 -0.0455 -0.3086
vn -0.9500 -0.0466 -0.3086
vn -0.8910 -0.0455 -0.4518
vn -0.8081 -0.0455 -0.5872
vn -0.8910 -0.0466 -0.4516
vn -0.8912 -0.0404 -0.4518
vn -0.8916 -0.0290 -0.4520
vn -0.8918 -0.0104 -0.4522
vn -0.4783 0.8065 0.3475
vn -0.4734 0.8110 0.3439
vn -0.5275 0.8064 0.2674
vn -0.5220 0.8108 0.2646
vn -0.5625 0.8063 0.1828
vn -0.5594 0.7789 0.2836
vn -0.5072 0.7791 0.3685
vn -0.5966 0.7788 0.1939
vn -0.5567 0.8108 0.1809
vn -0.6192 0.7789 0.0993
vn -0.6269 0.7791 0.0000
vn -0.5779 0.8108 0.0927
vn -0.5913 0.8065 0.0000
vn -0.5839 0.8064 0.0937
vn -0.5851 0.8110 0.0000
vn -0.1827 0.8065 0.5623
vn -0.1808 0.8110 0.5565
vn -0.2696 0.8064 0.5264
vn -0.2668 0.8108 0.5210
vn -0.3477 0.8063 0.4785
vn -0.2858 0.7789 0.5582
vn -0.1937 0.7791 0.5963
vn -0.3687 0.7788 0.5074
vn -0.3441 0.8108 0.4736
vn -0.4425 0.7789 0.4444
vn -0.4130 0.8108 0.4147
vn -0.4173 0.8064 0.4190
vn 0.1827 0.8065 0.5623
vn 0.1808 0.8110 0.5565
vn 0.0913 0.8064 0.5843
vn 0.0904 0.8108 0.5783
vn 0.0000 0.8063 0.5915
vn 0.0969 0.7789 0.6196
vn 0.1937 0.7791 0.5963
vn 0.0000 0.7788 0.6272
vn 0.0000 0.8108 0.5854
vn -0.0969 0.7789 0.6196
vn -0.0904 0.8108 0.5783
vn -0.0913 0.8064 0.5843
vn 0.4783 0.8065 0.3475
vn 0.4734 0.8110 0.3439
vn 0.4173 0.8064 0.4190
vn 0.4130 0.8108 0.4147
vn 0.3477 0.8063 0.4785
vn 0.4425 0.7789 0.4444
vn 0.5072 0.7791 0.3685
vn 0.3687 0.7788 0.5074
vn 0.3441 0.8108 0.4736
vn 0.2858 0.7789 0.5582
vn 0.2668 0.8108 0.5210
vn 0.2696 0.8064 0.5264
vn 0.5913 0.8065 -0.0000
vn 0.5851 0.8110 -0.0000
vn 0.5839 0.8064 0.0937
vn 0.5779 0.8108 0.0927
vn 0.5625 0.8063 0.1828
vn 0.6192 0.7789 0.0993
vn 0.6269 0.7791 0.0000
vn 0.5966 0.7788 0.1939
vn 0.5567 0.8108 0.1809
vn 0.5594 0.7789 0.2836
vn 0.5220 0.8108 0.2646
vn 0.5275 0.8064 0.2674
vn 0.4783 0.8065 -0.3475
vn 0.4734 0.8110 -0.3439
vn 0.5275 0.8064 -0.2674
vn 0.5220 0.8108 -0.2646
vn 0.5625 0.8063 -0.1828
vn 0.5594 0.7789 -0.2836
vn 0.5072 0.7791 -0.3685
vn 0.5966 0.7788 -0.1939
vn 0.5567 0.8108 -0.1809
vn 0.6192 0.7789 -0.0993
vn 0.5779 0.8108 -0.0927
vn 0.5839 0.8064 -0.0937
vn 0.1827 0.8065 -0.5623
vn 0.1808 0.8110 -0.5565
vn 0.2696 0.8064 -0.5264
vn 0.2668 0.8108 -0.5210
vn 0.3477 0.8063 -0.4785
vn 0.2858 0.7789 -0.5582
vn 0.1937 0.7791 -0.5963
vn 0.3687 0.7788 -0.5074
vn 0.3441 0.8108 -0.4736
vn 0.4425 0.7789 -0.4444
vn 0.4130 0.8108 -0.4147
vn 0.4173 0.8064 -0.4190
vn -0.1827 0.8065 -0.5623
vn -0.1808 0.8110 -0.5565
vn -0.0913 0.8064 -0.5843
vn -0.0904 0.8108 -0.5783
vn 0.0000 0.8063 -0.5915
vn -0.0969 0.7789 -0.6196
vn -0.1937 0.7791 -0.5963
vn 0.0000 0.7788 -0.6272
vn 0.0000 0.8108 -0.5854
vn 0.0969 0.7789 -0.6196
vn 0.0904 0.8108 -0.5783
vn 0.0913 0.8064 -0.5843
vn -0.4783 0.8065 -0.3475
vn -0.4734 0.8110 -0.3439
vn -0.4173 0.8064 -0.4190
vn -0.4130 0.8108 -0.4147
vn -0.3477 0.8063 -0.4785
vn -0.4425 0.7789 -0.4444
vn -0.5072 0.7791 -0.3685
vn -0.3687 0.7788 -0.5074
vn -0.3441 0.8108 -0.4736
vn -0.2858 0.7789 -0.5582
vn -0.2668 0.8108 -0.5210
vn -0.2696 0.8064 -0.5264
vn -0.5839 0.8064 -0.0937
vn -0.5779 0.8108 -0.0927
vn -0.5625 0.8063 -0.1828
vn -0.6192 0.7789 -0.0993
vn -0.5966 0.7788 -0.1939
vn -0.5567 0.8108 -0.1809
vn -0.5594 0.7789 -0.2836
vn -0.5220 0.8108 -0.2646
vn -0.5275 0.8064 -0.2674
vn -0.8040 0.1116 0.5841
vn -0.8077 0.0570 0.5868
vn -0.8863 0.1115 0.4494
vn -0.8906 0.0571 0.4513
vn -0.9452 0.1115 0.3070
vn -0.8918 0.0176 0.4522
vn -0.8089 0.0176 0.5877
vn -0.9509 0.0176 0.3090
vn -0.9495 0.0570 0.3085
vn -0.9872 0.0176 0.1584
vn -0.9998 0.0176 0.0000
vn -0.9858 0.0570 0.1581
vn -0.9938 0.1116 -0.0000
vn -0.9812 0.1115 0.1574
vn -0.9984 0.0570 -0.0000
vn -0.3071 0.1116 0.9451
vn -0.3085 0.0570 0.9495
vn -0.4530 0.1115 0.8845
vn -0.4550 0.0570 0.8887
vn -0.5841 0.1115 0.8040
vn -0.3089 0.0176 0.9509
vn -0.4557 0.0176 0.8900
vn -0.5877 0.0176 0.8089
vn -0.5868 0.0570 0.8077
vn -0.7046 0.0570 0.7074
vn -0.7056 0.0176 0.7084
vn -0.7013 0.1115 0.7041
vn 0.3071 0.1116 0.9451
vn 0.3085 0.0570 0.9495
vn 0.1534 0.1115 0.9818
vn 0.1542 0.0570 0.9864
vn 0.0000 0.1115 0.9938
vn 0.1544 0.0176 0.9879
vn 0.3089 0.0176 0.9509
vn 0.0000 0.0176 0.9998
vn 0.0000 0.0570 0.9984
vn -0.1544 0.0176 0.9879
vn -0.1542 0.0570 0.9864
vn -0.1534 0.1115 0.9818
vn 0.8040 0.1116 0.5841
vn 0.8077 0.0570 0.5868
vn 0.7013 0.1115 0.7041
vn 0.7046 0.0570 0.7074
vn 0.5841 0.1115 0.8040
vn 0.8089 0.0176 0.5877
vn 0.7056 0.0176 0.7084
vn 0.5877 0.0176 0.8089
vn 0.5868 0.0570 0.8077
vn 0.4550 0.0570 0.8887
vn 0.4557 0.0176 0.8900
vn 0.4530 0.1115 0.8845
vn 0.9938 0.1116 0.0000
vn 0.9984 0.0570 0.0000
vn 0.9812 0.1115 0.1574
vn 0.9858 0.0570 0.1581
vn 0.9452 0.1115 0.3070
vn 0.9872 0.0176 0.1584
vn 0.9998 0.0176 0.0000
vn 0.9509 0.0176 0.3090
vn 0.9495 0.0570 0.3085
vn 0.8918 0.0176 0.4522
vn 0.8906 0.0570 0.4512
vn 0.8863 0.1115 0.4494
vn 0.8040 0.1116 -0.5841
vn 0.8077 0.0570 -0.5868
vn 0.8863 0.1115 -0.4494
vn 0.8906 0.0571 -0.4513
vn 0.9452 0.1115 -0.3070
vn 0.8918 0.0176 -0.4522
vn 0.8089 0.0176 -0.5877
vn 0.9509 0.0176 -0.3090
vn 0.9495 0.0570 -0.3085
vn 0.9872 0.0176 -0.1584
vn 0.9858 0.0570 -0.1581
vn 0.9812 0.1115 -0.1574
vn 0.3071 0.1116 -0.9451
vn 0.3085 0.0570 -0.9495
vn 0.4530 0.1115 -0.8845
vn 0.4550 0.0570 -0.8887
vn 0.5841 0.1115 -0.8040
vn 0.3089 0.0176 -0.9509
vn 0.4557 0.0176 -0.8900
vn 0.5877 0.0176 -0.8089
vn 0.5868 0.0570 -0.8077
vn 0.7046 0.0570 -0.7074
vn 0.7056 0.0176 -0.7084
vn 0.7013 0.1115 -0.7041
vn -0.3071 0.1116 -0.9451
vn -0.3085 0.0570 -0.9495
vn -0.1534 0.1115 -0.9818
vn -0.1542 0.0570 -0.9864
vn -0.0000 0.1115 -0.9938
vn -0.1544 0.0176 -0.9879
vn -0.3089 0.0176 -0.9509
vn 0.0000 0.0176 -0.9998
vn 0.0000 0.0570 -0.9984
vn 0.1544 0.0176 -0.9879
vn 0.1542 0.0570 -0.9864
vn 0.1534 0.1115 -0.9818
vn -0.8040 0.1116 -0.5841
vn -0.8077 0.0570 -0.5868
vn -0.7013 0.1115 -0.7041
vn -0.7046 0.0570 -0.7074
vn -0.5841 0.1115 -0.8040
vn -0.8089 0.0176 -0.5877
vn -0.7056 0.0176 -0.7084
vn -0.5877 0.0176 -0.8089
vn -0.5868 0.0570 -0.8077
vn -0.4550 0.0570 -0.8887
vn -0.4557 0.0176 -0.8900
vn -0.4530 0.1115 -0.8845
vn -0.9812 0.1115 -0.1574
vn -0.9858 0.0570 -0.1581
vn -0.9452 0.1115 -0.3070
vn -0.9872 0.0176 -0.1584
vn -0.9509 0.0176 -0.3090
vn -0.9495 0.0570 -0.3085
vn -0.8918 0.0176 -0.4522
vn -0.8906 0.0570 -0.4512
vn -0.8863 0.1115 -0.4494
vn -0.0077 -1.0000 0.0056
vn -0.0031 -1.0000 0.0020
vn -0.0027 -1.0000 0.0020
vn -0.0088 -0.9999 0.0050
vn -0.0037 -1.0000 0.0012
vn -0.0010 -1.0000 0.0007
vn -0.0009 -1.0000 0.0006
vn -0.0017 -1.0000 0.0005
vn -0.0095 -1.0000 0.0000
vn -0.0036 -1.0000 0.0002
vn -0.0097 -1.0000 0.0010
vn -0.0034 -1.0000 0.0000
vn -0.0013 -1.0000 0.0000
vn -0.0102 -0.9999 0.0033
vn -0.0001 -1.0000 0.0001
vn -0.0002 -1.0000 0.0000
vn 0.0000 -1.0000 0.0000
vn -0.0003 -1.0000 0.0001
vn -0.0011 -1.0000 -0.0000
vn -0.0371 0.9993 0.0060
vn -0.0132 0.9999 0.0000
vn -0.0376 0.9993 -0.0000
vn -0.0358 0.9993 0.0116
vn -0.0131 0.9999 0.0021
vn -0.0003 1.0000 0.0000
vn -0.0126 0.9999 0.0041
vn -0.0003 1.0000 0.0001
vn -0.0335 0.9993 0.0170
vn -0.0107 0.9999 0.0078
vn -0.0118 0.9999 0.0060
vn -0.0002 1.0000 0.0002
vn -0.0006 1.0000 0.0003
vn 0.0286 0.9994 -0.0208
vn 0.0109 0.9999 -0.0055
vn 0.0098 0.9999 -0.0072
vn 0.0316 0.9994 -0.0160
vn 0.0116 0.9999 -0.0038
vn 0.0354 0.9994 -0.0000
vn 0.0120 0.9999 -0.0019
vn 0.0353 0.9994 -0.0056
vn 0.0122 0.9999 0.0000
vn 0.0337 0.9994 -0.0110
vn -0.0029 -1.0000 0.0091
vn -0.0013 -1.0000 0.0034
vn -0.0010 -1.0000 0.0032
vn -0.0042 -0.9999 0.0092
vn -0.0026 -1.0000 0.0033
vn -0.0004 -1.0000 0.0012
vn -0.0003 -1.0000 0.0010
vn -0.0010 -1.0000 0.0014
vn -0.0028 -1.0000 0.0023
vn -0.0071 -1.0000 0.0065
vn -0.0010 -1.0000 0.0008
vn -0.0063 -0.9999 0.0087
vn -0.0001 -1.0000 0.0002
vn -0.0002 -1.0000 0.0003
vn -0.0265 0.9993 0.0266
vn -0.0304 0.9993 0.0221
vn -0.0220 0.9993 0.0308
vn -0.0093 0.9999 0.0094
vn -0.0078 0.9999 0.0107
vn -0.0172 0.9993 0.0338
vn -0.0041 0.9999 0.0126
vn -0.0060 0.9999 0.0118
vn -0.0001 1.0000 0.0003
vn 0.0001 1.0000 0.0004
vn 0.0109 0.9994 -0.0342
vn 0.0056 0.9999 -0.0108
vn 0.0038 0.9999 -0.0116
vn 0.0165 0.9994 -0.0316
vn 0.0072 0.9999 -0.0099
vn 0.0086 0.9999 -0.0086
vn 0.0250 0.9994 -0.0251
vn 0.0209 0.9994 -0.0287
vn 0.0031 -1.0000 0.0087
vn 0.0009 -1.0000 0.0035
vn 0.0010 -1.0000 0.0032
vn 0.0020 -0.9999 0.0099
vn -0.0000 -1.0000 0.0039
vn 0.0004 -1.0000 0.0012
vn 0.0003 -1.0000 0.0010
vn 0.0000 -1.0000 0.0018
vn -0.0009 -1.0000 0.0035
vn -0.0020 -0.9999 0.0099
vn 0.0003 -0.9999 0.0106
vn 0.0001 -1.0000 0.0002
vn -0.0000 -1.0000 0.0004
vn -0.0058 0.9993 0.0371
vn -0.0121 0.9993 0.0355
vn 0.0003 0.9993 0.0377
vn -0.0020 0.9999 0.0131
vn 0.0000 0.9999 0.0132
vn -0.0000 1.0000 0.0003
vn 0.0058 0.9993 0.0371
vn 0.0041 0.9999 0.0126
vn 0.0020 0.9999 0.0131
vn 0.0001 1.0000 0.0003
vn -0.0112 0.9994 -0.0339
vn -0.0019 0.9999 -0.0120
vn -0.0038 0.9999 -0.0116
vn -0.0055 0.9994 -0.0351
vn 0.0000 0.9999 -0.0122
vn 0.0019 0.9999 -0.0120
vn 0.0055 0.9994 -0.0351
vn -0.0000 0.9994 -0.0355
vn 0.0077 -1.0000 0.0056
vn 0.0028 -1.0000 0.0023
vn 0.0027 -1.0000 0.0020
vn 0.0075 -0.9999 0.0068
vn 0.0023 -1.0000 0.0035
vn 0.0010 -1.0000 0.0008
vn 0.0009 -1.0000 0.0006
vn 0.0010 -1.0000 0.0014
vn 0.0013 -1.0000 0.0034
vn 0.0042 -0.9999 0.0092
vn 0.0063 -0.9999 0.0087
vn 0.0001 -1.0000 0.0001
vn 0.0002 -1.0000 0.0003
vn 0.0171 0.9993 0.0334
vn 0.0112 0.9993 0.0360
vn 0.0221 0.9993 0.0304
vn 0.0060 0.9999 0.0118
vn 0.0078 0.9999 0.0107
vn 0.0265 0.9993 0.0266
vn 0.0107 0.9999 0.0078
vn 0.0093 0.9999 0.0094
vn 0.0002 1.0000 0.0002
vn 0.0004 1.0000 0.0000
vn -0.0286 0.9994 -0.0208
vn -0.0086 0.9999 -0.0086
vn -0.0098 0.9999 -0.0072
vn -0.0250 0.9994 -0.0251
vn -0.0072 0.9999 -0.0099
vn -0.0056 0.9999 -0.0108
vn -0.0163 0.9994 -0.0319
vn -0.0209 0.9994 -0.0287
vn 0.0095 -1.0000 0.0000
vn 0.0036 -1.0000 0.0002
vn 0.0034 -1.0000 0.0000
vn 0.0100 -0.9999 0.0011
vn 0.0037 -1.0000 0.0012
vn 0.0013 -1.0000 0.0000
vn 0.0011 -1.0000 0.0000
vn 0.0017 -1.0000 0.0005
vn 0.0031 -1.0000 0.0020
vn 0.0088 -0.9999 0.0050
vn 0.0010 -1.0000 0.0007
vn 0.0102 -0.9999 0.0033
vn 0.0002 -1.0000 0.0000
vn 0.0003 -1.0000 0.0001
vn 0.0335 0.9993 0.0170
vn 0.0304 0.9993 0.0221
vn 0.0360 0.9993 0.0114
vn 0.0118 0.9999 0.0060
vn 0.0126 0.9999 0.0041
vn 0.0004 1.0000 -0.0002
vn 0.0371 0.9993 0.0060
vn 0.0132 0.9999 0.0000
vn 0.0131 0.9999 0.0021
vn 0.0003 1.0000 0.0000
vn 0.0003 1.0000 0.0001
vn -0.0354 0.9994 0.0000
vn -0.0120 0.9999 -0.0019
vn -0.0122 0.9999 -0.0000
vn -0.0350 0.9994 -0.0056
vn -0.0116 0.9999 -0.0038
vn -0.0109 0.9999 -0.0055
vn -0.0319 0.9994 -0.0162
vn -0.0337 0.9994 -0.0110
vn 0.0077 -1.0000 -0.0056
vn 0.0031 -1.0000 -0.0020
vn 0.0027 -1.0000 -0.0020
vn 0.0088 -0.9999 -0.0050
vn 0.0037 -1.0000 -0.0012
vn 0.0010 -1.0000 -0.0007
vn 0.0009 -1.0000 -0.0006
vn 0.0017 -1.0000 -0.0005
vn 0.0036 -1.0000 -0.0002
vn 0.0097 -1.0000 -0.0010
vn 0.0102 -0.9999 -0.0033
vn 0.0001 -1.0000 -0.0001
vn 0.0003 -1.0000 -0.0001
vn 0.0371 0.9993 -0.0060
vn 0.0376 0.9993 0.0000
vn 0.0358 0.9993 -0.0116
vn 0.0131 0.9999 -0.0021
vn 0.0126 0.9999 -0.0041
vn 0.0003 1.0000 -0.0001
vn 0.0335 0.9993 -0.0170
vn 0.0107 0.9999 -0.0078
vn 0.0118 0.9999 -0.0060
vn 0.0002 1.0000 -0.0002
vn 0.0006 1.0000 -0.0003
vn -0.0286 0.9994 0.0208
vn -0.0109 0.9999 0.0055
vn -0.0098 0.9999 0.0072
vn -0.0316 0.9994 0.0160
vn -0.0116 0.9999 0.0038
vn -0.0120 0.9999 0.0019
vn -0.0353 0.9994 0.0056
vn -0.0337 0.9994 0.0110
vn 0.0029 -1.0000 -0.0091
vn 0.0013 -1.0000 -0.0034
vn 0.0010 -1.0000 -0.0032
vn 0.0042 -0.9999 -0.0092
vn 0.0026 -1.0000 -0.0033
vn 0.0004 -1.0000 -0.0012
vn 0.0003 -1.0000 -0.0010
vn 0.0010 -1.0000 -0.0014
vn 0.0028 -1.0000 -0.0023
vn 0.0071 -1.0000 -0.0065
vn 0.0010 -1.0000 -0.0008
vn 0.0063 -0.9999 -0.0087
vn 0.0001 -1.0000 -0.0002
vn 0.0002 -1.0000 -0.0003
vn 0.0265 0.9993 -0.0266
vn 0.0304 0.9993 -0.0221
vn 0.0220 0.9993 -0.0308
vn 0.0093 0.9999 -0.0094
vn 0.0078 0.9999 -0.0107
vn 0.0172 0.9993 -0.0338
vn 0.0041 0.9999 -0.0126
vn 0.0060 0.9999 -0.0118
vn 0.0001 1.0000 -0.0003
vn -0.0001 1.0000 -0.0004
vn -0.0109 0.9994 0.0342
vn -0.0056 0.9999 0.0108
vn -0.0038 0.9999 0.0116
vn -0.0165 0.9994 0.0316
vn -0.0072 0.9999 0.0099
vn -0.0086 0.9999 0.0086
vn -0.0250 0.9994 0.0251
vn -0.0209 0.9994 0.0287
vn -0.0031 -1.0000 -0.0087
vn -0.0009 -1.0000 -0.0035
vn -0.0010 -1.0000 -0.0032
vn -0.0020 -0.9999 -0.0099
vn 0.0000 -1.0000 -0.0039
vn -0.0004 -1.0000 -0.0012
vn -0.0003 -1.0000 -0.0010
vn 0.0000 -1.0000 -0.0018
vn 0.0009 -1.0000 -0.0035
vn 0.0020 -0.9999 -0.0099
vn -0.0003 -0.9999 -0.0106
vn -0.0001 -1.0000 -0.0002
vn 0.0000 -1.0000 -0.0004
vn 0.0058 0.9993 -0.0371
vn 0.0121 0.9993 -0.0355
vn -0.0003 0.9993 -0.0377
vn 0.0020 0.9999 -0.0131
vn -0.0000 0.9999 -0.0132
vn 0.0000 1.0000 -0.0003
vn -0.0058 0.9993 -0.0371
vn -0.0041 0.9999 -0.0126
vn -0.0020 0.9999 -0.0131
vn -0.0001 1.0000 -0.0003
vn 0.0112 0.9994 0.0339
vn 0.0019 0.9999 0.0120
vn 0.0038 0.9999 0.0116
vn 0.0055 0.9994 0.0351
vn -0.0000 0.9999 0.0122
vn -0.0019 0.9999 0.0120
vn -0.0055 0.9994 0.0351
vn 0.0000 0.9994 0.0355
vn -0.0077 -1.0000 -0.0056
vn -0.0028 -1.0000 -0.0023
vn -0.0027 -1.0000 -0.0020
vn -0.0075 -0.9999 -0.0068
vn -0.0023 -1.0000 -0.0035
vn -0.0010 -1.0000 -0.0008
vn -0.0009 -1.0000 -0.0006
vn -0.0010 -1.0000 -0.0014
vn -0.0013 -1.0000 -0.0034
vn -0.0042 -0.9999 -0.0092
vn -0.0063 -0.9999 -0.0087
vn -0.0001 -1.0000 -0.0001
vn -0.0002 -1.0000 -0.0003
vn -0.0171 0.9993 -0.0334
vn -0.0112 0.9993 -0.0360
vn -0.0221 0.9993 -0.0304
vn -0.0060 0.9999 -0.0118
vn -0.0078 0.9999 -0.0107
vn -0.0265 0.9993 -0.0266
vn -0.0107 0.9999 -0.0078
vn -0.0093 0.9999 -0.0094
vn -0.0002 1.0000 -0.0002
vn -0.0004 1.0000 -0.0000
vn 0.0286 0.9994 0.0208
vn 0.0086 0.9999 0.0086
vn 0.0098 0.9999 0.0072
vn 0.0250 0.9994 0.0251
vn 0.0072 0.9999 0.0099
vn 0.0056 0.9999 0.0108
vn 0.0163 0.9994 0.0319
vn 0.0209 0.9994 0.0287
vn -0.0036 -1.0000 -0.0002
vn -0.0100 -0.9999 -0.0011
vn -0.0037 -1.0000 -0.0012
vn -0.0017 -1.0000 -0.0005
vn -0.0031 -1.0000 -0.0020
vn -0.0088 -0.9999 -0.0050
vn -0.0010 -1.0000 -0.0007
vn -0.0102 -0.9999 -0.0033
vn -0.0003 -1.0000 -0.0001
vn -0.0335 0.9993 -0.0170
vn -0.0304 0.9993 -0.0221
vn -0.0360 0.9993 -0.0114
vn -0.0118 0.9999 -0.0060
vn -0.0126 0.9999 -0.0041
vn -0.0004 1.0000 0.0002
vn -0.0371 0.9993 -0.0060
vn -0.0131 0.9999 -0.0021
vn -0.0003 1.0000 -0.0001
vn 0.0120 0.9999 0.0019
vn 0.0350 0.9994 0.0056
vn 0.0116 0.9999 0.0038
vn 0.0109 0.9999 0.0055
vn 0.0319 0.9994 0.0162
vn 0.0337 0.9994 0.0110
vn 0.9873 0.0035 -0.1586
vn 1.0000 0.0015 -0.0000
vn 1.0000 0.0036 0.0000
vn 0.9510 0.0035 -0.3091
vn 0.9874 0.0012 -0.1584
vn 0.9873 0.0010 -0.1586
vn 1.0000 0.0010 -0.0000
vn 0.9511 0.0010 -0.3089
vn 0.8920 0.0036 -0.4521
vn 0.8090 0.0014 -0.5877
vn 0.8919 0.0015 -0.4523
vn 0.8920 0.0010 -0.4521
vn 0.9511 0.0015 -0.3090
vn 0.8919 0.0035 -0.4522
vn 0.8091 0.0015 -0.5877
vn 0.8090 0.0036 -0.5878
vn 0.9510 0.0035 -0.3090
vn 0.8090 0.0010 -0.5878
vn 0.9510 0.0015 -0.3091
vn 0.9874 0.0015 -0.1584
vn 0.9873 0.0036 -0.1586
vn 0.7056 0.0035 -0.7086
vn 0.5879 0.0036 -0.8089
vn 0.7057 0.0015 -0.7085
vn 0.5877 0.0011 -0.8090
vn 0.7056 0.0011 -0.7086
vn 0.4558 0.0036 -0.8901
vn 0.3090 0.0015 -0.9511
vn 0.4558 0.0015 -0.8901
vn 0.4558 0.0010 -0.8901
vn 0.5876 0.0015 -0.8091
vn 0.3090 0.0036 -0.9511
vn 0.4559 0.0015 -0.8900
vn 0.3091 0.0015 -0.9510
vn 0.5877 0.0036 -0.8090
vn 0.4557 0.0036 -0.8901
vn 0.3091 0.0010 -0.9510
vn 0.5877 0.0015 -0.8090
vn 0.7057 0.0036 -0.7085
vn 0.1545 0.0036 -0.9880
vn 0.3089 0.0036 -0.9511
vn 0.0000 0.0036 -1.0000
vn 0.1545 0.0015 -0.9880
vn 0.1545 0.0010 -0.9880
vn 0.0000 0.0010 -1.0000
vn -0.1545 0.0036 -0.9880
vn -0.3090 0.0015 -0.9511
vn -0.1545 0.0015 -0.9880
vn -0.1545 0.0010 -0.9880
vn 0.0000 0.0015 -1.0000
vn -0.3091 0.0015 -0.9510
vn -0.3090 0.0036 -0.9511
vn -0.1543 0.0015 -0.9880
vn -0.3091 0.0010 -0.9510
vn 0.1543 0.0015 -0.9880
vn -0.4558 0.0036 -0.8901
vn -0.3089 0.0036 -0.9511
vn -0.5876 0.0015 -0.8091
vn -0.4558 0.0015 -0.8901
vn -0.4558 0.0010 -0.8901
vn -0.7056 0.0035 -0.7086
vn -0.8090 0.0014 -0.5877
vn -0.7057 0.0015 -0.7085
vn -0.8090 0.0010 -0.5878
vn -0.7056 0.0011 -0.7086
vn -0.5879 0.0036 -0.8089
vn -0.5877 0.0011 -0.8090
vn -0.8090 0.0036 -0.5878
vn -0.8091 0.0015 -0.5877
vn -0.7057 0.0036 -0.7085
vn -0.5877 0.0015 -0.8090
vn -0.4559 0.0015 -0.8900
vn -0.4557 0.0036 -0.8901
vn -0.5877 0.0036 -0.8090
vn -0.8920 0.0036 -0.4521
vn -0.9510 0.0035 -0.3091
vn -0.8919 0.0015 -0.4523
vn -0.8920 0.0010 -0.4521
vn -0.9511 0.0015 -0.3090
vn -0.9873 0.0035 -0.1586
vn -1.0000 0.0015 0.0000
vn -0.9874 0.0015 -0.1581
vn -0.9873 0.0010 -0.1586
vn -0.9511 0.0010 -0.3089
vn -1.0000 0.0036 0.0000
vn -0.9874 0.0015 -0.1584
vn -0.9873 0.0036 -0.1586
vn -0.9510 0.0015 -0.3091
vn -1.0000 0.0010 -0.0000
vn -0.8919 0.0035 -0.4522
vn -0.9510 0.0035 -0.3090
vn -0.9873 0.0035 0.1586
vn -0.9510 0.0035 0.3091
vn -0.9874 0.0012 0.1584
vn -0.9873 0.0010 0.1586
vn -0.9511 0.0010 0.3089
vn -0.8920 0.0036 0.4521
vn -0.8090 0.0014 0.5877
vn -0.8919 0.0015 0.4523
vn -0.8920 0.0010 0.4521
vn -0.9511 0.0015 0.3090
vn -0.8919 0.0035 0.4522
vn -0.8091 0.0015 0.5877
vn -0.8090 0.0036 0.5878
vn -0.9510 0.0035 0.3090
vn -0.8090 0.0010 0.5878
vn -0.9510 0.0015 0.3091
vn -0.9874 0.0015 0.1584
vn -0.9873 0.0036 0.1586
vn -0.7056 0.0035 0.7086
vn -0.5879 0.0036 0.8089
vn -0.7057 0.0015 0.7085
vn -0.5877 0.0011 0.8090
vn -0.7056 0.0011 0.7086
vn -0.4558 0.0036 0.8901
vn -0.3090 0.0015 0.9511
vn -0.4558 0.0015 0.8901
vn -0.4558 0.0010 0.8901
vn -0.5876 0.0015 0.8091
vn -0.3090 0.0036 0.9511
vn -0.4559 0.0015 0.8900
vn -0.3091 0.0015 0.9510
vn -0.5877 0.0036 0.8090
vn -0.4557 0.0036 0.8901
vn -0.3091 0.0010 0.9510
vn -0.5877 0.0015 0.8090
vn -0.7057 0.0036 0.7085
vn -0.1545 0.0036 0.9880
vn -0.3089 0.0036 0.9511
vn -0.0000 0.0036 1.0000
vn -0.1545 0.0015 0.9880
vn -0.1545 0.0010 0.9880
vn -0.0000 0.0010 1.0000
vn 0.1545 0.0036 0.9880
vn 0.3090 0.0015 0.9511
vn 0.1545 0.0015 0.9880
vn 0.1545 0.0010 0.9880
vn 0.0000 0.0015 1.0000
vn 0.3091 0.0015 0.9510
vn 0.3090 0.0036 0.9511
vn 0.1543 0.0015 0.9880
vn 0.3091 0.0010 0.9510
vn -0.1543 0.0015 0.9880
vn 0.4558 0.0036 0.8901
vn 0.3089 0.0036 0.9511
vn 0.5876 0.0015 0.8091
vn 0.4558 0.0015 0.8901
vn 0.4558 0.0010 0.8901
vn 0.7056 0.0035 0.7086
vn 0.8090 0.0014 0.5877
vn 0.7057 0.0015 0.7085
vn 0.8090 0.0010 0.5878
vn 0.7056 0.0011 0.7086
vn 0.5879 0.0036 0.8089
vn 0.5877 0.0011 0.8090
vn 0.8090 0.0036 0.5878
vn 0.8091 0.0015 0.5877
vn 0.7057 0.0036 0.7085
vn 0.5877 0.0015 0.8090
vn 0.4559 0.0015 0.8900
vn 0.4557 0.0036 0.8901
vn 0.5877 0.0036 0.8090
vn 0.8920 0.0036 0.4521
vn 0.9510 0.0035 0.3091
vn 0.8919 0.0015 0.4523
vn 0.8920 0.0010 0.4521
vn 0.9511 0.0015 0.3090
vn 0.9873 0.0035 0.1586
vn 0.9874 0.0015 0.1581
vn 0.9873 0.0010 0.1586
vn 0.9511 0.0010 0.3089
vn 0.9874 0.0015 0.1584
vn 0.9873 0.0036 0.1586
vn 0.9510 0.0015 0.3091
vn 0.8919 0.0035 0.4522
vn 0.9510 0.0035 0.3090
vn 0.0289 0.9996 0.0003
vn 0.0115 0.9999 -0.0006
vn 0.0107 0.9999 0.0000
vn 0.0310 0.9995 -0.0035
vn 0.0117 0.9999 -0.0038
vn 0.0041 1.0000 -0.0001
vn 0.0033 1.0000 -0.0000
vn 0.0056 1.0000 -0.0018
vn 0.0236 0.9996 -0.0167
vn 0.0097 0.9999 -0.0063
vn 0.0272 0.9995 -0.0154
vn 0.0084 0.9999 -0.0061
vn 0.0033 1.0000 -0.0023
vn 0.0317 0.9995 -0.0096
vn 0.0005 1.0000 -0.0000
vn 0.0004 1.0000 -0.0003
vn 0.0000 1.0000 0.0000
vn 0.0009 1.0000 -0.0003
vn 0.0023 1.0000 -0.0019
vn 0.0090 0.9999 -0.0073
vn 0.0230 0.9995 -0.0211
vn 0.0072 0.9999 -0.0103
vn 0.0032 1.0000 -0.0024
vn 0.0034 1.0000 -0.0047
vn 0.0093 0.9996 -0.0273
vn 0.0042 0.9999 -0.0108
vn 0.0129 0.9995 -0.0284
vn 0.0033 0.9999 -0.0102
vn 0.0013 1.0000 -0.0038
vn 0.0199 0.9994 -0.0265
vn 0.0001 1.0000 -0.0004
vn 0.0005 1.0000 -0.0008
vn 0.0010 1.0000 -0.0031
vn 0.0030 0.9999 -0.0112
vn 0.0062 0.9995 -0.0306
vn -0.0002 0.9999 -0.0126
vn 0.0007 1.0000 -0.0039
vn -0.0000 1.0000 -0.0059
vn -0.0087 0.9996 -0.0277
vn -0.0030 0.9999 -0.0112
vn -0.0062 0.9995 -0.0306
vn -0.0032 0.9999 -0.0099
vn -0.0011 1.0000 -0.0042
vn 0.0005 0.9994 -0.0332
vn -0.0003 1.0000 -0.0009
vn -0.0010 1.0000 -0.0031
vn -0.0042 0.9999 -0.0108
vn -0.0129 0.9995 -0.0284
vn -0.0013 1.0000 -0.0038
vn -0.0034 1.0000 -0.0047
vn -0.0231 0.9996 -0.0172
vn -0.0090 0.9999 -0.0073
vn -0.0230 0.9995 -0.0211
vn -0.0087 0.9999 -0.0063
vn -0.0033 1.0000 -0.0028
vn -0.0189 0.9995 -0.0272
vn -0.0004 1.0000 -0.0003
vn -0.0005 1.0000 -0.0008
vn -0.0027 1.0000 -0.0019
vn -0.0097 0.9999 -0.0063
vn -0.0271 0.9995 -0.0157
vn -0.0120 0.9999 -0.0036
vn -0.0034 1.0000 -0.0020
vn -0.0056 1.0000 -0.0018
vn -0.0289 0.9996 -0.0004
vn -0.0115 0.9999 -0.0006
vn -0.0310 0.9995 -0.0035
vn -0.0107 0.9999 0.0000
vn -0.0041 1.0000 -0.0001
vn -0.0312 0.9995 -0.0109
vn -0.0005 1.0000 0.0000
vn -0.0009 1.0000 -0.0003
vn -0.0033 1.0000 0.0000
vn -0.0115 0.9999 0.0006
vn -0.0310 0.9995 0.0035
vn -0.0117 0.9999 0.0038
vn -0.0041 1.0000 0.0001
vn -0.0056 1.0000 0.0018
vn -0.0236 0.9996 0.0167
vn -0.0097 0.9999 0.0063
vn -0.0272 0.9995 0.0154
vn -0.0084 0.9999 0.0061
vn -0.0033 1.0000 0.0023
vn -0.0317 0.9995 0.0096
vn -0.0004 1.0000 0.0003
vn -0.0009 1.0000 0.0003
vn -0.0023 1.0000 0.0019
vn -0.0090 0.9999 0.0073
vn -0.0230 0.9995 0.0211
vn -0.0072 0.9999 0.0103
vn -0.0032 1.0000 0.0024
vn -0.0034 1.0000 0.0047
vn -0.0093 0.9996 0.0273
vn -0.0042 0.9999 0.0108
vn -0.0129 0.9995 0.0284
vn -0.0033 0.9999 0.0102
vn -0.0013 1.0000 0.0038
vn -0.0199 0.9994 0.0265
vn -0.0001 1.0000 0.0004
vn -0.0005 1.0000 0.0008
vn -0.0010 1.0000 0.0031
vn -0.0030 0.9999 0.0112
vn -0.0062 0.9995 0.0306
vn 0.0002 0.9999 0.0126
vn -0.0007 1.0000 0.0039
vn 0.0000 1.0000 0.0059
vn 0.0087 0.9996 0.0277
vn 0.0030 0.9999 0.0112
vn 0.0062 0.9995 0.0306
vn 0.0032 0.9999 0.0099
vn 0.0011 1.0000 0.0042
vn -0.0005 0.9994 0.0332
vn 0.0003 1.0000 0.0009
vn 0.0010 1.0000 0.0031
vn 0.0042 0.9999 0.0108
vn 0.0129 0.9995 0.0284
vn 0.0013 1.0000 0.0038
vn 0.0034 1.0000 0.0047
vn 0.0231 0.9996 0.0172
vn 0.0090 0.9999 0.0073
vn 0.0230 0.9995 0.0211
vn 0.0087 0.9999 0.0063
vn 0.0033 1.0000 0.0028
vn 0.0189 0.9995 0.0272
vn 0.0004 1.0000 0.0003
vn 0.0005 1.0000 0.0008
vn 0.0027 1.0000 0.0019
vn 0.0097 0.9999 0.0063
vn 0.0271 0.9995 0.0157
vn 0.0120 0.9999 0.0036
vn 0.0034 1.0000 0.0020
vn 0.0056 1.0000 0.0018
vn 0.0115 0.9999 0.0006
vn 0.0310 0.9995 0.0035
vn 0.0041 1.0000 0.0001
vn 0.0312 0.9995 0.0109
vn 0.0009 1.0000 0.0003
vn -0.8919 -0.0084 0.4521
vn -0.7858 0.2377 0.5710
vn -0.8090 -0.0084 0.5878
vn -0.9510 -0.0085 0.3089
vn -0.9239 0.2375 0.3001
vn -0.5059 0.8236 0.2565
vn -0.4594 0.8231 0.3338
vn -0.5394 0.8236 0.1752
vn -0.8663 0.2378 0.4393
vn -0.5600 0.8236 0.0899
vn -0.5680 0.8231 0.0000
vn -0.9591 0.2377 0.1539
vn -0.9873 -0.0084 0.1585
vn -1.0000 -0.0084 0.0000
vn -0.9714 0.2375 0.0000
vn -0.4558 -0.0083 0.8901
vn -0.3001 0.2374 0.9239
vn -0.3090 -0.0082 0.9510
vn -0.5878 -0.0083 0.8090
vn -0.4427 0.2377 0.8646
vn -0.2586 0.8236 0.5048
vn -0.1755 0.8230 0.5402
vn -0.3334 0.8235 0.4590
vn -0.5710 0.2374 0.7859
vn -0.4006 0.8233 0.4022
vn -0.6855 0.2374 0.6883
vn -0.7056 -0.0083 0.7086
vn 0.1544 -0.0083 0.9880
vn 0.3001 0.2374 0.9239
vn 0.3090 -0.0082 0.9510
vn -0.0000 -0.0083 1.0000
vn 0.1501 0.2373 0.9598
vn 0.0876 0.8233 0.5608
vn 0.1755 0.8230 0.5402
vn 0.0000 0.8236 0.5672
vn 0.0000 0.2373 0.9714
vn -0.0876 0.8233 0.5608
vn -0.1501 0.2373 0.9598
vn -0.1544 -0.0083 0.9880
vn 0.7056 -0.0083 0.7086
vn 0.7858 0.2377 0.5710
vn 0.8090 -0.0084 0.5878
vn 0.5878 -0.0083 0.8090
vn 0.6855 0.2374 0.6883
vn 0.4006 0.8233 0.4022
vn 0.4594 0.8231 0.3338
vn 0.3334 0.8235 0.4590
vn 0.5710 0.2374 0.7859
vn 0.2586 0.8236 0.5048
vn 0.4427 0.2377 0.8646
vn 0.4558 -0.0083 0.8901
vn 0.9873 -0.0084 0.1585
vn 0.9714 0.2375 -0.0000
vn 1.0000 -0.0084 0.0000
vn 0.9510 -0.0085 0.3089
vn 0.9591 0.2377 0.1539
vn 0.5600 0.8236 0.0899
vn 0.5680 0.8231 0.0000
vn 0.5394 0.8236 0.1752
vn 0.9239 0.2375 0.3001
vn 0.5059 0.8236 0.2565
vn 0.8663 0.2378 0.4393
vn 0.8919 -0.0084 0.4521
vn 0.8919 -0.0084 -0.4521
vn 0.7858 0.2377 -0.5710
vn 0.8090 -0.0084 -0.5878
vn 0.9510 -0.0085 -0.3089
vn 0.9239 0.2375 -0.3001
vn 0.5059 0.8236 -0.2565
vn 0.4594 0.8231 -0.3338
vn 0.5394 0.8236 -0.1752
vn 0.8663 0.2378 -0.4393
vn 0.5600 0.8236 -0.0899
vn 0.9591 0.2377 -0.1539
vn 0.9873 -0.0084 -0.1585
vn 0.4558 -0.0083 -0.8901
vn 0.3001 0.2374 -0.9239
vn 0.3090 -0.0082 -0.9510
vn 0.5878 -0.0083 -0.8090
vn 0.4427 0.2377 -0.8646
vn 0.2586 0.8236 -0.5048
vn 0.1755 0.8230 -0.5402
vn 0.3334 0.8235 -0.4590
vn 0.5710 0.2374 -0.7859
vn 0.4006 0.8233 -0.4022
vn 0.6855 0.2374 -0.6883
vn 0.7056 -0.0083 -0.7086
vn -0.1544 -0.0083 -0.9880
vn -0.3001 0.2374 -0.9239
vn -0.3090 -0.0082 -0.9510
vn 0.0000 -0.0083 -1.0000
vn -0.1501 0.2373 -0.9598
vn -0.0876 0.8233 -0.5608
vn -0.1755 0.8230 -0.5402
vn -0.0000 0.8236 -0.5672
vn 0.0000 0.2373 -0.9714
vn 0.0876 0.8233 -0.5608
vn 0.1501 0.2373 -0.9598
vn 0.1544 -0.0083 -0.9880
vn -0.7056 -0.0083 -0.7086
vn -0.7858 0.2377 -0.5710
vn -0.8090 -0.0084 -0.5878
vn -0.5878 -0.0083 -0.8090
vn -0.6855 0.2374 -0.6883
vn -0.4006 0.8233 -0.4022
vn -0.4594 0.8231 -0.3338
vn -0.3334 0.8235 -0.4590
vn -0.5710 0.2374 -0.7859
vn -0.2586 0.8236 -0.5048
vn -0.4427 0.2377 -0.8646
vn -0.4558 -0.0083 -0.8901
vn -0.9873 -0.0084 -0.1585
vn -0.9510 -0.0085 -0.3089
vn -0.9591 0.2377 -0.1539
vn -0.5600 0.8236 -0.0899
vn -0.5394 0.8236 -0.1752
vn -0.9239 0.2375 -0.3001
vn -0.5059 0.8236 -0.2565
vn -0.8663 0.2378 -0.4393
vn -0.8919 -0.0084 -0.4521
vn 0.4781 0.8067 -0.3473
vn 0.7960 0.1792 -0.5782
vn 0.5276 0.8063 -0.2675
vn 0.8775 0.1791 -0.4448
vn 0.5631 0.8060 -0.1827
vn 0.8916 0.0252 -0.4521
vn 0.8086 0.0252 -0.5878
vn 0.9508 0.0252 -0.3088
vn 0.9357 0.1791 -0.3041
vn 0.9870 0.0253 -0.1585
vn 0.9997 0.0253 0.0000
vn 0.9714 0.1791 -0.1559
vn 0.5906 0.8070 -0.0000
vn 0.5841 0.8062 -0.0937
vn 0.9838 0.1793 -0.0000
vn 0.1826 0.8068 -0.5619
vn 0.3039 0.1793 -0.9357
vn 0.2697 0.8063 -0.5265
vn 0.4485 0.1792 -0.8757
vn 0.3480 0.8059 -0.4790
vn 0.3089 0.0253 -0.9508
vn 0.4556 0.0252 -0.8898
vn 0.5877 0.0253 -0.8087
vn 0.5783 0.1789 -0.7959
vn 0.6942 0.1793 -0.6971
vn 0.7055 0.0253 -0.7083
vn 0.4173 0.8064 -0.4191
vn -0.1825 0.8070 -0.5617
vn -0.3039 0.1793 -0.9357
vn -0.1518 0.1793 -0.9720
vn -0.0000 0.8061 -0.5918
vn -0.3089 0.0253 -0.9508
vn -0.1544 0.0252 -0.9877
vn 0.0000 0.0253 -0.9997
vn 0.0000 0.1791 -0.9838
vn 0.1518 0.1793 -0.9720
vn 0.1544 0.0252 -0.9877
vn -0.4781 0.8067 -0.3473
vn -0.7960 0.1792 -0.5782
vn -0.4171 0.8063 -0.4193
vn -0.6942 0.1793 -0.6971
vn -0.3475 0.8060 -0.4792
vn -0.8086 0.0252 -0.5878
vn -0.7055 0.0253 -0.7083
vn -0.5877 0.0253 -0.8087
vn -0.5783 0.1789 -0.7959
vn -0.4485 0.1792 -0.8757
vn -0.4556 0.0252 -0.8898
vn -0.2697 0.8063 -0.5265
vn -0.5906 0.8070 0.0000
vn -0.9838 0.1793 0.0000
vn -0.5841 0.8062 -0.0937
vn -0.9714 0.1791 -0.1559
vn -0.5629 0.8060 -0.1830
vn -0.9870 0.0253 -0.1585
vn -0.9997 0.0253 0.0000
vn -0.9508 0.0252 -0.3088
vn -0.9357 0.1791 -0.3041
vn -0.8916 0.0252 -0.4521
vn -0.8775 0.1791 -0.4448
vn -0.5276 0.8063 -0.2675
vn -0.4781 0.8067 0.3473
vn -0.7960 0.1792 0.5782
vn -0.5276 0.8063 0.2675
vn -0.8775 0.1791 0.4448
vn -0.5631 0.8060 0.1827
vn -0.8916 0.0252 0.4521
vn -0.8086 0.0252 0.5878
vn -0.9508 0.0252 0.3088
vn -0.9357 0.1791 0.3041
vn -0.9870 0.0253 0.1585
vn -0.9714 0.1791 0.1559
vn -0.5841 0.8062 0.0937
vn -0.1826 0.8068 0.5619
vn -0.3039 0.1793 0.9357
vn -0.2697 0.8063 0.5265
vn -0.4485 0.1792 0.8757
vn -0.3480 0.8059 0.4790
vn -0.3089 0.0253 0.9508
vn -0.4556 0.0252 0.8898
vn -0.5877 0.0253 0.8087
vn -0.5783 0.1789 0.7959
vn -0.6942 0.1793 0.6971
vn -0.7055 0.0253 0.7083
vn -0.4173 0.8064 0.4191
vn 0.1825 0.8070 0.5617
vn 0.3039 0.1793 0.9357
vn 0.1518 0.1793 0.9720
vn 0.0000 0.8061 0.5918
vn 0.3089 0.0253 0.9508
vn 0.1544 0.0252 0.9877
vn 0.0000 0.0253 0.9997
vn 0.0000 0.1791 0.9838
vn -0.1518 0.1793 0.9720
vn -0.1544 0.0252 0.9877
vn 0.4781 0.8067 0.3473
vn 0.7960 0.1792 0.5782
vn 0.4171 0.8063 0.4193
vn 0.6942 0.1793 0.6971
vn 0.3475 0.8060 0.4792
vn 0.8086 0.0252 0.5878
vn 0.7055 0.0253 0.7083
vn 0.5877 0.0253 0.8087
vn 0.5783 0.1789 0.7959
vn 0.4485 0.1792 0.8757
vn 0.4556 0.0252 0.8898
vn 0.2697 0.8063 0.5265
vn 0.5841 0.8062 0.0937
vn 0.9714 0.1791 0.1559
vn 0.5629 0.8060 0.1830
vn 0.9870 0.0253 0.1585
vn 0.9508 0.0252 0.3088
vn 0.9357 0.1791 0.3041
vn 0.8916 0.0252 0.4521
vn 0.8775 0.1791 0.4448
vn 0.5276 0.8063 0.2675
vn 0.8086 0.0298 -0.5876
vn 0.7905 0.2181 -0.5723
vn 0.8912 0.0282 -0.4528
vn 0.8705 0.2062 -0.4469
vn 0.9506 0.0278 -0.3092
vn 0.4791 0.8068 -0.3457
vn 0.5326 0.7981 -0.2818
vn 0.5878 0.7869 -0.1879
vn 0.9315 0.1969 -0.3057
vn 0.5906 0.8070 -0.0012
vn 0.9665 0.2086 -0.1495
vn 0.5989 0.7959 -0.0885
vn 0.9995 0.0302 -0.0004
vn 0.9869 0.0293 -0.1585
vn 0.9768 0.2143 -0.0037
vn 0.4559 0.0286 -0.8896
vn 0.3032 0.2181 -0.9276
vn 0.3087 0.0294 -0.9507
vn 0.4415 0.2061 -0.8733
vn 0.5875 0.0282 -0.8087
vn 0.1844 0.8068 -0.5613
vn 0.2653 0.7981 -0.5410
vn 0.3651 0.7869 -0.4975
vn 0.5740 0.1970 -0.7948
vn 0.6942 0.2084 -0.6890
vn 0.4323 0.7960 -0.4236
vn 0.7050 0.0294 -0.7086
vn -0.3087 0.0302 -0.9507
vn -0.3001 0.2180 -0.9287
vn -0.1552 0.0280 -0.9875
vn -0.1560 0.2061 -0.9660
vn 0.0000 0.0281 -0.9996
vn -0.1808 0.8068 -0.5624
vn -0.1033 0.7981 -0.5936
vn 0.0029 0.7869 -0.6171
vn -0.0030 0.1972 -0.9804
vn 0.1566 0.2085 -0.9654
vn 0.1005 0.7961 -0.5968
vn 0.1541 0.0293 -0.9876
vn -0.7050 0.0286 -0.7087
vn -0.7886 0.2181 -0.5749
vn -0.8088 0.0293 -0.5873
vn -0.5875 0.0282 -0.8087
vn -0.6942 0.2063 -0.6896
vn -0.4769 0.8068 -0.3488
vn -0.4325 0.7981 -0.4195
vn -0.3604 0.7869 -0.5009
vn -0.5786 0.1969 -0.7915
vn -0.4408 0.2085 -0.8731
vn -0.2692 0.7960 -0.5422
vn -0.4560 0.0294 -0.8895
vn -0.9995 0.0300 -0.0001
vn -0.9759 0.2181 -0.0017
vn -0.9871 0.0283 -0.1576
vn -0.9506 0.0280 -0.3092
vn -0.9669 0.2062 -0.1500
vn -0.5908 0.8068 -0.0019
vn -0.5965 0.7981 -0.0851
vn -0.5859 0.7870 -0.1934
vn -0.9333 0.1970 -0.3003
vn -0.8698 0.2084 -0.4473
vn -0.5365 0.7959 -0.2805
vn -0.8918 0.0294 -0.4516
vn -0.8086 0.0298 0.5876
vn -0.7905 0.2181 0.5723
vn -0.8912 0.0282 0.4528
vn -0.8705 0.2062 0.4469
vn -0.9506 0.0278 0.3092
vn -0.4791 0.8068 0.3457
vn -0.5326 0.7981 0.2818
vn -0.5878 0.7869 0.1879
vn -0.9315 0.1969 0.3057
vn -0.9665 0.2086 0.1495
vn -0.5989 0.7959 0.0885
vn -0.9869 0.0293 0.1585
vn -0.4559 0.0286 0.8896
vn -0.3032 0.2181 0.9276
vn -0.3087 0.0294 0.9507
vn -0.4415 0.2061 0.8733
vn -0.5875 0.0282 0.8087
vn -0.1844 0.8068 0.5613
vn -0.2653 0.7981 0.5410
vn -0.3651 0.7869 0.4975
vn -0.5740 0.1970 0.7948
vn -0.6942 0.2084 0.6890
vn -0.4323 0.7960 0.4236
vn -0.7050 0.0294 0.7086
vn 0.3087 0.0302 0.9507
vn 0.3001 0.2180 0.9287
vn 0.1552 0.0280 0.9875
vn 0.1560 0.2061 0.9660
vn 0.0000 0.0281 0.9996
vn 0.1808 0.8068 0.5624
vn 0.1033 0.7981 0.5936
vn -0.0029 0.7869 0.6171
vn 0.0030 0.1972 0.9804
vn -0.1566 0.2085 0.9654
vn -0.1005 0.7961 0.5968
vn -0.1541 0.0293 0.9876
vn 0.7050 0.0286 0.7087
vn 0.7886 0.2181 0.5749
vn 0.8088 0.0293 0.5873
vn 0.5875 0.0282 0.8087
vn 0.6942 0.2063 0.6896
vn 0.4769 0.8068 0.3488
vn 0.4325 0.7981 0.4195
vn 0.3604 0.7869 0.5009
vn 0.5786 0.1969 0.7915
vn 0.4408 0.2085 0.8731
vn 0.2692 0.7960 0.5422
vn 0.4560 0.0294 0.8895
vn 0.9871 0.0283 0.1576
vn 0.9506 0.0280 0.3092
vn 0.9669 0.2062 0.1500
vn 0.5965 0.7981 0.0851
vn 0.5859 0.7870 0.1934
vn 0.9333 0.1970 0.3003
vn 0.8698 0.2084 0.4473
vn 0.5365 0.7959 0.2805
vn 0.8918 0.0294 0.4516
vn -0.7845 -0.6201 0.0004
vn -0.5509 -0.8346 0.0001
vn -0.7778 -0.6162 0.1237
vn -0.5557 -0.8269 0.0864
vn -0.7517 -0.6132 0.2429
vn -0.1760 -0.9844 0.0020
vn -0.1839 -0.9826 0.0266
vn -0.1887 -0.9800 0.0626
vn -0.5453 -0.8203 0.1725
vn -0.1417 -0.9845 0.1033
vn -0.4457 -0.8346 0.3237
vn -0.1658 -0.9824 0.0864
vn -0.5001 -0.8271 0.2564
vn -0.6343 -0.6199 0.4620
vn -0.7021 -0.6163 0.3566
vn -0.5566 -0.6161 0.5573
vn -0.3987 -0.8269 0.3965
vn -0.4655 -0.6132 0.6382
vn -0.1331 -0.9826 0.1295
vn -0.1159 -0.9800 0.1615
vn -0.3399 -0.8203 0.4599
vn -0.0538 -0.9845 0.1668
vn -0.1705 -0.8346 0.5238
vn -0.0835 -0.9823 0.1674
vn -0.2539 -0.8269 0.5018
vn -0.2416 -0.6199 0.7466
vn -0.3584 -0.6166 0.7010
vn -0.1222 -0.6163 0.7780
vn -0.0894 -0.8267 0.5555
vn -0.0014 -0.6132 0.7899
vn -0.0315 -0.9826 0.1832
vn 0.0012 -0.9800 0.1988
vn -0.0045 -0.8202 0.5720
vn 0.0545 -0.9845 0.1666
vn 0.1701 -0.8346 0.5239
vn 0.0308 -0.9823 0.1845
vn 0.0895 -0.8269 0.5552
vn 0.2434 -0.6199 0.7460
vn 0.1220 -0.6167 0.7777
vn 0.3580 -0.6161 0.7016
vn 0.2542 -0.8267 0.5020
vn 0.4631 -0.6133 0.6399
vn 0.0820 -0.9826 0.1666
vn 0.1179 -0.9800 0.1602
vn 0.3324 -0.8203 0.4654
vn 0.1420 -0.9845 0.1028
vn 0.4456 -0.8346 0.3239
vn 0.1333 -0.9824 0.1311
vn 0.3985 -0.8271 0.3964
vn 0.6354 -0.6199 0.4605
vn 0.5559 -0.6168 0.5573
vn 0.7021 -0.6163 0.3566
vn 0.5008 -0.8266 0.2567
vn 0.7508 -0.6132 0.2455
vn 0.1644 -0.9826 0.0866
vn 0.1894 -0.9801 0.0602
vn 0.5426 -0.8202 0.1811
vn 0.1753 -0.9845 -0.0003
vn 0.5509 -0.8346 0.0002
vn 0.1850 -0.9823 0.0277
vn 0.5557 -0.8269 0.0864
vn 0.7847 -0.6199 -0.0010
vn 0.7774 -0.6166 0.1243
vn 0.7778 -0.6162 -0.1237
vn 0.5557 -0.8269 -0.0864
vn 0.7517 -0.6132 -0.2429
vn 0.1839 -0.9826 -0.0266
vn 0.1887 -0.9800 -0.0626
vn 0.5453 -0.8203 -0.1725
vn 0.1417 -0.9845 -0.1033
vn 0.4457 -0.8346 -0.3237
vn 0.1658 -0.9824 -0.0864
vn 0.5001 -0.8271 -0.2564
vn 0.6343 -0.6199 -0.4620
vn 0.7021 -0.6163 -0.3566
vn 0.5566 -0.6161 -0.5573
vn 0.3987 -0.8269 -0.3965
vn 0.4655 -0.6132 -0.6382
vn 0.1331 -0.9826 -0.1295
vn 0.1159 -0.9800 -0.1615
vn 0.3399 -0.8203 -0.4599
vn 0.0538 -0.9845 -0.1668
vn 0.1705 -0.8346 -0.5238
vn 0.0835 -0.9823 -0.1674
vn 0.2539 -0.8269 -0.5018
vn 0.2416 -0.6199 -0.7466
vn 0.3584 -0.6166 -0.7010
vn 0.1222 -0.6163 -0.7780
vn 0.0894 -0.8267 -0.5555
vn 0.0014 -0.6132 -0.7899
vn 0.0315 -0.9826 -0.1832
vn -0.0012 -0.9800 -0.1988
vn 0.0045 -0.8202 -0.5720
vn -0.0545 -0.9845 -0.1666
vn -0.1701 -0.8346 -0.5239
vn -0.0308 -0.9823 -0.1845
vn -0.0895 -0.8269 -0.5552
vn -0.2434 -0.6199 -0.7460
vn -0.1220 -0.6167 -0.7777
vn -0.3580 -0.6161 -0.7016
vn -0.2542 -0.8267 -0.5020
vn -0.4631 -0.6133 -0.6399
vn -0.0820 -0.9826 -0.1666
vn -0.1179 -0.9800 -0.1602
vn -0.3324 -0.8203 -0.4654
vn -0.1420 -0.9845 -0.1028
vn -0.4456 -0.8346 -0.3239
vn -0.1333 -0.9824 -0.1311
vn -0.3985 -0.8271 -0.3964
vn -0.6354 -0.6199 -0.4605
vn -0.5559 -0.6168 -0.5573
vn -0.7021 -0.6163 -0.3566
vn -0.5008 -0.8266 -0.2567
vn -0.7508 -0.6132 -0.2455
vn -0.1644 -0.9826 -0.0866
vn -0.1894 -0.9801 -0.0602
vn -0.5426 -0.8202 -0.1811
vn -0.1850 -0.9823 -0.0277
vn -0.5557 -0.8269 -0.0864
vn -0.7774 -0.6166 -0.1243
usemtl Default_OBJ
s 1
f 1/1/1 3/2/2 4/3/3
f 2/4/4 6/5/5 3/2/2
f 4/3/3 7/6/6 8/7/7
f 3/2/2 9/8/8 7/6/6
f 11/9/9 13/10/10 10/11/11
f 12/12/12 15/13/13 13/10/10
f 10/11/11 6/5/5 5/14/14
f 13/10/10 9/8/8 6/5/5
f 17/15/15 19/16/16 16/17/17
f 20/18/18 18/19/19 17/15/15
f 18/19/19 14/20/20 19/16/16
f 21/21/21 15/13/13 18/19/19
f 22/22/22 24/23/23 25/24/24
f 25/24/24 8/7/7 7/6/6
f 20/18/18 25/24/24 21/21/21
f 21/21/21 7/6/6 9/8/8
f 11/9/9 27/25/25 12/12/12
f 26/26/26 29/27/27 27/25/25
f 12/12/12 30/28/28 14/20/20
f 27/25/25 31/29/29 30/28/28
f 33/30/30 35/31/31 32/32/32
f 34/33/33 37/34/34 35/31/31
f 32/32/32 29/27/27 28/35/35
f 35/31/31 31/29/29 29/27/27
f 39/36/36 41/37/37 38/38/38
f 42/39/39 40/40/40 39/36/36
f 40/40/40 36/41/41 41/37/37
f 43/42/42 37/34/34 40/40/40
f 44/43/43 19/16/16 45/44/44
f 45/44/44 14/20/20 30/28/28
f 42/39/39 45/44/44 43/42/42
f 43/42/42 30/28/28 31/29/29
f 33/30/30 47/45/45 34/33/33
f 46/46/46 49/47/47 47/45/45
f 34/33/33 50/48/48 36/41/41
f 47/45/45 51/49/49 50/48/48
f 53/50/50 55/51/51 52/52/52
f 54/53/53 57/54/54 55/51/51
f 52/52/52 49/47/47 48/55/55
f 55/51/51 51/49/49 49/47/47
f 59/56/56 61/57/57 58/58/58
f 62/59/59 60/60/60 59/56/56
f 60/60/60 56/61/61 61/57/57
f 63/62/62 57/54/54 60/60/60
f 64/63/63 41/37/37 65/64/64
f 65/64/64 36/41/41 50/48/48
f 62/59/59 65/64/64 63/62/62
f 63/62/62 50/48/48 51/49/49
f 53/65/50 67/66/65 54/67/53
f 66/68/66 69/69/67 67/66/65
f 54/67/53 70/70/68 56/71/61
f 67/66/65 71/72/69 70/70/68
f 73/73/70 75/74/71 72/75/72
f 74/76/73 77/77/74 75/74/71
f 72/75/72 69/69/67 68/78/75
f 75/74/71 71/72/69 69/69/67
f 79/79/76 81/80/77 78/81/78
f 82/82/79 80/83/80 79/79/76
f 80/83/80 76/84/81 81/80/77
f 83/85/82 77/77/74 80/83/80
f 84/86/83 61/87/57 85/88/84
f 85/88/84 56/71/61 70/70/68
f 82/82/79 85/88/84 83/85/82
f 83/85/82 70/70/68 71/72/69
f 73/73/70 87/89/85 74/76/73
f 86/90/86 89/91/87 87/89/85
f 74/76/73 90/92/88 76/84/81
f 87/89/85 91/93/89 90/92/88
f 93/94/90 95/95/91 92/96/92
f 94/97/93 97/98/94 95/95/91
f 92/96/92 89/91/87 88/99/95
f 95/95/91 91/93/89 89/91/87
f 99/100/96 101/101/97 98/102/98
f 102/103/99 100/104/100 99/100/96
f 100/104/100 96/105/101 101/101/97
f 103/106/102 97/98/94 100/104/100
f 104/107/103 81/80/77 105/108/104
f 105/108/104 76/84/81 90/92/88
f 102/103/99 105/108/104 103/106/102
f 103/106/102 90/92/88 91/93/89
f 93/94/90 107/109/105 94/97/93
f 106/110/106 109/111/107 107/109/105
f 94/97/93 110/112/108 96/105/101
f 107/109/105 111/113/109 110/112/108
f 113/114/110 115/115/111 112/116/112
f 114/117/113 117/118/114 115/115/111
f 112/116/112 109/111/107 108/119/115
f 115/115/111 111/113/109 109/111/107
f 119/120/116 121/121/117 118/122/118
f 122/123/119 120/124/120 119/120/116
f 120/124/120 116/125/121 121/121/117
f 123/126/122 117/118/114 120/124/120
f 124/127/123 101/101/97 125/128/124
f 125/128/124 96/105/101 110/112/108
f 122/123/119 125/128/124 123/126/122
f 123/126/122 110/112/108 111/113/109
f 113/114/110 127/129/125 114/117/113
f 126/130/126 129/131/127 127/129/125
f 114/117/113 130/132/128 116/125/121
f 127/129/125 131/133/129 130/132/128
f 133/134/130 135/135/131 132/136/132
f 134/137/133 137/138/134 135/135/131
f 132/136/132 129/131/127 128/139/135
f 135/135/131 131/133/129 129/131/127
f 139/140/136 141/141/137 138/142/138
f 142/143/139 140/144/140 139/140/136
f 140/144/140 136/145/141 141/141/137
f 143/146/142 137/138/134 140/144/140
f 144/147/143 121/121/117 145/148/144
f 145/148/144 116/125/121 130/132/128
f 142/143/139 145/148/144 143/146/142
f 143/146/142 130/132/128 131/133/129
f 133/134/130 147/149/145 134/137/133
f 146/150/146 149/151/147 147/149/145
f 134/137/133 150/152/148 136/145/141
f 147/149/145 151/153/149 150/152/148
f 153/154/150 155/155/151 152/156/152
f 154/157/153 157/158/154 155/155/151
f 152/156/152 149/151/147 148/159/155
f 155/155/151 151/153/149 149/151/147
f 159/160/156 161/161/157 158/162/158
f 162/163/159 160/164/160 159/160/156
f 160/164/160 156/165/161 161/161/157
f 163/166/162 157/158/154 160/164/160
f 164/167/163 141/141/137 165/168/164
f 165/168/164 136/145/141 150/152/148
f 162/163/159 165/168/164 163/166/162
f 163/166/162 150/152/148 151/153/149
f 153/154/150 167/169/165 154/157/153
f 166/170/166 169/171/167 167/169/165
f 154/157/153 170/172/168 156/165/161
f 167/169/165 171/173/169 170/172/168
f 173/174/170 175/175/171 172/176/172
f 174/177/173 177/178/174 175/175/171
f 172/176/172 169/171/167 168/179/175
f 175/175/171 171/173/169 169/171/167
f 179/180/176 181/181/177 178/182/178
f 182/183/179 180/184/180 179/180/176
f 180/184/180 176/185/181 181/181/177
f 183/186/182 177/178/174 180/184/180
f 184/187/183 161/161/157 185/188/184
f 185/188/184 156/165/161 170/172/168
f 182/183/179 185/188/184 183/186/182
f 183/186/182 170/172/168 171/173/169
f 173/174/170 187/189/185 174/177/173
f 186/190/186 189/191/187 187/189/185
f 174/177/173 190/192/188 176/185/181
f 187/189/185 191/193/189 190/192/188
f 1/1/1 193/194/190 192/195/191
f 4/3/3 194/196/192 193/194/190
f 192/195/191 189/191/187 188/197/193
f 193/194/190 191/193/189 189/191/187
f 195/198/194 24/23/23 23/199/195
f 197/200/196 196/201/197 195/198/194
f 196/201/197 8/7/7 24/23/23
f 198/202/198 194/196/192 196/201/197
f 199/203/199 181/181/177 200/204/200
f 200/204/200 176/185/181 190/192/188
f 197/200/196 200/204/200 198/202/198
f 198/202/198 190/192/188 191/193/189
f 16/17/17 202/205/201 17/15/15
f 201/206/202 204/207/203 202/205/201
f 17/15/15 205/208/204 20/18/18
f 202/205/201 206/209/205 205/208/204
f 207/210/206 209/211/207 210/212/208
f 210/212/208 211/213/209 212/214/210
f 203/215/211 210/212/208 204/207/203
f 204/207/203 212/214/210 206/209/205
f 214/216/212 216/217/213 213/218/214
f 217/219/215 215/220/216 214/216/212
f 215/220/216 211/213/209 216/217/213
f 218/221/217 212/214/210 215/220/216
f 23/199/195 220/222/218 219/223/219
f 22/22/22 205/208/204 220/222/218
f 219/223/219 218/221/217 217/219/215
f 220/222/218 206/209/205 218/221/217
f 38/38/38 222/224/220 39/36/36
f 221/225/221 224/226/222 222/224/220
f 39/36/36 225/227/223 42/39/39
f 222/224/220 226/228/224 225/227/223
f 227/229/225 229/230/226 230/231/227
f 230/231/227 231/232/228 232/233/229
f 223/234/230 230/231/227 224/226/222
f 224/226/222 232/233/229 226/228/224
f 207/210/206 234/235/231 208/236/232
f 203/215/211 233/237/233 207/210/206
f 233/237/233 231/232/228 234/235/231
f 235/238/234 232/233/229 233/237/233
f 16/17/17 236/239/235 201/206/202
f 44/43/43 225/227/223 236/239/235
f 201/206/202 235/238/234 203/215/211
f 236/239/235 226/228/224 235/238/234
f 58/58/58 238/240/236 59/56/56
f 237/241/237 240/242/238 238/240/236
f 59/56/56 241/243/239 62/59/59
f 238/240/236 242/244/240 241/243/239
f 243/245/241 245/246/242 246/247/243
f 246/247/243 247/248/244 248/249/245
f 239/250/246 246/247/243 240/242/238
f 240/242/238 248/249/245 242/244/240
f 227/229/225 250/251/247 228/252/248
f 223/234/230 249/253/249 227/229/225
f 249/253/249 247/248/244 250/251/247
f 251/254/250 248/249/245 249/253/249
f 38/38/38 252/255/251 221/225/221
f 64/63/63 241/243/239 252/255/251
f 221/225/221 251/254/250 223/234/230
f 252/255/251 242/244/240 251/254/250
f 78/81/78 254/256/252 79/79/76
f 253/257/253 256/258/254 254/256/252
f 79/79/76 257/259/255 82/82/79
f 254/256/252 258/260/256 257/259/255
f 259/261/257 261/262/258 262/263/259
f 262/263/259 263/264/260 264/265/261
f 255/266/262 262/263/259 256/258/254
f 256/258/254 264/265/261 258/260/256
f 243/267/241 266/268/263 244/269/264
f 239/270/246 265/271/265 243/267/241
f 265/271/265 263/264/260 266/268/263
f 267/272/266 264/265/261 265/271/265
f 58/273/58 268/274/267 237/275/237
f 84/86/83 257/259/255 268/274/267
f 237/275/237 267/272/266 239/270/246
f 268/274/267 258/260/256 267/272/266
f 98/102/98 270/276/268 99/100/96
f 269/277/269 272/278/270 270/276/268
f 99/100/96 273/279/271 102/103/99
f 270/276/268 274/280/272 273/279/271
f 275/281/273 277/282/274 278/283/275
f 278/283/275 279/284/276 280/285/277
f 271/286/278 278/283/275 272/278/270
f 272/278/270 280/285/277 274/280/272
f 259/261/257 282/287/279 260/288/280
f 255/266/262 281/289/281 259/261/257
f 281/289/281 279/284/276 282/287/279
f 283/290/282 280/285/277 281/289/281
f 78/81/78 284/291/283 253/257/253
f 104/107/103 273/279/271 284/291/283
f 253/257/253 283/290/282 255/266/262
f 284/291/283 274/280/272 283/290/282
f 118/122/118 286/292/284 119/120/116
f 285/293/285 288/294/286 286/292/284
f 119/120/116 289/295/287 122/123/119
f 286/292/284 290/296/288 289/295/287
f 291/297/289 293/298/290 294/299/291
f 294/299/291 295/300/292 296/301/293
f 287/302/294 294/299/291 288/294/286
f 288/294/286 296/301/293 290/296/288
f 275/281/273 298/303/295 276/304/296
f 271/286/278 297/305/297 275/281/273
f 297/305/297 295/300/292 298/303/295
f 299/306/298 296/301/293 297/305/297
f 98/102/98 300/307/299 269/277/269
f 124/127/123 289/295/287 300/307/299
f 269/277/269 299/306/298 271/286/278
f 300/307/299 290/296/288 299/306/298
f 138/142/138 302/308/300 139/140/136
f 301/309/301 304/310/302 302/308/300
f 139/140/136 305/311/303 142/143/139
f 302/308/300 306/312/304 305/311/303
f 307/313/305 309/314/306 310/315/307
f 310/315/307 311/316/308 312/317/309
f 303/318/310 310/315/307 304/310/302
f 304/310/302 312/317/309 306/312/304
f 291/297/289 314/319/311 292/320/312
f 287/302/294 313/321/313 291/297/289
f 313/321/313 311/316/308 314/319/311
f 315/322/314 312/317/309 313/321/313
f 118/122/118 316/323/315 285/293/285
f 144/147/143 305/311/303 316/323/315
f 285/293/285 315/322/314 287/302/294
f 316/323/315 306/312/304 315/322/314
f 158/162/158 318/324/316 159/160/156
f 317/325/317 320/326/318 318/324/316
f 159/160/156 321/327/319 162/163/159
f 318/324/316 322/328/320 321/327/319
f 323/329/321 325/330/322 326/331/323
f 326/331/323 327/332/324 328/333/325
f 319/334/326 326/331/323 320/326/318
f 320/326/318 328/333/325 322/328/320
f 307/313/305 330/335/327 308/336/328
f 303/318/310 329/337/329 307/313/305
f 329/337/329 327/332/324 330/335/327
f 331/338/330 328/333/325 329/337/329
f 138/142/138 332/339/331 301/309/301
f 164/167/163 321/327/319 332/339/331
f 301/309/301 331/338/330 303/318/310
f 332/339/331 322/328/320 331/338/330
f 178/182/178 334/340/332 179/180/176
f 333/341/333 336/342/334 334/340/332
f 179/180/176 337/343/335 182/183/179
f 334/340/332 338/344/336 337/343/335
f 339/345/337 341/346/338 342/347/339
f 342/347/339 343/348/340 344/349/341
f 335/350/342 342/347/339 336/342/334
f 336/342/334 344/349/341 338/344/336
f 323/329/321 346/351/343 324/352/344
f 319/334/326 345/353/345 323/329/321
f 345/353/345 343/348/340 346/351/343
f 347/354/346 344/349/341 345/353/345
f 158/162/158 348/355/347 317/325/317
f 184/187/183 337/343/335 348/355/347
f 317/325/317 347/354/346 319/334/326
f 348/355/347 338/344/336 347/354/346
f 23/199/195 349/356/348 195/198/194
f 219/223/219 350/357/349 349/356/348
f 195/198/194 351/358/350 197/200/196
f 349/356/348 352/359/351 351/358/350
f 214/216/212 353/360/352 354/361/353
f 354/361/353 355/362/354 356/363/355
f 217/219/215 354/361/353 350/357/349
f 350/357/349 356/363/355 352/359/351
f 339/345/337 358/364/356 340/365/357
f 335/350/342 357/366/358 339/345/337
f 357/366/358 355/362/354 358/364/356
f 359/367/359 356/363/355 357/366/358
f 178/182/178 360/368/360 333/341/333
f 199/203/199 351/358/350 360/368/360
f 333/341/333 359/367/359 335/350/342
f 360/368/360 352/359/351 359/367/359
f 208/236/232 362/369/361 209/211/207
f 361/370/362 364/371/363 362/369/361
f 209/211/207 365/372/364 211/213/209
f 362/369/361 366/373/365 365/372/364
f 368/374/366 370/375/367 367/376/368
f 369/377/369 372/378/370 370/375/367
f 367/376/368 364/371/363 363/379/371
f 370/375/367 366/373/365 364/371/363
f 373/380/372 375/381/373 376/382/374
f 374/383/375 378/384/376 375/381/373
f 376/382/374 372/378/370 371/385/377
f 375/381/373 366/373/365 372/378/370
f 213/218/214 380/386/378 379/387/379
f 216/217/213 365/372/364 380/386/378
f 379/387/379 378/384/376 377/388/380
f 380/386/378 366/373/365 378/384/376
f 228/252/248 382/389/381 229/230/226
f 381/390/382 384/391/383 382/389/381
f 229/230/226 385/392/384 231/232/228
f 382/389/381 386/393/385 385/392/384
f 388/394/386 390/395/387 387/396/388
f 389/397/389 392/398/390 390/395/387
f 387/396/388 384/391/383 383/399/391
f 390/395/387 386/393/385 384/391/383
f 368/374/366 393/400/392 394/401/393
f 367/376/368 395/402/394 393/400/392
f 394/401/393 392/398/390 391/403/395
f 393/400/392 386/393/385 392/398/390
f 208/236/232 396/404/396 361/370/362
f 234/235/231 385/392/384 396/404/396
f 361/370/362 395/402/394 363/379/371
f 396/404/396 386/393/385 395/402/394
f 244/405/264 398/406/397 245/246/242
f 397/407/398 400/408/399 398/406/397
f 245/246/242 401/409/400 247/248/244
f 398/406/397 402/410/401 401/409/400
f 404/411/402 406/412/403 403/413/404
f 405/414/405 408/415/406 406/412/403
f 403/413/404 400/408/399 399/416/407
f 406/412/403 402/410/401 400/408/399
f 388/394/386 409/417/408 410/418/409
f 387/396/388 411/419/410 409/417/408
f 410/418/409 408/415/406 407/420/411
f 409/417/408 402/410/401 408/415/406
f 228/252/248 412/421/412 381/390/382
f 250/251/247 401/409/400 412/421/412
f 381/390/382 411/419/410 383/399/391
f 412/421/412 402/410/401 411/419/410
f 260/288/280 414/422/413 261/262/258
f 413/423/414 416/424/415 414/422/413
f 261/262/258 417/425/416 263/264/260
f 414/422/413 418/426/417 417/425/416
f 420/427/418 422/428/419 419/429/420
f 421/430/421 424/431/422 422/428/419
f 419/429/420 416/424/415 415/432/423
f 422/428/419 418/426/417 416/424/415
f 404/433/402 425/434/424 426/435/425
f 403/436/404 427/437/426 425/434/424
f 426/435/425 424/431/422 423/438/427
f 425/434/424 418/426/417 424/431/422
f 244/269/264 428/439/428 397/440/398
f 266/268/263 417/425/416 428/439/428
f 397/440/398 427/437/426 399/441/407
f 428/439/428 418/426/417 427/437/426
f 276/304/296 430/442/429 277/282/274
f 429/443/430 432/444/431 430/442/429
f 277/282/274 433/445/432 279/284/276
f 430/442/429 434/446/433 433/445/432
f 436/447/434 438/448/435 435/449/436
f 437/450/437 440/451/438 438/448/435
f 435/449/436 432/444/431 431/452/439
f 438/448/435 434/446/433 432/444/431
f 420/427/418 441/453/440 442/454/441
f 419/429/420 443/455/442 441/453/440
f 442/454/441 440/451/438 439/456/443
f 441/453/440 434/446/433 440/451/438
f 260/288/280 444/457/444 413/423/414
f 282/287/279 433/445/432 444/457/444
f 413/423/414 443/455/442 415/432/423
f 444/457/444 434/446/433 443/455/442
f 292/320/312 446/458/445 293/298/290
f 445/459/446 448/460/447 446/458/445
f 293/298/290 449/461/448 295/300/292
f 446/458/445 450/462/449 449/461/448
f 452/463/450 454/464/451 451/465/452
f 453/466/453 456/467/454 454/464/451
f 451/465/452 448/460/447 447/468/455
f 454/464/451 450/462/449 448/460/447
f 436/447/434 457/469/456 458/470/457
f 435/449/436 459/471/458 457/469/456
f 458/470/457 456/467/454 455/472/459
f 457/469/456 450/462/449 456/467/454
f 276/304/296 460/473/460 429/443/430
f 298/303/295 449/461/448 460/473/460
f 429/443/430 459/471/458 431/452/439
f 460/473/460 450/462/449 459/471/458
f 308/336/328 462/474/461 309/314/306
f 461/475/462 464/476/463 462/474/461
f 309/314/306 465/477/464 311/316/308
f 462/474/461 466/478/465 465/477/464
f 468/479/466 470/480/467 467/481/468
f 469/482/469 472/483/470 470/480/467
f 467/481/468 464/476/463 463/484/471
f 470/480/467 466/478/465 464/476/463
f 452/463/450 473/485/472 474/486/473
f 451/465/452 475/487/474 473/485/472
f 474/486/473 472/483/470 471/488/475
f 473/485/472 466/478/465 472/483/470
f 292/320/312 476/489/476 445/459/446
f 314/319/311 465/477/464 476/489/476
f 445/459/446 475/487/474 447/468/455
f 476/489/476 466/478/465 475/487/474
f 324/352/344 478/490/477 325/330/322
f 477/491/478 480/492/479 478/490/477
f 325/330/322 481/493/480 327/332/324
f 478/490/477 482/494/481 481/493/480
f 484/495/482 486/496/483 483/497/484
f 485/498/485 488/499/486 486/496/483
f 483/497/484 480/492/479 479/500/487
f 486/496/483 482/494/481 480/492/479
f 468/479/466 489/501/488 490/502/489
f 467/481/468 491/503/490 489/501/488
f 490/502/489 488/499/486 487/504/491
f 489/501/488 482/494/481 488/499/486
f 308/336/328 492/505/492 461/475/462
f 330/335/327 481/493/480 492/505/492
f 461/475/462 491/503/490 463/484/471
f 492/505/492 482/494/481 491/503/490
f 340/365/357 494/506/493 341/346/338
f 493/507/494 496/508/495 494/506/493
f 341/346/338 497/509/496 343/348/340
f 494/506/493 498/510/497 497/509/496
f 500/511/498 502/512/499 499/513/500
f 501/514/501 504/515/502 502/512/499
f 499/513/500 496/508/495 495/516/503
f 502/512/499 498/510/497 496/508/495
f 484/495/482 505/517/504 506/518/505
f 483/497/484 507/519/506 505/517/504
f 506/518/505 504/515/502 503/520/507
f 505/517/504 498/510/497 504/515/502
f 324/352/344 508/521/508 477/491/478
f 346/351/343 497/509/496 508/521/508
f 477/491/478 507/519/506 479/500/487
f 508/521/508 498/510/497 507/519/506
f 213/218/214 509/522/509 353/360/352
f 379/387/379 510/523/510 509/522/509
f 353/360/352 511/524/511 355/362/354
f 509/522/509 512/525/512 511/524/511
f 373/380/372 514/526/513 374/383/375
f 513/527/514 516/528/515 514/526/513
f 374/383/375 510/523/510 377/388/380
f 514/526/513 512/525/512 510/523/510
f 500/511/498 517/529/516 518/530/517
f 499/513/500 519/531/518 517/529/516
f 518/530/517 516/528/515 515/532/519
f 517/529/516 512/525/512 516/528/515
f 340/365/357 520/533/520 493/507/494
f 358/364/356 511/524/511 520/533/520
f 493/507/494 519/531/518 495/516/503
f 520/533/520 512/525/512 519/531/518
f 521/534/521 369/377/369 368/374/366
f 523/535/522 522/536/523 521/534/521
f 522/536/523 371/385/377 369/377/369
f 524/537/524 525/538/525 522/536/523
f 528/539/526 530/540/527 527/541/528
f 529/542/529 532/543/530 530/540/527
f 527/541/528 524/537/524 523/535/522
f 530/540/527 526/544/531 524/537/524
f 533/545/532 535/546/533 536/547/534
f 534/548/535 538/549/536 535/546/533
f 536/547/534 532/543/530 531/550/537
f 535/546/533 526/544/531 532/543/530
f 539/551/538 376/382/374 540/552/539
f 540/552/539 371/385/377 525/538/525
f 537/553/540 540/552/539 538/549/536
f 538/549/536 525/538/525 526/544/531
f 541/554/541 389/397/389 388/394/386
f 543/555/542 542/556/543 541/554/541
f 542/556/543 391/403/395 389/397/389
f 544/557/544 545/558/545 542/556/543
f 548/559/546 550/560/547 547/561/548
f 549/562/549 552/563/550 550/560/547
f 547/561/548 544/557/544 543/555/542
f 550/560/547 546/564/551 544/557/544
f 528/539/526 553/565/552 554/566/553
f 527/541/528 555/567/554 553/565/552
f 554/566/553 552/563/550 551/568/555
f 553/565/552 546/564/551 552/563/550
f 521/534/521 394/401/393 556/569/556
f 556/569/556 391/403/395 545/558/545
f 523/535/522 556/569/556 555/567/554
f 555/567/554 545/558/545 546/564/551
f 557/570/557 405/414/405 404/411/402
f 559/571/558 558/572/559 557/570/557
f 558/572/559 407/420/411 405/414/405
f 560/573/560 561/574/561 558/572/559
f 564/575/562 566/576/563 563/577/564
f 565/578/565 568/579/566 566/576/563
f 563/577/564 560/573/560 559/571/558
f 566/576/563 562/580/567 560/573/560
f 548/559/546 569/581/568 570/582/569
f 547/561/548 571/583/570 569/581/568
f 570/582/569 568/579/566 567/584/571
f 569/581/568 562/580/567 568/579/566
f 541/554/541 410/418/409 572/585/572
f 572/585/572 407/420/411 561/574/561
f 543/555/542 572/585/572 571/583/570
f 571/583/570 561/574/561 562/580/567
f 573/586/573 421/430/421 420/427/418
f 575/587/574 574/588/575 573/586/573
f 574/588/575 423/438/427 421/430/421
f 576/589/576 577/590/577 574/588/575
f 580/591/578 582/592/579 579/593/580
f 581/594/581 584/595/582 582/592/579
f 579/593/580 576/589/576 575/587/574
f 582/592/579 578/596/583 576/589/576
f 564/597/562 585/598/584 586/599/585
f 563/600/564 587/601/586 585/598/584
f 586/599/585 584/595/582 583/602/587
f 585/598/584 578/596/583 584/595/582
f 557/603/557 426/435/425 588/604/588
f 588/604/588 423/438/427 577/590/577
f 559/605/558 588/604/588 587/601/586
f 587/601/586 577/590/577 578/596/583
f 589/606/589 437/450/437 436/447/434
f 591/607/590 590/608/591 589/606/589
f 590/608/591 439/456/443 437/450/437
f 592/609/592 593/610/593 590/608/591
f 596/611/594 598/612/595 595/613/596
f 597/614/597 600/615/598 598/612/595
f 595/613/596 592/609/592 591/607/590
f 598/612/595 594/616/599 592/609/592
f 580/591/578 601/617/600 602/618/601
f 579/593/580 603/619/602 601/617/600
f 602/618/601 600/615/598 599/620/603
f 601/617/600 594/616/599 600/615/598
f 573/586/573 442/454/441 604/621/604
f 604/621/604 439/456/443 593/610/593
f 575/587/574 604/621/604 603/619/602
f 603/619/602 593/610/593 594/616/599
f 605/622/605 453/466/453 452/463/450
f 607/623/606 606/624/607 605/622/605
f 606/624/607 455/472/459 453/466/453
f 608/625/608 609/626/609 606/624/607
f 612/627/610 614/628/611 611/629/612
f 613/630/613 616/631/614 614/628/611
f 611/629/612 608/625/608 607/623/606
f 614/628/611 610/632/615 608/625/608
f 596/611/594 617/633/616 618/634/617
f 595/613/596 619/635/618 617/633/616
f 618/634/617 616/631/614 615/636/619
f 617/633/616 610/632/615 616/631/614
f 589/606/589 458/470/457 620/637/620
f 620/637/620 455/472/459 609/626/609
f 591/607/590 620/637/620 619/635/618
f 619/635/618 609/626/609 610/632/615
f 621/638/621 469/482/469 468/479/466
f 623/639/622 622/640/623 621/638/621
f 622/640/623 471/488/475 469/482/469
f 624/641/624 625/642/625 622/640/623
f 628/643/626 630/644/627 627/645/628
f 629/646/629 632/647/630 630/644/627
f 627/645/628 624/641/624 623/639/622
f 630/644/627 626/648/631 624/641/624
f 612/627/610 633/649/632 634/650/633
f 611/629/612 635/651/634 633/649/632
f 634/650/633 632/647/630 631/652/635
f 633/649/632 626/648/631 632/647/630
f 605/622/605 474/486/473 636/653/636
f 636/653/636 471/488/475 625/642/625
f 607/623/606 636/653/636 635/651/634
f 635/651/634 625/642/625 626/648/631
f 637/654/637 485/498/485 484/495/482
f 639/655/638 638/656/639 637/654/637
f 638/656/639 487/504/491 485/498/485
f 640/657/640 641/658/641 638/656/639
f 644/659/642 646/660/643 643/661/644
f 645/662/645 648/663/646 646/660/643
f 643/661/644 640/657/640 639/655/638
f 646/660/643 642/664/647 640/657/640
f 628/643/626 649/665/648 650/666/649
f 627/645/628 651/667/650 649/665/648
f 650/666/649 648/663/646 647/668/651
f 649/665/648 642/664/647 648/663/646
f 621/638/621 490/502/489 652/669/652
f 652/669/652 487/504/491 641/658/641
f 623/639/622 652/669/652 651/667/650
f 651/667/650 641/658/641 642/664/647
f 653/670/653 501/514/501 500/511/498
f 655/671/654 654/672/655 653/670/653
f 654/672/655 503/520/507 501/514/501
f 656/673/656 657/674/657 654/672/655
f 660/675/658 662/676/659 659/677/660
f 661/678/661 664/679/662 662/676/659
f 659/677/660 656/673/656 655/671/654
f 662/676/659 658/680/663 656/673/656
f 644/659/642 665/681/664 666/682/665
f 643/661/644 667/683/666 665/681/664
f 666/682/665 664/679/662 663/684/667
f 665/681/664 658/680/663 664/679/662
f 637/654/637 506/518/505 668/685/668
f 668/685/668 503/520/507 657/674/657
f 639/655/638 668/685/668 667/683/666
f 667/683/666 657/674/657 658/680/663
f 539/551/538 513/527/514 373/380/372
f 537/553/540 669/686/669 539/551/538
f 669/686/669 515/532/519 513/527/514
f 670/687/670 671/688/671 669/686/669
f 533/545/532 674/689/672 534/548/535
f 673/690/673 676/691/674 674/689/672
f 534/548/535 670/687/670 537/553/540
f 674/689/672 672/692/675 670/687/670
f 660/675/658 677/693/676 678/694/677
f 659/677/660 679/695/678 677/693/676
f 678/694/677 676/691/674 675/696/679
f 677/693/676 672/692/675 676/691/674
f 653/670/653 518/530/517 680/697/680
f 680/697/680 515/532/519 671/688/671
f 655/671/654 680/697/680 679/695/678
f 679/695/678 671/688/671 672/692/675
f 682/698/681 684/699/682 681/700/683
f 685/701/684 683/702/685 682/698/681
f 683/702/685 688/703/686 684/699/682
f 686/704/687 687/705/688 683/702/685
f 691/706/689 693/707/690 690/708/691
f 692/709/692 695/710/693 693/707/690
f 690/708/691 686/704/687 685/701/684
f 693/707/690 689/711/694 686/704/687
f 696/712/695 698/713/696 699/714/697
f 697/715/698 701/716/699 698/713/696
f 699/714/697 695/710/693 694/717/700
f 698/713/696 689/711/694 695/710/693
f 702/718/701 704/719/702 705/720/703
f 705/720/703 688/703/686 687/705/688
f 700/721/704 705/720/703 701/716/699
f 701/716/699 687/705/688 689/711/694
f 707/722/705 709/723/706 706/724/707
f 710/725/708 708/726/709 707/722/705
f 708/726/709 713/727/710 709/723/706
f 711/728/711 712/729/712 708/726/709
f 716/730/713 718/731/714 715/732/715
f 717/733/716 720/734/717 718/731/714
f 715/732/715 711/728/711 710/725/708
f 718/731/714 714/735/718 711/728/711
f 691/706/689 721/736/719 722/737/720
f 690/708/691 723/738/721 721/736/719
f 722/737/720 720/734/717 719/739/722
f 721/736/719 714/735/718 720/734/717
f 682/698/681 724/740/723 725/741/724
f 725/741/724 713/727/710 712/729/712
f 685/701/684 725/741/724 723/738/721
f 723/738/721 712/729/712 714/735/718
f 727/742/725 729/743/726 726/744/727
f 730/745/728 728/746/729 727/742/725
f 728/746/729 733/747/730 729/743/726
f 731/748/731 732/749/732 728/746/729
f 736/750/733 738/751/734 735/752/735
f 737/753/736 740/754/737 738/751/734
f 735/752/735 731/748/731 730/745/728
f 738/751/734 734/755/738 731/748/731
f 716/730/713 741/756/739 742/757/740
f 715/732/715 743/758/741 741/756/739
f 742/757/740 740/754/737 739/759/742
f 741/756/739 734/755/738 740/754/737
f 707/722/705 744/760/743 745/761/744
f 745/761/744 733/747/730 732/749/732
f 710/725/708 745/761/744 743/758/741
f 743/758/741 732/749/732 734/755/738
f 747/762/745 749/763/746 746/764/747
f 750/765/748 748/766/749 747/762/745
f 748/766/749 753/767/750 749/763/746
f 751/768/751 752/769/752 748/766/749
f 756/770/753 758/771/754 755/772/755
f 757/773/756 760/774/757 758/771/754
f 755/772/755 751/768/751 750/765/748
f 758/771/754 754/775/758 751/768/751
f 736/776/733 761/777/759 762/778/760
f 735/779/735 763/780/761 761/777/759
f 762/778/760 760/774/757 759/781/762
f 761/777/759 754/775/758 760/774/757
f 727/782/725 764/783/763 765/784/764
f 765/784/764 753/767/750 752/769/752
f 730/785/728 765/784/764 763/780/761
f 763/780/761 752/769/752 754/775/758
f 767/786/765 769/787/766 766/788/767
f 770/789/768 768/790/769 767/786/765
f 768/790/769 773/791/770 769/787/766
f 771/792/771 772/793/772 768/790/769
f 776/794/773 778/795/774 775/796/775
f 777/797/776 780/798/777 778/795/774
f 775/796/775 771/792/771 770/789/768
f 778/795/774 774/799/778 771/792/771
f 756/770/753 781/800/779 782/801/780
f 755/772/755 783/802/781 781/800/779
f 782/801/780 780/798/777 779/803/782
f 781/800/779 774/799/778 780/798/777
f 747/762/745 784/804/783 785/805/784
f 785/805/784 773/791/770 772/793/772
f 750/765/748 785/805/784 783/802/781
f 783/802/781 772/793/772 774/799/778
f 787/806/785 789/807/786 786/808/787
f 790/809/788 788/810/789 787/806/785
f 788/810/789 793/811/790 789/807/786
f 791/812/791 792/813/792 788/810/789
f 796/814/793 798/815/794 795/816/795
f 797/817/796 800/818/797 798/815/794
f 795/816/795 791/812/791 790/809/788
f 798/815/794 794/819/798 791/812/791
f 776/794/773 801/820/799 802/821/800
f 775/796/775 803/822/801 801/820/799
f 802/821/800 800/818/797 799/823/802
f 801/820/799 794/819/798 800/818/797
f 767/786/765 804/824/803 805/825/804
f 805/825/804 793/811/790 792/813/792
f 770/789/768 805/825/804 803/822/801
f 803/822/801 792/813/792 794/819/798
f 807/826/805 809/827/806 806/828/807
f 810/829/808 808/830/809 807/826/805
f 808/830/809 813/831/810 809/827/806
f 811/832/811 812/833/812 808/830/809
f 816/834/813 818/835/814 815/836/815
f 817/837/816 820/838/817 818/835/814
f 815/836/815 811/832/811 810/829/808
f 818/835/814 814/839/818 811/832/811
f 796/814/793 821/840/819 822/841/820
f 795/816/795 823/842/821 821/840/819
f 822/841/820 820/838/817 819/843/822
f 821/840/819 814/839/818 820/838/817
f 787/806/785 824/844/823 825/845/824
f 825/845/824 813/831/810 812/833/812
f 790/809/788 825/845/824 823/842/821
f 823/842/821 812/833/812 814/839/818
f 827/846/825 829/847/826 826/848/827
f 830/849/828 828/850/829 827/846/825
f 828/850/829 833/851/830 829/847/826
f 831/852/831 832/853/832 828/850/829
f 836/854/833 838/855/834 835/856/835
f 837/857/836 840/858/837 838/855/834
f 835/856/835 831/852/831 830/849/828
f 838/855/834 834/859/838 831/852/831
f 816/834/813 841/860/839 842/861/840
f 815/836/815 843/862/841 841/860/839
f 842/861/840 840/858/837 839/863/842
f 841/860/839 834/859/838 840/858/837
f 807/826/805 844/864/843 845/865/844
f 845/865/844 833/851/830 832/853/832
f 810/829/808 845/865/844 843/862/841
f 843/862/841 832/853/832 834/859/838
f 847/866/845 849/867/846 846/868/847
f 850/869/848 848/870/849 847/866/845
f 848/870/849 853/871/850 849/867/846
f 851/872/851 852/873/852 848/870/849
f 856/874/853 858/875/854 855/876/855
f 857/877/856 860/878/857 858/875/854
f 855/876/855 851/872/851 850/869/848
f 858/875/854 854/879/858 851/872/851
f 836/854/833 861/880/859 862/881/860
f 835/856/835 863/882/861 861/880/859
f 862/881/860 860/878/857 859/883/862
f 861/880/859 854/879/858 860/878/857
f 827/846/825 864/884/863 865/885/864
f 865/885/864 853/871/850 852/873/852
f 830/849/828 865/885/864 863/882/861
f 863/882/861 852/873/852 854/879/858
f 702/718/701 867/886/865 703/887/866
f 700/721/704 866/888/867 702/718/701
f 866/888/867 870/889/868 867/886/865
f 868/890/869 869/891/870 866/888/867
f 696/712/695 873/892/871 697/715/698
f 872/893/872 875/894/873 873/892/871
f 697/715/698 868/890/869 700/721/704
f 873/892/871 871/895/874 868/890/869
f 856/874/853 876/896/875 877/897/876
f 855/876/855 878/898/877 876/896/875
f 877/897/876 875/894/873 874/899/878
f 876/896/875 871/895/874 875/894/873
f 847/866/845 879/900/879 880/901/880
f 880/901/880 870/889/868 869/891/870
f 850/869/848 880/901/880 878/898/877
f 878/898/877 869/891/870 871/895/874
f 881/902/881 883/903/882 884/904/883
f 882/905/884 886/906/885 883/903/882
f 884/904/883 887/907/886 888/908/887
f 883/903/882 889/909/888 887/907/886
f 890/910/889 892/911/890 893/912/891
f 893/912/891 894/913/892 895/914/893
f 885/915/894 893/912/891 886/906/885
f 886/906/885 895/914/893 889/909/888
f 897/916/895 899/917/896 896/918/897
f 900/919/898 898/920/899 897/916/895
f 898/920/899 894/913/892 899/917/896
f 901/921/900 895/914/893 898/920/899
f 903/922/901 905/923/902 902/924/903
f 904/925/904 887/907/886 905/923/902
f 902/924/903 901/921/900 900/919/898
f 905/923/902 889/909/888 901/921/900
f 906/926/905 908/927/906 909/928/907
f 907/929/908 911/930/909 908/927/906
f 909/928/907 912/931/910 913/932/911
f 908/927/906 914/933/912 912/931/910
f 915/934/913 917/935/914 918/936/915
f 918/936/915 919/937/916 920/938/917
f 910/939/918 918/936/915 911/930/909
f 911/930/909 920/938/917 914/933/912
f 890/910/889 922/940/919 891/941/920
f 885/915/894 921/942/921 890/910/889
f 921/942/921 919/937/916 922/940/919
f 923/943/922 920/938/917 921/942/921
f 881/902/881 925/944/923 882/905/884
f 924/945/924 912/931/910 925/944/923
f 882/905/884 923/943/922 885/915/894
f 925/944/923 914/933/912 923/943/922
f 926/946/925 928/947/926 929/948/927
f 927/949/928 931/950/929 928/947/926
f 929/948/927 932/951/930 933/952/931
f 928/947/926 934/953/932 932/951/930
f 935/954/933 937/955/934 938/956/935
f 938/956/935 939/957/936 940/958/937
f 930/959/938 938/956/935 931/950/929
f 931/950/929 940/958/937 934/953/932
f 915/934/913 942/960/939 916/961/940
f 910/939/918 941/962/941 915/934/913
f 941/962/941 939/957/936 942/960/939
f 943/963/942 940/958/937 941/962/941
f 906/926/905 945/964/943 907/929/908
f 944/965/944 932/951/930 945/964/943
f 907/929/908 943/963/942 910/939/918
f 945/964/943 934/953/932 943/963/942
f 946/966/945 948/967/946 949/968/947
f 947/969/948 951/970/949 948/967/946
f 949/968/947 952/971/950 953/972/951
f 948/967/946 954/973/952 952/971/950
f 955/974/953 957/975/954 958/976/955
f 958/976/955 959/977/956 960/978/957
f 950/979/958 958/976/955 951/970/949
f 951/970/949 960/978/957 954/973/952
f 935/980/933 962/981/959 936/982/960
f 930/983/938 961/984/961 935/980/933
f 961/984/961 959/977/956 962/981/959
f 963/985/962 960/978/957 961/984/961
f 926/986/925 965/987/963 927/988/928
f 964/989/964 952/971/950 965/987/963
f 927/988/928 963/985/962 930/983/938
f 965/987/963 954/973/952 963/985/962
f 966/990/965 968/991/966 969/992/967
f 967/993/968 971/994/969 968/991/966
f 969/992/967 972/995/970 973/996/971
f 968/991/966 974/997/972 972/995/970
f 975/998/973 977/999/974 978/1000/975
f 978/1000/975 979/1001/976 980/1002/977
f 970/1003/978 978/1000/975 971/994/969
f 971/994/969 980/1002/977 974/997/972
f 955/974/953 982/1004/979 956/1005/980
f 950/979/958 981/1006/981 955/974/953
f 981/1006/981 979/1001/976 982/1004/979
f 983/1007/982 980/1002/977 981/1006/981
f 946/966/945 985/1008/983 947/969/948
f 984/1009/984 972/995/970 985/1008/983
f 947/969/948 983/1007/982 950/979/958
f 985/1008/983 974/997/972 983/1007/982
f 986/1010/985 988/1011/986 989/1012/987
f 987/1013/988 991/1014/989 988/1011/986
f 989/1012/987 992/1015/990 993/1016/991
f 988/1011/986 994/1017/992 992/1015/990
f 995/1018/993 997/1019/994 998/1020/995
f 998/1020/995 999/1021/996 1000/1022/997
f 990/1023/998 998/1020/995 991/1014/989
f 991/1014/989 1000/1022/997 994/1017/992
f 975/998/973 1002/1024/999 976/1025/1000
f 970/1003/978 1001/1026/1001 975/998/973
f 1001/1026/1001 999/1021/996 1002/1024/999
f 1003/1027/1002 1000/1022/997 1001/1026/1001
f 966/990/965 1005/1028/1003 967/993/968
f 1004/1029/1004 992/1015/990 1005/1028/1003
f 967/993/968 1003/1027/1002 970/1003/978
f 1005/1028/1003 994/1017/992 1003/1027/1002
f 1006/1030/1005 1008/1031/1006 1009/1032/1007
f 1007/1033/1008 1011/1034/1009 1008/1031/1006
f 1009/1032/1007 1012/1035/1010 1013/1036/1011
f 1008/1031/1006 1014/1037/1012 1012/1035/1010
f 1015/1038/1013 1017/1039/1014 1018/1040/1015
f 1018/1040/1015 1019/1041/1016 1020/1042/1017
f 1010/1043/1018 1018/1040/1015 1011/1034/1009
f 1011/1034/1009 1020/1042/1017 1014/1037/1012
f 995/1018/993 1022/1044/1019 996/1045/1020
f 990/1023/998 1021/1046/1021 995/1018/993
f 1021/1046/1021 1019/1041/1016 1022/1044/1019
f 1023/1047/1022 1020/1042/1017 1021/1046/1021
f 986/1010/985 1025/1048/1023 987/1013/988
f 1024/1049/1024 1012/1035/1010 1025/1048/1023
f 987/1013/988 1023/1047/1022 990/1023/998
f 1025/1048/1023 1014/1037/1012 1023/1047/1022
f 1026/1050/1025 1028/1051/1026 1029/1052/1027
f 1027/1053/1028 1031/1054/1029 1028/1051/1026
f 1029/1052/1027 1032/1055/1030 1033/1056/1031
f 1028/1051/1026 1034/1057/1032 1032/1055/1030
f 1035/1058/1033 1037/1059/1034 1038/1060/1035
f 1038/1060/1035 1039/1061/1036 1040/1062/1037
f 1030/1063/1038 1038/1060/1035 1031/1054/1029
f 1031/1054/1029 1040/1062/1037 1034/1057/1032
f 1015/1038/1013 1042/1064/1039 1016/1065/1040
f 1010/1043/1018 1041/1066/1041 1015/1038/1013
f 1041/1066/1041 1039/1061/1036 1042/1064/1039
f 1043/1067/1042 1040/1062/1037 1041/1066/1041
f 1006/1030/1005 1045/1068/1043 1007/1033/1008
f 1044/1069/1044 1032/1055/1030 1045/1068/1043
f 1007/1033/1008 1043/1067/1042 1010/1043/1018
f 1045/1068/1043 1034/1057/1032 1043/1067/1042
f 1046/1070/1045 1048/1071/1046 1049/1072/1047
f 1047/1073/1048 1051/1074/1049 1048/1071/1046
f 1049/1072/1047 1052/1075/1050 1053/1076/1051
f 1048/1071/1046 1054/1077/1052 1052/1075/1050
f 1055/1078/1053 1057/1079/1054 1058/1080/1055
f 1058/1080/1055 1059/1081/1056 1060/1082/1057
f 1050/1083/1058 1058/1080/1055 1051/1074/1049
f 1051/1074/1049 1060/1082/1057 1054/1077/1052
f 1035/1058/1033 1062/1084/1059 1036/1085/1060
f 1030/1063/1038 1061/1086/1061 1035/1058/1033
f 1061/1086/1061 1059/1081/1056 1062/1084/1059
f 1063/1087/1062 1060/1082/1057 1061/1086/1061
f 1026/1050/1025 1065/1088/1063 1027/1053/1028
f 1064/1089/1064 1052/1075/1050 1065/1088/1063
f 1027/1053/1028 1063/1087/1062 1030/1063/1038
f 1065/1088/1063 1054/1077/1052 1063/1087/1062
f 903/922/901 1066/1090/1065 1067/1091/1066
f 902/924/903 1068/1092/1067 1066/1090/1065
f 1067/1091/1066 1069/1093/1068 1070/1094/1069
f 1066/1090/1065 1071/1095/1070 1069/1093/1068
f 897/916/895 1072/1096/1071 1073/1097/1072
f 1073/1097/1072 1074/1098/1073 1075/1099/1074
f 900/919/898 1073/1097/1072 1068/1092/1067
f 1068/1092/1067 1075/1099/1074 1071/1095/1070
f 1055/1078/1053 1077/1100/1075 1056/1101/1076
f 1050/1083/1058 1076/1102/1077 1055/1078/1053
f 1076/1102/1077 1074/1098/1073 1077/1100/1075
f 1078/1103/1078 1075/1099/1074 1076/1102/1077
f 1046/1070/1045 1080/1104/1079 1047/1073/1048
f 1079/1105/1080 1069/1093/1068 1080/1104/1079
f 1047/1073/1048 1078/1103/1078 1050/1083/1058
f 1080/1104/1079 1071/1095/1070 1078/1103/1078
f 1081/1106/1081 529/542/529 528/539/526
f 1083/1107/1082 1082/1108/1083 1081/1106/1081
f 1082/1108/1083 531/550/537 529/542/529
f 1084/1109/1084 1085/1110/1085 1082/1108/1083
f 681/700/683 1088/1111/1086 1087/1112/1087
f 684/699/682 1089/1113/1088 1088/1111/1086
f 1087/1112/1087 1084/1109/1084 1083/1107/1082
f 1088/1111/1086 1086/1114/1089 1084/1109/1084
f 703/887/866 1091/1115/1090 704/719/702
f 1090/1116/1091 1093/1117/1092 1091/1115/1090
f 704/719/702 1089/1113/1088 688/703/686
f 1091/1115/1090 1086/1114/1089 1089/1113/1088
f 1094/1118/1093 536/547/534 1095/1119/1094
f 1095/1119/1094 531/550/537 1085/1110/1085
f 1092/1120/1095 1095/1119/1094 1093/1117/1092
f 1093/1117/1092 1085/1110/1085 1086/1114/1089
f 1096/1121/1096 549/562/549 548/559/546
f 1098/1122/1097 1097/1123/1098 1096/1121/1096
f 1097/1123/1098 551/568/555 549/562/549
f 1099/1124/1099 1100/1125/1100 1097/1123/1098
f 706/724/707 1103/1126/1101 1102/1127/1102
f 709/723/706 1104/1128/1103 1103/1126/1101
f 1102/1127/1102 1099/1124/1099 1098/1122/1097
f 1103/1126/1101 1101/1129/1104 1099/1124/1099
f 681/700/683 1105/1130/1105 724/740/723
f 1087/1112/1087 1106/1131/1106 1105/1130/1105
f 724/740/723 1104/1128/1103 713/727/710
f 1105/1130/1105 1101/1129/1104 1104/1128/1103
f 1081/1106/1081 554/566/553 1107/1132/1107
f 1107/1132/1107 551/568/555 1100/1125/1100
f 1083/1107/1082 1107/1132/1107 1106/1131/1106
f 1106/1131/1106 1100/1125/1100 1101/1129/1104
f 1108/1133/1108 565/578/565 564/575/562
f 1110/1134/1109 1109/1135/1110 1108/1133/1108
f 1109/1135/1110 567/584/571 565/578/565
f 1111/1136/1111 1112/1137/1112 1109/1135/1110
f 726/744/727 1115/1138/1113 1114/1139/1114
f 729/743/726 1116/1140/1115 1115/1138/1113
f 1114/1139/1114 1111/1136/1111 1110/1134/1109
f 1115/1138/1113 1113/1141/1116 1111/1136/1111
f 706/724/707 1117/1142/1117 744/760/743
f 1102/1127/1102 1118/1143/1118 1117/1142/1117
f 744/760/743 1116/1140/1115 733/747/730
f 1117/1142/1117 1113/1141/1116 1116/1140/1115
f 1096/1121/1096 570/582/569 1119/1144/1119
f 1119/1144/1119 567/584/571 1112/1137/1112
f 1098/1122/1097 1119/1144/1119 1118/1143/1118
f 1118/1143/1118 1112/1137/1112 1113/1141/1116
f 1120/1145/1120 581/594/581 580/591/578
f 1122/1146/1121 1121/1147/1122 1120/1145/1120
f 1121/1147/1122 583/602/587 581/594/581
f 1123/1148/1123 1124/1149/1124 1121/1147/1122
f 746/764/747 1127/1150/1125 1126/1151/1126
f 749/763/746 1128/1152/1127 1127/1150/1125
f 1126/1151/1126 1123/1148/1123 1122/1146/1121
f 1127/1150/1125 1125/1153/1128 1123/1148/1123
f 726/1154/727 1129/1155/1129 764/783/763
f 1114/1156/1114 1130/1157/1130 1129/1155/1129
f 764/783/763 1128/1152/1127 753/767/750
f 1129/1155/1129 1125/1153/1128 1128/1152/1127
f 1108/1158/1108 586/599/585 1131/1159/1131
f 1131/1159/1131 583/602/587 1124/1149/1124
f 1110/1160/1109 1131/1159/1131 1130/1157/1130
f 1130/1157/1130 1124/1149/1124 1125/1153/1128
f 1132/1161/1132 597/614/597 596/611/594
f 1134/1162/1133 1133/1163/1134 1132/1161/1132
f 1133/1163/1134 599/620/603 597/614/597
f 1135/1164/1135 1136/1165/1136 1133/1163/1134
f 766/788/767 1139/1166/1137 1138/1167/1138
f 769/787/766 1140/1168/1139 1139/1166/1137
f 1138/1167/1138 1135/1164/1135 1134/1162/1133
f 1139/1166/1137 1137/1169/1140 1135/1164/1135
f 746/764/747 1141/1170/1141 784/804/783
f 1126/1151/1126 1142/1171/1142 1141/1170/1141
f 784/804/783 1140/1168/1139 773/791/770
f 1141/1170/1141 1137/1169/1140 1140/1168/1139
f 1120/1145/1120 602/618/601 1143/1172/1143
f 1143/1172/1143 599/620/603 1136/1165/1136
f 1122/1146/1121 1143/1172/1143 1142/1171/1142
f 1142/1171/1142 1136/1165/1136 1137/1169/1140
f 1144/1173/1144 613/630/613 612/627/610
f 1146/1174/1145 1145/1175/1146 1144/1173/1144
f 1145/1175/1146 615/636/619 613/630/613
f 1147/1176/1147 1148/1177/1148 1145/1175/1146
f 786/808/787 1151/1178/1149 1150/1179/1150
f 789/807/786 1152/1180/1151 1151/1178/1149
f 1150/1179/1150 1147/1176/1147 1146/1174/1145
f 1151/1178/1149 1149/1181/1152 1147/1176/1147
f 766/788/767 1153/1182/1153 804/824/803
f 1138/1167/1138 1154/1183/1154 1153/1182/1153
f 804/824/803 1152/1180/1151 793/811/790
f 1153/1182/1153 1149/1181/1152 1152/1180/1151
f 1132/1161/1132 618/634/617 1155/1184/1155
f 1155/1184/1155 615/636/619 1148/1177/1148
f 1134/1162/1133 1155/1184/1155 1154/1183/1154
f 1154/1183/1154 1148/1177/1148 1149/1181/1152
f 1156/1185/1156 629/646/629 628/643/626
f 1158/1186/1157 1157/1187/1158 1156/1185/1156
f 1157/1187/1158 631/652/635 629/646/629
f 1159/1188/1159 1160/1189/1160 1157/1187/1158
f 806/828/807 1163/1190/1161 1162/1191/1162
f 809/827/806 1164/1192/1163 1163/1190/1161
f 1162/1191/1162 1159/1188/1159 1158/1186/1157
f 1163/1190/1161 1161/1193/1164 1159/1188/1159
f 786/808/787 1165/1194/1165 824/844/823
f 1150/1179/1150 1166/1195/1166 1165/1194/1165
f 824/844/823 1164/1192/1163 813/831/810
f 1165/1194/1165 1161/1193/1164 1164/1192/1163
f 1144/1173/1144 634/650/633 1167/1196/1167
f 1167/1196/1167 631/652/635 1160/1189/1160
f 1146/1174/1145 1167/1196/1167 1166/1195/1166
f 1166/1195/1166 1160/1189/1160 1161/1193/1164
f 1168/1197/1168 645/662/645 644/659/642
f 1170/1198/1169 1169/1199/1170 1168/1197/1168
f 1169/1199/1170 647/668/651 645/662/645
f 1171/1200/1171 1172/1201/1172 1169/1199/1170
f 826/848/827 1175/1202/1173 1174/1203/1174
f 829/847/826 1176/1204/1175 1175/1202/1173
f 1174/1203/1174 1171/1200/1171 1170/1198/1169
f 1175/1202/1173 1173/1205/1176 1171/1200/1171
f 806/828/807 1177/1206/1177 844/864/843
f 1162/1191/1162 1178/1207/1178 1177/1206/1177
f 844/864/843 1176/1204/1175 833/851/830
f 1177/1206/1177 1173/1205/1176 1176/1204/1175
f 1156/1185/1156 650/666/649 1179/1208/1179
f 1179/1208/1179 647/668/651 1172/1201/1172
f 1158/1186/1157 1179/1208/1179 1178/1207/1178
f 1178/1207/1178 1172/1201/1172 1173/1205/1176
f 1180/1209/1180 661/678/661 660/675/658
f 1182/1210/1181 1181/1211/1182 1180/1209/1180
f 1181/1211/1182 663/684/667 661/678/661
f 1183/1212/1183 1184/1213/1184 1181/1211/1182
f 846/868/847 1187/1214/1185 1186/1215/1186
f 849/867/846 1188/1216/1187 1187/1214/1185
f 1186/1215/1186 1183/1212/1183 1182/1210/1181
f 1187/1214/1185 1185/1217/1188 1183/1212/1183
f 826/848/827 1189/1218/1189 864/884/863
f 1174/1203/1174 1190/1219/1190 1189/1218/1189
f 864/884/863 1188/1216/1187 853/871/850
f 1189/1218/1189 1185/1217/1188 1188/1216/1187
f 1168/1197/1168 666/682/665 1191/1220/1191
f 1191/1220/1191 663/684/667 1184/1213/1184
f 1170/1198/1169 1191/1220/1191 1190/1219/1190
f 1190/1219/1190 1184/1213/1184 1185/1217/1188
f 1094/1118/1093 673/690/673 533/545/532
f 1092/1120/1095 1192/1221/1192 1094/1118/1093
f 1192/1221/1192 675/696/679 673/690/673
f 1193/1222/1193 1194/1223/1194 1192/1221/1192
f 703/887/866 1196/1224/1195 1090/1116/1091
f 867/886/865 1197/1225/1196 1196/1224/1195
f 1090/1116/1091 1193/1222/1193 1092/1120/1095
f 1196/1224/1195 1195/1226/1197 1193/1222/1193
f 846/868/847 1198/1227/1198 879/900/879
f 1186/1215/1186 1199/1228/1199 1198/1227/1198
f 879/900/879 1197/1225/1196 870/889/868
f 1198/1227/1198 1195/1226/1197 1197/1225/1196
f 1180/1209/1180 678/694/677 1200/1229/1200
f 1200/1229/1200 675/696/679 1194/1223/1194
f 1182/1210/1181 1200/1229/1200 1199/1228/1199
f 1199/1228/1199 1194/1223/1194 1195/1226/1197
f 1201/1230/1201 692/709/692 691/706/689
f 1203/1231/1202 1202/1232/1203 1201/1230/1201
f 1202/1232/1203 694/717/700 692/709/692
f 1204/1233/1204 1205/1234/1205 1202/1232/1203
f 881/902/881 1208/1235/1206 1207/1236/1207
f 884/904/883 1209/1237/1208 1208/1235/1206
f 1207/1236/1207 1204/1233/1204 1203/1231/1202
f 1208/1235/1206 1206/1238/1209 1204/1233/1204
f 903/922/901 1211/1239/1210 904/925/904
f 1210/1240/1211 1213/1241/1212 1211/1239/1210
f 904/925/904 1209/1237/1208 888/908/887
f 1211/1239/1210 1206/1238/1209 1209/1237/1208
f 1214/1242/1213 699/714/697 1215/1243/1214
f 1215/1243/1214 694/717/700 1205/1234/1205
f 1212/1244/1215 1215/1243/1214 1213/1241/1212
f 1213/1241/1212 1205/1234/1205 1206/1238/1209
f 1216/1245/1216 717/733/716 716/730/713
f 1218/1246/1217 1217/1247/1218 1216/1245/1216
f 1217/1247/1218 719/739/722 717/733/716
f 1219/1248/1219 1220/1249/1220 1217/1247/1218
f 1222/1250/1221 909/928/907 1223/1251/1222
f 909/928/907 1224/1252/1223 1223/1251/1222
f 1222/1250/1221 1219/1248/1219 1218/1246/1217
f 1223/1251/1222 1221/1253/1224 1219/1248/1219
f 1207/1236/1207 924/945/924 881/902/881
f 1207/1236/1207 1226/1254/1225 1225/1255/1226
f 1225/1255/1226 913/932/911 924/945/924
f 1225/1255/1226 1221/1253/1224 1224/1252/1223
f 1201/1230/1201 722/737/720 1227/1256/1227
f 1227/1256/1227 719/739/722 1220/1249/1220
f 1203/1231/1202 1227/1256/1227 1226/1254/1225
f 1226/1254/1225 1220/1249/1220 1221/1253/1224
f 1228/1257/1228 737/753/736 736/750/733
f 1230/1258/1229 1229/1259/1230 1228/1257/1228
f 1229/1259/1230 739/759/742 737/753/736
f 1231/1260/1231 1232/1261/1232 1229/1259/1230
f 926/946/925 1235/1262/1233 1234/1263/1234
f 929/948/927 1236/1264/1235 1235/1262/1233
f 1234/1263/1234 1231/1260/1231 1230/1258/1229
f 1235/1262/1233 1233/1265/1236 1231/1260/1231
f 906/926/905 1237/1266/1237 944/965/944
f 1222/1250/1221 1238/1267/1238 1237/1266/1237
f 944/965/944 1236/1264/1235 933/952/931
f 1237/1266/1237 1233/1265/1236 1236/1264/1235
f 1216/1245/1216 742/757/740 1239/1268/1239
f 1239/1268/1239 739/759/742 1232/1261/1232
f 1218/1246/1217 1239/1268/1239 1238/1267/1238
f 1238/1267/1238 1232/1261/1232 1233/1265/1236
f 1240/1269/1240 757/773/756 756/770/753
f 1242/1270/1241 1241/1271/1242 1240/1269/1240
f 1241/1271/1242 759/781/762 757/773/756
f 1243/1272/1243 1244/1273/1244 1241/1271/1242
f 1246/1274/1245 949/968/947 1247/1275/1246
f 1247/1275/1246 953/972/951 1248/1276/1247
f 1246/1274/1245 1243/1272/1243 1242/1270/1241
f 1247/1275/1246 1245/1277/1248 1243/1272/1243
f 1234/1278/1234 964/989/964 926/986/925
f 1234/1278/1234 1250/1279/1249 1249/1280/1250
f 964/989/964 1248/1276/1247 953/972/951
f 1249/1280/1250 1245/1277/1248 1248/1276/1247
f 1228/1281/1228 762/778/760 1251/1282/1251
f 1251/1282/1251 759/781/762 1244/1273/1244
f 1230/1283/1229 1251/1282/1251 1250/1279/1249
f 1250/1279/1249 1244/1273/1244 1245/1277/1248
f 1252/1284/1252 777/797/776 776/794/773
f 1254/1285/1253 1253/1286/1254 1252/1284/1252
f 1253/1286/1254 779/803/782 777/797/776
f 1255/1287/1255 1256/1288/1256 1253/1286/1254
f 966/990/965 1259/1289/1257 1258/1290/1258
f 969/992/967 1260/1291/1259 1259/1289/1257
f 1258/1290/1258 1255/1287/1255 1254/1285/1253
f 1259/1289/1257 1257/1292/1260 1255/1287/1255
f 946/966/945 1261/1293/1261 984/1009/984
f 1246/1274/1245 1262/1294/1262 1261/1293/1261
f 984/1009/984 1260/1291/1259 973/996/971
f 1261/1293/1261 1257/1292/1260 1260/1291/1259
f 1240/1269/1240 782/801/780 1263/1295/1263
f 1263/1295/1263 779/803/782 1256/1288/1256
f 1242/1270/1241 1263/1295/1263 1262/1294/1262
f 1262/1294/1262 1256/1288/1256 1257/1292/1260
f 1264/1296/1264 797/817/796 796/814/793
f 1266/1297/1265 1265/1298/1266 1264/1296/1264
f 1265/1298/1266 799/823/802 797/817/796
f 1267/1299/1267 1268/1300/1268 1265/1298/1266
f 986/1010/985 1271/1301/1269 1270/1302/1270
f 989/1012/987 1272/1303/1271 1271/1301/1269
f 1270/1302/1270 1267/1299/1267 1266/1297/1265
f 1271/1301/1269 1269/1304/1272 1267/1299/1267
f 966/990/965 1273/1305/1273 1004/1029/1004
f 1258/1290/1258 1274/1306/1274 1273/1305/1273
f 1004/1029/1004 1272/1303/1271 993/1016/991
f 1273/1305/1273 1269/1304/1272 1272/1303/1271
f 1252/1284/1252 802/821/800 1275/1307/1275
f 1275/1307/1275 799/823/802 1268/1300/1268
f 1254/1285/1253 1275/1307/1275 1274/1306/1274
f 1274/1306/1274 1268/1300/1268 1269/1304/1272
f 1276/1308/1276 817/837/816 816/834/813
f 1278/1309/1277 1277/1310/1278 1276/1308/1276
f 1277/1310/1278 819/843/822 817/837/816
f 1279/1311/1279 1280/1312/1280 1277/1310/1278
f 1282/1313/1281 1009/1032/1007 1283/1314/1282
f 1009/1032/1007 1284/1315/1283 1283/1314/1282
f 1282/1313/1281 1279/1311/1279 1278/1309/1277
f 1283/1314/1282 1281/1316/1284 1279/1311/1279
f 1270/1302/1270 1024/1049/1024 986/1010/985
f 1270/1302/1270 1286/1317/1285 1285/1318/1286
f 1285/1318/1286 1013/1036/1011 1024/1049/1024
f 1285/1318/1286 1281/1316/1284 1284/1315/1283
f 1264/1296/1264 822/841/820 1287/1319/1287
f 1287/1319/1287 819/843/822 1280/1312/1280
f 1266/1297/1265 1287/1319/1287 1286/1317/1285
f 1286/1317/1285 1280/1312/1280 1281/1316/1284
f 1288/1320/1288 837/857/836 836/854/833
f 1290/1321/1289 1289/1322/1290 1288/1320/1288
f 1289/1322/1290 839/863/842 837/857/836
f 1291/1323/1291 1292/1324/1292 1289/1322/1290
f 1026/1050/1025 1295/1325/1293 1294/1326/1294
f 1029/1052/1027 1296/1327/1295 1295/1325/1293
f 1294/1326/1294 1291/1323/1291 1290/1321/1289
f 1295/1325/1293 1293/1328/1296 1291/1323/1291
f 1006/1030/1005 1297/1329/1297 1044/1069/1044
f 1282/1313/1281 1298/1330/1298 1297/1329/1297
f 1044/1069/1044 1296/1327/1295 1033/1056/1031
f 1297/1329/1297 1293/1328/1296 1296/1327/1295
f 1276/1308/1276 842/861/840 1299/1331/1299
f 1299/1331/1299 839/863/842 1292/1324/1292
f 1278/1309/1277 1299/1331/1299 1298/1330/1298
f 1298/1330/1298 1292/1324/1292 1293/1328/1296
f 1300/1332/1300 857/877/856 856/874/853
f 1302/1333/1301 1301/1334/1302 1300/1332/1300
f 1301/1334/1302 859/883/862 857/877/856
f 1303/1335/1303 1304/1336/1304 1301/1334/1302
f 1306/1337/1305 1049/1072/1047 1307/1338/1306
f 1307/1338/1306 1053/1076/1051 1308/1339/1307
f 1306/1337/1305 1303/1335/1303 1302/1333/1301
f 1307/1338/1306 1305/1340/1308 1303/1335/1303
f 1294/1326/1294 1064/1089/1064 1026/1050/1025
f 1294/1326/1294 1310/1341/1309 1309/1342/1310
f 1064/1089/1064 1308/1339/1307 1053/1076/1051
f 1309/1342/1310 1305/1340/1308 1308/1339/1307
f 1288/1320/1288 862/881/860 1311/1343/1311
f 1311/1343/1311 859/883/862 1304/1336/1304
f 1290/1321/1289 1311/1343/1311 1310/1341/1309
f 1310/1341/1309 1304/1336/1304 1305/1340/1308
f 1214/1242/1213 872/893/872 696/712/695
f 1212/1244/1215 1312/1344/1312 1214/1242/1213
f 1312/1344/1312 874/899/878 872/893/872
f 1313/1345/1313 1314/1346/1314 1312/1344/1312
f 903/922/901 1316/1347/1315 1210/1240/1211
f 1067/1091/1066 1317/1348/1316 1316/1347/1315
f 1210/1240/1211 1313/1345/1313 1212/1244/1215
f 1316/1347/1315 1315/1349/1317 1313/1345/1313
f 1046/1070/1045 1318/1350/1318 1079/1105/1080
f 1306/1337/1305 1319/1351/1319 1318/1350/1318
f 1079/1105/1080 1317/1348/1316 1070/1094/1069
f 1318/1350/1318 1315/1349/1317 1317/1348/1316
f 1300/1332/1300 877/897/876 1320/1352/1320
f 1320/1352/1320 874/899/878 1314/1346/1314
f 1302/1333/1301 1320/1352/1320 1319/1351/1319
f 1319/1351/1319 1314/1346/1314 1315/1349/1317
f 1321/1353/1321 1323/1354/1322 1324/1355/1323
f 1322/1356/1324 1326/1357/1325 1323/1354/1322
f 1324/1355/1323 1327/1358/1326 1328/1359/1327
f 1323/1354/1322 1329/1360/1328 1327/1358/1326
f 1331/1361/1329 1333/1362/1330 1330/1363/1331
f 1332/1364/1332 1335/1365/1333 1333/1362/1330
f 1330/1363/1331 1326/1357/1325 1325/1366/1334
f 1333/1362/1330 1329/1360/1328 1326/1357/1325
f 1337/1367/1335 1339/1368/1336 1336/1369/1337
f 1328/1359/1327 1338/1370/1338 1337/1367/1335
f 1338/1370/1338 1334/1371/1339 1339/1368/1336
f 1327/1358/1326 1335/1365/1333 1338/1370/1338
f 1341/1372/1340 1343/1373/1341 1340/1374/1342
f 1344/1375/1343 1342/1376/1344 1341/1372/1340
f 1342/1376/1344 1347/1377/1345 1343/1373/1341
f 1345/1378/1346 1346/1379/1347 1342/1376/1344
f 1349/1380/1348 1351/1381/1349 1352/1382/1350
f 1352/1382/1350 1353/1383/1351 1354/1384/1352
f 1344/1375/1343 1352/1382/1350 1345/1378/1346
f 1345/1378/1346 1354/1384/1352 1348/1385/1347
f 1355/1386/1353 1357/1387/1354 1358/1388/1355
f 1356/1389/1356 1360/1390/1357 1357/1387/1354
f 1358/1388/1355 1354/1384/1352 1353/1383/1351
f 1357/1387/1354 1348/1385/1347 1354/1384/1352
f 1362/1391/1358 1364/1392/1359 1361/1393/1360
f 1363/1394/1361 1346/1379/1347 1364/1392/1359
f 1361/1393/1360 1360/1390/1357 1359/1395/1362
f 1364/1392/1359 1348/1385/1347 1360/1390/1357
f 1365/1396/1363 1367/1397/1364 1368/1398/1365
f 1366/1399/1366 1370/1400/1367 1367/1397/1364
f 1368/1398/1365 1371/1401/1368 1372/1402/1369
f 1367/1397/1364 1373/1403/1370 1371/1401/1368
f 1321/1353/1321 1375/1404/1371 1374/1405/1372
f 1324/1406/1323 1376/1407/1373 1375/1404/1371
f 1374/1405/1372 1370/1400/1367 1369/1408/1374
f 1375/1404/1371 1373/1403/1370 1370/1400/1367
f 1377/1409/1375 1337/1410/1335 1336/1411/1337
f 1372/1402/1369 1378/1412/1376 1377/1409/1375
f 1378/1412/1376 1328/1413/1327 1337/1410/1335
f 1371/1401/1368 1376/1407/1373 1378/1412/1376
f 1379/1414/1377 1351/1381/1349 1350/1415/1378
f 1381/1416/1379 1380/1417/1380 1379/1414/1377
f 1380/1417/1380 1353/1383/1351 1351/1381/1349
f 1382/1418/1381 1383/1419/1351 1380/1417/1380
f 1385/1420/1382 1387/1421/1383 1388/1422/1384
f 1388/1422/1384 1389/1423/1385 1390/1424/1385
f 1381/1416/1379 1388/1422/1384 1382/1418/1381
f 1382/1418/1381 1390/1424/1385 1384/1425/1386
f 1391/1426/1387 1393/1427/1388 1394/1428/1389
f 1392/1429/1390 1396/1430/1391 1393/1427/1388
f 1394/1428/1389 1390/1424/1385 1389/1423/1385
f 1393/1427/1388 1384/1425/1386 1390/1424/1385
f 1355/1386/1353 1398/1431/1392 1397/1432/1393
f 1358/1388/1355 1383/1419/1351 1398/1431/1392
f 1397/1432/1393 1396/1430/1391 1395/1433/1394
f 1398/1431/1392 1384/1425/1386 1396/1430/1391
f 1399/1434/1395 1401/1435/1396 1402/1436/1397
f 1400/1437/1398 1404/1438/1399 1401/1435/1396
f 1402/1436/1397 1405/1439/1400 1406/1440/1401
f 1401/1435/1396 1407/1441/1402 1405/1439/1400
f 1365/1396/1363 1409/1442/1403 1408/1443/1404
f 1368/1398/1365 1410/1444/1368 1409/1442/1403
f 1408/1443/1404 1404/1438/1399 1403/1445/1405
f 1409/1442/1403 1407/1441/1402 1404/1438/1399
f 1411/1446/1406 1377/1409/1375 1336/1411/1337
f 1406/1440/1401 1412/1447/1407 1411/1446/1406
f 1412/1447/1407 1372/1402/1369 1377/1409/1375
f 1405/1439/1400 1410/1444/1368 1412/1447/1407
f 1413/1448/1408 1387/1421/1383 1386/1449/1409
f 1415/1450/1410 1414/1451/1411 1413/1448/1408
f 1414/1451/1411 1389/1423/1385 1387/1421/1383
f 1416/1452/1412 1417/1453/1413 1414/1451/1411
f 1419/1454/1414 1421/1455/1415 1422/1456/1416
f 1422/1456/1416 1423/1457/1417 1424/1458/1413
f 1415/1450/1410 1422/1456/1416 1416/1452/1412
f 1416/1452/1412 1424/1458/1413 1418/1459/1413
f 1425/1460/1418 1427/1461/1419 1428/1462/1420
f 1426/1463/1421 1430/1464/1422 1427/1461/1419
f 1428/1462/1420 1424/1458/1413 1423/1457/1417
f 1427/1461/1419 1418/1459/1413 1424/1458/1413
f 1391/1426/1387 1432/1465/1423 1431/1466/1424
f 1394/1428/1389 1417/1453/1413 1432/1465/1423
f 1431/1466/1424 1430/1464/1422 1429/1467/1425
f 1432/1465/1423 1418/1459/1413 1430/1464/1422
f 1433/1468/1426 1435/1469/1427 1436/1470/1428
f 1434/1471/1429 1438/1472/1430 1435/1469/1427
f 1436/1470/1428 1439/1473/1431 1440/1474/1432
f 1435/1469/1427 1441/1475/1433 1439/1473/1431
f 1399/1476/1395 1443/1477/1434 1442/1478/1435
f 1402/1479/1397 1444/1480/1400 1443/1477/1434
f 1442/1478/1435 1438/1472/1430 1437/1481/1436
f 1443/1477/1434 1441/1475/1433 1438/1472/1430
f 1445/1482/1437 1411/1483/1406 1336/1484/1337
f 1440/1474/1432 1446/1485/1438 1445/1482/1437
f 1446/1485/1438 1406/1486/1401 1411/1483/1406
f 1439/1473/1431 1444/1480/1400 1446/1485/1438
f 1447/1487/1439 1421/1488/1415 1420/1489/1440
f 1449/1490/1441 1448/1491/1442 1447/1487/1439
f 1448/1491/1442 1423/1492/1417 1421/1488/1415
f 1450/1493/1443 1451/1494/1417 1448/1491/1442
f 1453/1495/1444 1455/1496/1445 1456/1497/1446
f 1456/1497/1446 1457/1498/1447 1458/1499/1447
f 1449/1490/1441 1456/1497/1446 1450/1493/1443
f 1450/1493/1443 1458/1499/1447 1452/1500/1448
f 1459/1501/1449 1461/1502/1450 1462/1503/1451
f 1460/1504/1452 1464/1505/1453 1461/1502/1450
f 1462/1503/1451 1458/1499/1447 1457/1498/1447
f 1461/1502/1450 1452/1500/1448 1458/1499/1447
f 1425/1506/1418 1466/1507/1454 1465/1508/1455
f 1428/1509/1420 1451/1494/1417 1466/1507/1454
f 1465/1508/1455 1464/1505/1453 1463/1510/1456
f 1466/1507/1454 1452/1500/1448 1464/1505/1453
f 1467/1511/1457 1469/1512/1458 1470/1513/1459
f 1468/1514/1460 1472/1515/1461 1469/1512/1458
f 1470/1513/1459 1473/1516/1462 1474/1517/1463
f 1469/1512/1458 1475/1518/1464 1473/1516/1462
f 1433/1468/1426 1477/1519/1465 1476/1520/1466
f 1436/1470/1428 1478/1521/1467 1477/1519/1465
f 1476/1520/1466 1472/1515/1461 1471/1522/1468
f 1477/1519/1465 1475/1518/1464 1472/1515/1461
f 1479/1523/1469 1445/1482/1437 1336/1484/1337
f 1474/1517/1463 1480/1524/1470 1479/1523/1469
f 1480/1524/1470 1440/1474/1432 1445/1482/1437
f 1473/1516/1462 1478/1521/1467 1480/1524/1470
f 1481/1525/1471 1455/1496/1445 1454/1526/1472
f 1483/1527/1473 1482/1528/1474 1481/1525/1471
f 1482/1528/1474 1457/1498/1447 1455/1496/1445
f 1484/1529/1475 1485/1530/1476 1482/1528/1474
f 1487/1531/1477 1489/1532/1478 1490/1533/1479
f 1490/1533/1479 1491/1534/1480 1492/1535/1481
f 1483/1527/1473 1490/1533/1479 1484/1529/1475
f 1484/1529/1475 1492/1535/1481 1486/1536/1481
f 1493/1537/1482 1495/1538/1483 1496/1539/1484
f 1494/1540/1485 1498/1541/1486 1495/1538/1483
f 1496/1539/1484 1492/1535/1481 1491/1534/1480
f 1495/1538/1483 1486/1536/1481 1492/1535/1481
f 1459/1501/1449 1500/1542/1487 1499/1543/1488
f 1462/1503/1451 1485/1530/1476 1500/1542/1487
f 1499/1543/1488 1498/1541/1486 1497/1544/1489
f 1500/1542/1487 1486/1536/1481 1498/1541/1486
f 1501/1545/1490 1503/1546/1491 1504/1547/1492
f 1502/1548/1493 1506/1549/1494 1503/1546/1491
f 1504/1547/1492 1507/1550/1495 1508/1551/1496
f 1503/1546/1491 1509/1552/1497 1507/1550/1495
f 1467/1511/1457 1511/1553/1498 1510/1554/1499
f 1470/1513/1459 1512/1555/1462 1511/1553/1498
f 1510/1554/1499 1506/1549/1494 1505/1556/1500
f 1511/1553/1498 1509/1552/1497 1506/1549/1494
f 1513/1557/1501 1479/1523/1469 1336/1484/1337
f 1508/1551/1496 1514/1558/1502 1513/1557/1501
f 1514/1558/1502 1474/1517/1463 1479/1523/1469
f 1507/1550/1495 1512/1555/1462 1514/1558/1502
f 1515/1559/1503 1489/1532/1478 1488/1560/1504
f 1517/1561/1505 1516/1562/1506 1515/1559/1503
f 1516/1562/1506 1491/1534/1480 1489/1532/1478
f 1518/1563/1507 1519/1564/1508 1516/1562/1506
f 1521/1565/1509 1523/1566/1510 1524/1567/1511
f 1524/1567/1511 1525/1568/1512 1526/1569/1513
f 1517/1561/1505 1524/1567/1511 1518/1563/1507
f 1518/1563/1507 1526/1569/1513 1520/1570/1508
f 1527/1571/1514 1529/1572/1515 1530/1573/1516
f 1528/1574/1517 1532/1575/1518 1529/1572/1515
f 1530/1573/1516 1526/1569/1513 1525/1568/1512
f 1529/1572/1515 1520/1570/1508 1526/1569/1513
f 1493/1537/1482 1534/1576/1519 1533/1577/1520
f 1496/1539/1484 1519/1564/1508 1534/1576/1519
f 1533/1577/1520 1532/1575/1518 1531/1578/1521
f 1534/1576/1519 1520/1570/1508 1532/1575/1518
f 1535/1579/1522 1537/1580/1523 1538/1581/1524
f 1536/1582/1525 1540/1583/1526 1537/1580/1523
f 1538/1581/1524 1541/1584/1527 1542/1585/1528
f 1537/1580/1523 1543/1586/1529 1541/1584/1527
f 1501/1545/1490 1545/1587/1530 1544/1588/1531
f 1504/1547/1492 1546/1589/1532 1545/1587/1530
f 1544/1588/1531 1540/1583/1526 1539/1590/1533
f 1545/1587/1530 1543/1586/1529 1540/1583/1526
f 1547/1591/1534 1513/1557/1501 1336/1484/1337
f 1542/1585/1528 1548/1592/1535 1547/1591/1534
f 1548/1592/1535 1508/1551/1496 1513/1557/1501
f 1541/1584/1527 1546/1589/1532 1548/1592/1535
f 1549/1593/1536 1523/1566/1510 1522/1594/1537
f 1551/1595/1538 1550/1596/1539 1549/1593/1536
f 1550/1596/1539 1525/1568/1512 1523/1566/1510
f 1552/1597/1540 1553/1598/1512 1550/1596/1539
f 1555/1599/1541 1557/1600/1542 1558/1601/1543
f 1558/1601/1543 1559/1602/1544 1560/1603/1544
f 1551/1595/1538 1558/1601/1543 1552/1597/1540
f 1552/1597/1540 1560/1603/1544 1554/1604/1545
f 1561/1605/1546 1563/1606/1547 1564/1607/1548
f 1562/1608/1549 1566/1609/1550 1563/1606/1547
f 1564/1607/1548 1560/1603/1544 1559/1602/1544
f 1563/1606/1547 1554/1604/1545 1560/1603/1544
f 1527/1571/1514 1568/1610/1551 1567/1611/1552
f 1530/1573/1516 1553/1598/1512 1568/1610/1551
f 1567/1611/1552 1566/1609/1550 1565/1612/1553
f 1568/1610/1551 1554/1604/1545 1566/1609/1550
f 1569/1613/1554 1571/1614/1555 1572/1615/1556
f 1570/1616/1557 1574/1617/1558 1571/1614/1555
f 1572/1615/1556 1575/1618/1559 1576/1619/1560
f 1571/1614/1555 1577/1620/1561 1575/1618/1559
f 1535/1579/1522 1579/1621/1562 1578/1622/1563
f 1538/1623/1524 1580/1624/1527 1579/1621/1562
f 1578/1622/1563 1574/1617/1558 1573/1625/1564
f 1579/1621/1562 1577/1620/1561 1574/1617/1558
f 1581/1626/1565 1547/1627/1534 1336/1628/1337
f 1576/1619/1560 1582/1629/1566 1581/1626/1565
f 1582/1629/1566 1542/1630/1528 1547/1627/1534
f 1575/1618/1559 1580/1624/1527 1582/1629/1566
f 1583/1631/1567 1557/1600/1542 1556/1632/1568
f 1585/1633/1569 1584/1634/1570 1583/1631/1567
f 1584/1634/1570 1559/1602/1544 1557/1600/1542
f 1586/1635/1571 1587/1636/1572 1584/1634/1570
f 1589/1637/1573 1591/1638/1574 1592/1639/1575
f 1592/1639/1575 1593/1640/1576 1594/1641/1572
f 1585/1633/1569 1592/1639/1575 1586/1635/1571
f 1586/1635/1571 1594/1641/1572 1588/1642/1572
f 1595/1643/1577 1597/1644/1578 1598/1645/1579
f 1596/1646/1580 1600/1647/1581 1597/1644/1578
f 1598/1645/1579 1594/1641/1572 1593/1640/1576
f 1597/1644/1578 1588/1642/1572 1594/1641/1572
f 1561/1605/1546 1602/1648/1582 1601/1649/1583
f 1564/1607/1548 1587/1636/1572 1602/1648/1582
f 1601/1649/1583 1600/1647/1581 1599/1650/1584
f 1602/1648/1582 1588/1642/1572 1600/1647/1581
f 1603/1651/1585 1605/1652/1586 1606/1653/1587
f 1604/1654/1588 1608/1655/1589 1605/1652/1586
f 1606/1653/1587 1609/1656/1590 1610/1657/1591
f 1605/1652/1586 1611/1658/1592 1609/1656/1590
f 1569/1613/1554 1613/1659/1593 1612/1660/1594
f 1572/1615/1556 1614/1661/1559 1613/1659/1593
f 1612/1660/1594 1608/1655/1589 1607/1662/1595
f 1613/1659/1593 1611/1658/1592 1608/1655/1589
f 1615/1663/1596 1581/1626/1565 1336/1628/1337
f 1610/1657/1591 1616/1664/1597 1615/1663/1596
f 1616/1664/1597 1576/1619/1560 1581/1626/1565
f 1609/1656/1590 1614/1661/1559 1616/1664/1597
f 1617/1665/1598 1591/1638/1574 1590/1666/1599
f 1619/1667/1600 1618/1668/1601 1617/1665/1598
f 1618/1668/1601 1593/1640/1576 1591/1638/1574
f 1620/1669/1602 1621/1670/1576 1618/1668/1601
f 1623/1671/1603 1625/1672/1604 1626/1673/1605
f 1626/1673/1605 1627/1674/1606 1628/1675/1606
f 1619/1667/1600 1626/1673/1605 1620/1669/1602
f 1620/1669/1602 1628/1675/1606 1622/1676/1607
f 1629/1677/1608 1631/1678/1609 1632/1679/1610
f 1630/1680/1611 1634/1681/1612 1631/1678/1609
f 1632/1679/1610 1628/1675/1606 1627/1674/1606
f 1631/1678/1609 1622/1676/1607 1628/1675/1606
f 1595/1643/1577 1636/1682/1613 1635/1683/1614
f 1598/1645/1579 1621/1670/1576 1636/1682/1613
f 1635/1683/1614 1634/1681/1612 1633/1684/1615
f 1636/1682/1613 1622/1676/1607 1634/1681/1612
f 1331/1361/1329 1638/1685/1616 1332/1364/1332
f 1637/1686/1617 1640/1687/1618 1638/1685/1616
f 1332/1364/1332 1641/1688/1333 1334/1371/1339
f 1638/1685/1616 1642/1689/1619 1641/1688/1333
f 1603/1651/1585 1644/1690/1620 1643/1691/1621
f 1606/1692/1587 1645/1693/1622 1644/1690/1620
f 1643/1691/1621 1640/1687/1618 1639/1694/1623
f 1644/1690/1620 1642/1689/1619 1640/1687/1618
f 1339/1368/1336 1615/1695/1596 1336/1369/1337
f 1334/1371/1339 1646/1696/1624 1339/1368/1336
f 1646/1696/1624 1610/1697/1591 1615/1695/1596
f 1641/1688/1333 1645/1693/1622 1646/1696/1624
f 1647/1698/1625 1625/1672/1604 1624/1699/1626
f 1649/1700/1627 1648/1701/1628 1647/1698/1625
f 1648/1701/1628 1627/1674/1606 1625/1672/1604
f 1650/1702/1629 1651/1703/1630 1648/1701/1628
f 1653/1704/1631 1343/1373/1341 1654/1705/1632
f 1654/1705/1632 1347/1377/1345 1655/1706/1633
f 1649/1700/1627 1654/1705/1632 1650/1702/1629
f 1650/1702/1629 1655/1706/1633 1652/1707/1633
f 1362/1391/1358 1657/1708/1634 1363/1394/1361
f 1656/1709/1635 1659/1710/1636 1657/1708/1634
f 1363/1394/1361 1655/1706/1633 1347/1377/1345
f 1657/1708/1634 1652/1707/1633 1655/1706/1633
f 1629/1677/1608 1661/1711/1637 1660/1712/1638
f 1632/1679/1610 1651/1703/1630 1661/1711/1637
f 1660/1712/1638 1659/1710/1636 1658/1713/1639
f 1661/1711/1637 1652/1707/1633 1659/1710/1636
f 1663/1714/1640 1665/1715/1641 1662/1716/1642
f 1666/1717/1643 1664/1718/1644 1663/1714/1640
f 1665/1715/1641 1668/1719/1645 1669/1720/1646
f 1664/1718/1644 1670/1721/1647 1668/1719/1645
f 1671/1722/1648 1673/1723/1649 1674/1724/1650
f 1673/1723/1649 1676/1725/1651 1674/1724/1650
f 1666/1717/1643 1674/1724/1650 1667/1726/1652
f 1667/1726/1652 1676/1725/1651 1670/1721/1647
f 1678/1727/1653 1680/1728/1654 1677/1729/1655
f 1681/1730/1656 1679/1731/1650 1678/1727/1653
f 1680/1728/1654 1676/1725/1651 1675/1732/1657
f 1682/1733/1658 1676/1725/1651 1679/1731/1650
f 1684/1734/1642 1686/1735/1659 1683/1736/1660
f 1686/1735/1659 1669/1720/1646 1668/1719/1645
f 1683/1736/1660 1682/1733/1658 1681/1730/1656
f 1686/1735/1659 1670/1721/1647 1682/1733/1658
f 1687/1737/1661 1673/1723/1649 1672/1738/1655
f 1689/1739/1662 1688/1740/1663 1687/1737/1661
f 1688/1740/1663 1675/1732/1657 1673/1723/1649
f 1688/1740/1663 1692/1741/1664 1691/1742/1665
f 1693/1743/1666 1695/1744/1667 1696/1745/1668
f 1695/1744/1667 1698/1746/1669 1696/1745/1668
f 1693/1743/1666 1690/1747/1670 1689/1739/1662
f 1690/1747/1670 1698/1746/1669 1692/1741/1664
f 1699/1748/1671 1701/1749/1672 1702/1750/1673
f 1703/1751/1674 1701/1749/1672 1700/1752/1675
f 1701/1749/1672 1697/1753/1676 1702/1750/1673
f 1704/1754/1677 1698/1746/1669 1701/1749/1672
f 1677/1729/1655 1706/1755/1663 1705/1756/1678
f 1706/1755/1663 1675/1732/1657 1691/1742/1665
f 1705/1756/1678 1704/1754/1677 1703/1751/1674
f 1704/1754/1677 1691/1742/1665 1692/1741/1664
f 1707/1757/1679 1695/1744/1667 1694/1758/1680
f 1709/1759/1681 1708/1760/1682 1707/1757/1679
f 1695/1744/1667 1711/1761/1683 1697/1753/1676
f 1708/1760/1682 1712/1762/1684 1711/1761/1683
f 1713/1763/1685 1715/1764/1686 1716/1765/1687
f 1715/1764/1686 1718/1766/1688 1716/1765/1687
f 1709/1759/1681 1716/1765/1687 1710/1767/1689
f 1716/1765/1687 1712/1762/1684 1710/1767/1689
f 1720/1768/1685 1722/1769/1690 1719/1770/1691
f 1723/1771/1681 1721/1772/1692 1720/1768/1685
f 1722/1769/1690 1718/1766/1688 1717/1773/1693
f 1721/1772/1692 1712/1762/1684 1718/1766/1688
f 1725/1774/1679 1702/1750/1673 1726/1775/1694
f 1702/1750/1673 1711/1761/1683 1726/1775/1694
f 1723/1771/1681 1726/1775/1694 1724/1776/1689
f 1726/1775/1694 1712/1762/1684 1724/1776/1689
f 1727/1777/1695 1715/1778/1686 1714/1779/1696
f 1727/1777/1695 1730/1780/1697 1728/1781/1698
f 1715/1778/1686 1731/1782/1699 1717/1783/1693
f 1730/1780/1697 1731/1782/1699 1728/1781/1698
f 1733/1784/1700 1735/1785/1701 1736/1786/1702
f 1736/1786/1702 1737/1787/1703 1738/1788/1704
f 1729/1789/1705 1736/1786/1702 1730/1780/1697
f 1736/1786/1702 1732/1790/1706 1730/1780/1697
f 1739/1791/1707 1741/1792/1702 1742/1793/1708
f 1740/1794/1709 1744/1795/1710 1741/1792/1702
f 1741/1792/1702 1737/1787/1703 1742/1793/1708
f 1744/1795/1710 1738/1788/1704 1741/1792/1702
f 1719/1796/1691 1746/1797/1711 1745/1798/1712
f 1746/1797/1711 1717/1783/1693 1731/1782/1699
f 1743/1799/1713 1746/1797/1711 1744/1795/1710
f 1744/1795/1710 1731/1782/1699 1732/1790/1706
f 1747/1800/1714 1735/1785/1701 1734/1801/1707
f 1749/1802/1715 1748/1803/1716 1747/1800/1714
f 1735/1785/1701 1751/1804/1717 1737/1787/1703
f 1750/1805/1718 1751/1804/1717 1748/1803/1716
f 1753/1806/1719 1755/1807/1720 1756/1808/1721
f 1755/1807/1720 1758/1809/1722 1756/1808/1721
f 1749/1802/1715 1756/1808/1721 1750/1805/1718
f 1756/1808/1721 1752/1810/1723 1750/1805/1718
f 1759/1811/1724 1761/1812/1725 1762/1813/1720
f 1760/1814/1726 1764/1815/1727 1761/1812/1725
f 1761/1812/1725 1757/1816/1728 1762/1813/1720
f 1764/1815/1727 1758/1809/1722 1761/1812/1725
f 1765/1817/1729 1742/1793/1708 1766/1818/1716
f 1742/1793/1708 1751/1804/1717 1766/1818/1716
f 1763/1819/1730 1766/1818/1716 1764/1815/1727
f 1764/1815/1727 1751/1804/1717 1752/1810/1723
f 1767/1820/1731 1755/1807/1720 1754/1821/1724
f 1769/1822/1732 1768/1823/1733 1767/1820/1731
f 1755/1807/1720 1771/1824/1734 1757/1816/1728
f 1768/1823/1733 1772/1825/1735 1771/1824/1734
f 1773/1826/1736 1775/1827/1737 1776/1828/1738
f 1775/1827/1737 1778/1829/1739 1776/1828/1738
f 1769/1822/1732 1776/1828/1738 1770/1830/1740
f 1770/1830/1740 1778/1829/1739 1772/1825/1735
f 1780/1831/1741 1782/1832/1742 1779/1833/1743
f 1783/1834/1744 1781/1835/1738 1780/1831/1741
f 1782/1832/1742 1778/1829/1739 1777/1836/1745
f 1784/1837/1746 1778/1829/1739 1781/1835/1738
f 1759/1811/1724 1786/1838/1747 1785/1839/1748
f 1786/1838/1747 1757/1816/1728 1771/1824/1734
f 1785/1839/1748 1784/1837/1746 1783/1834/1744
f 1786/1838/1747 1772/1825/1735 1784/1837/1746
f 1787/1840/1749 1775/1827/1737 1774/1841/1743
f 1789/1842/1750 1788/1843/1751 1787/1840/1749
f 1788/1843/1751 1777/1836/1745 1775/1827/1737
f 1788/1843/1751 1792/1844/1752 1791/1845/1753
f 1793/1846/1754 1795/1847/1755 1796/1848/1756
f 1795/1847/1755 1798/1849/1757 1796/1848/1756
f 1793/1846/1754 1790/1850/1758 1789/1842/1750
f 1790/1850/1758 1798/1849/1757 1792/1844/1752
f 1799/1851/1759 1801/1852/1760 1802/1853/1761
f 1803/1854/1762 1801/1852/1760 1800/1855/1763
f 1801/1852/1760 1797/1856/1764 1802/1853/1761
f 1804/1857/1765 1798/1849/1757 1801/1852/1760
f 1779/1833/1743 1806/1858/1751 1805/1859/1766
f 1806/1858/1751 1777/1836/1745 1791/1845/1753
f 1805/1859/1766 1804/1857/1765 1803/1854/1762
f 1804/1857/1765 1791/1845/1753 1792/1844/1752
f 1807/1860/1767 1795/1847/1755 1794/1861/1768
f 1809/1862/1769 1808/1863/1770 1807/1860/1767
f 1795/1847/1755 1811/1864/1771 1797/1856/1764
f 1808/1863/1770 1812/1865/1772 1811/1864/1771
f 1813/1866/1773 1815/1867/1774 1816/1868/1775
f 1815/1867/1774 1818/1869/1776 1816/1868/1775
f 1809/1862/1769 1816/1868/1775 1810/1870/1777
f 1816/1868/1775 1812/1865/1772 1810/1870/1777
f 1820/1871/1773 1822/1872/1778 1819/1873/1779
f 1823/1874/1769 1821/1875/1780 1820/1871/1773
f 1822/1872/1778 1818/1869/1776 1817/1876/1781
f 1821/1875/1780 1812/1865/1772 1818/1869/1776
f 1825/1877/1767 1802/1853/1761 1826/1878/1782
f 1802/1853/1761 1811/1864/1771 1826/1878/1782
f 1823/1874/1769 1826/1878/1782 1824/1879/1777
f 1826/1878/1782 1812/1865/1772 1824/1879/1777
f 1827/1880/1783 1815/1867/1774 1814/1881/1784
f 1827/1880/1783 1830/1882/1785 1828/1883/1786
f 1815/1867/1774 1831/1884/1787 1817/1876/1781
f 1830/1882/1785 1831/1884/1787 1828/1883/1786
f 1833/1885/1788 1835/1886/1789 1836/1887/1790
f 1836/1887/1790 1837/1888/1791 1838/1889/1792
f 1829/1890/1793 1836/1887/1790 1830/1882/1785
f 1836/1887/1790 1832/1891/1794 1830/1882/1785
f 1839/1892/1795 1841/1893/1790 1842/1894/1796
f 1840/1895/1797 1844/1896/1798 1841/1893/1790
f 1841/1893/1790 1837/1888/1791 1842/1894/1796
f 1844/1896/1798 1838/1889/1792 1841/1893/1790
f 1819/1873/1779 1846/1897/1799 1845/1898/1800
f 1846/1897/1799 1817/1876/1781 1831/1884/1787
f 1843/1899/1801 1846/1897/1799 1844/1896/1798
f 1844/1896/1798 1831/1884/1787 1832/1891/1794
f 1847/1900/1802 1835/1886/1789 1834/1901/1795
f 1849/1902/1803 1848/1903/1804 1847/1900/1802
f 1835/1886/1789 1851/1904/1805 1837/1888/1791
f 1850/1905/1806 1851/1904/1805 1848/1903/1804
f 1853/1906/1807 1665/1715/1641 1854/1907/1808
f 1665/1715/1641 1855/1908/1809 1854/1907/1808
f 1849/1902/1803 1854/1907/1808 1850/1905/1806
f 1854/1907/1808 1852/1909/1810 1850/1905/1806
f 1684/1734/1642 1857/1910/1811 1685/1911/1641
f 1856/1912/1812 1859/1913/1813 1857/1910/1811
f 1857/1910/1811 1669/1720/1646 1685/1911/1641
f 1859/1913/1813 1855/1908/1809 1857/1910/1811
f 1860/1914/1814 1842/1894/1796 1861/1915/1804
f 1842/1894/1796 1851/1904/1805 1861/1915/1804
f 1858/1916/1815 1861/1915/1804 1859/1913/1813
f 1859/1913/1813 1851/1904/1805 1852/1909/1810
f 1862/1917/1816 1864/1918/1817 1865/1919/1818
f 1863/1920/1819 1867/1921/1820 1864/1918/1817
f 1865/1919/1818 1868/1922/1821 1869/1923/1822
f 1864/1918/1817 1870/1924/1823 1868/1922/1821
f 1872/1925/1824 1874/1926/1825 1871/1927/1826
f 1873/1928/1827 1876/1929/1828 1874/1926/1825
f 1871/1927/1826 1867/1921/1820 1866/1930/1829
f 1874/1926/1825 1870/1924/1823 1867/1921/1820
f 1878/1931/1830 1880/1932/1831 1877/1933/1832
f 1869/1923/1822 1879/1934/1833 1878/1931/1830
f 1879/1934/1833 1875/1935/1834 1880/1932/1831
f 1868/1922/1821 1876/1929/1828 1879/1934/1833
f 1872/1925/1824 1882/1936/1835 1873/1928/1827
f 1881/1937/1836 1884/1938/1837 1882/1936/1835
f 1873/1928/1827 1885/1939/1838 1875/1935/1834
f 1882/1936/1835 1886/1940/1839 1885/1939/1838
f 1888/1941/1840 1890/1942/1841 1887/1943/1842
f 1889/1944/1843 1892/1945/1844 1890/1942/1841
f 1887/1943/1842 1884/1938/1837 1883/1946/1845
f 1890/1942/1841 1886/1940/1839 1884/1938/1837
f 1880/1932/1831 1894/1947/1846 1877/1933/1832
f 1875/1935/1834 1893/1948/1847 1880/1932/1831
f 1893/1948/1847 1891/1949/1848 1894/1947/1846
f 1885/1939/1838 1892/1945/1844 1893/1948/1847
f 1888/1941/1840 1896/1950/1849 1889/1944/1843
f 1895/1951/1850 1898/1952/1851 1896/1950/1849
f 1889/1944/1843 1899/1953/1852 1891/1949/1848
f 1896/1950/1849 1900/1954/1853 1899/1953/1852
f 1902/1955/1854 1904/1956/1855 1901/1957/1856
f 1903/1958/1857 1906/1959/1858 1904/1956/1855
f 1901/1957/1856 1898/1952/1851 1897/1960/1859
f 1904/1956/1855 1900/1954/1853 1898/1952/1851
f 1894/1947/1846 1908/1961/1545 1877/1933/1832
f 1891/1949/1848 1907/1962/1860 1894/1947/1846
f 1907/1962/1860 1905/1963/1861 1908/1961/1545
f 1899/1953/1852 1906/1959/1858 1907/1962/1860
f 1902/1964/1854 1910/1965/1862 1903/1966/1857
f 1909/1967/1863 1912/1968/1453 1910/1965/1862
f 1903/1966/1857 1913/1969/1864 1905/1970/1861
f 1910/1965/1862 1914/1971/1865 1913/1969/1864
f 1916/1972/1866 1918/1973/1867 1915/1974/1868
f 1917/1975/1869 1920/1976/1870 1918/1973/1867
f 1915/1974/1868 1912/1968/1453 1911/1977/1871
f 1918/1973/1867 1914/1971/1865 1912/1968/1453
f 1908/1978/1545 1922/1979/1872 1877/1980/1832
f 1905/1970/1861 1921/1981/1873 1908/1978/1545
f 1921/1981/1873 1919/1982/1874 1922/1979/1872
f 1913/1969/1864 1920/1976/1870 1921/1981/1873
f 1916/1972/1866 1924/1983/1875 1917/1975/1869
f 1923/1984/1876 1926/1985/1877 1924/1983/1875
f 1917/1975/1869 1927/1986/1878 1919/1982/1874
f 1924/1983/1875 1928/1987/1879 1927/1986/1878
f 1930/1988/1880 1932/1989/1881 1929/1990/1882
f 1931/1991/1883 1934/1992/1884 1932/1989/1881
f 1929/1990/1882 1926/1985/1877 1925/1993/1885
f 1932/1989/1881 1928/1987/1879 1926/1985/1877
f 1922/1979/1872 1936/1994/1886 1877/1980/1832
f 1919/1982/1874 1935/1995/1887 1922/1979/1872
f 1935/1995/1887 1933/1996/1888 1936/1994/1886
f 1927/1986/1878 1934/1992/1884 1935/1995/1887
f 1930/1988/1880 1938/1997/1889 1931/1998/1883
f 1937/1999/1890 1940/2000/1891 1938/1997/1889
f 1931/1998/1883 1941/2001/1892 1933/2002/1888
f 1938/1997/1889 1942/2003/1893 1941/2001/1892
f 1944/2004/1894 1946/2005/1895 1943/2006/1896
f 1945/2007/1897 1948/2008/1898 1946/2005/1895
f 1943/2006/1896 1940/2000/1891 1939/2009/1899
f 1946/2005/1895 1942/2003/1893 1940/2000/1891
f 1936/2010/1886 1950/2011/1900 1877/1933/1832
f 1933/2002/1888 1949/2012/1901 1936/2010/1886
f 1949/2012/1901 1947/2013/1902 1950/2011/1900
f 1941/2001/1892 1948/2008/1898 1949/2012/1901
f 1944/2004/1894 1952/2014/1903 1945/2007/1897
f 1951/2015/1904 1954/2016/1905 1952/2014/1903
f 1945/2007/1897 1955/2017/1906 1947/2013/1902
f 1952/2014/1903 1956/2018/1907 1955/2017/1906
f 1958/2019/1908 1960/2020/1909 1957/2021/1910
f 1959/2022/1911 1962/2023/1912 1960/2020/1909
f 1957/2021/1910 1954/2016/1905 1953/2024/1913
f 1960/2020/1909 1956/2018/1907 1954/2016/1905
f 1950/2011/1900 1964/2025/1914 1877/1933/1832
f 1947/2013/1902 1963/2026/1915 1950/2011/1900
f 1963/2026/1915 1961/2027/1916 1964/2025/1914
f 1955/2017/1906 1962/2023/1912 1963/2026/1915
f 1958/2019/1908 1966/2028/1917 1959/2022/1911
f 1965/2029/1918 1968/2030/1919 1966/2028/1917
f 1959/2022/1911 1969/2031/1920 1961/2027/1916
f 1966/2028/1917 1970/2032/1921 1969/2031/1920
f 1972/2033/1922 1974/2034/1923 1971/2035/1924
f 1973/2036/1925 1976/2037/1926 1974/2034/1923
f 1971/2035/1924 1968/2030/1919 1967/2038/1927
f 1974/2034/1923 1970/2032/1921 1968/2030/1919
f 1964/2025/1914 1978/2039/1386 1877/1933/1832
f 1961/2027/1916 1977/2040/1928 1964/2025/1914
f 1977/2040/1928 1975/2041/1929 1978/2039/1386
f 1969/2031/1920 1976/2037/1926 1977/2040/1928
f 1972/2033/1922 1980/2042/1930 1973/2036/1925
f 1979/2043/1931 1982/2044/1612 1980/2042/1930
f 1973/2036/1925 1983/2045/1932 1975/2041/1929
f 1980/2042/1930 1984/2046/1933 1983/2045/1932
f 1986/2047/1934 1988/2048/1935 1985/2049/1936
f 1987/2050/1937 1990/2051/1938 1988/2048/1935
f 1985/2049/1936 1982/2044/1612 1981/2052/1939
f 1988/2048/1935 1984/2046/1933 1982/2044/1612
f 1978/2039/1386 1992/2053/1940 1877/1933/1832
f 1975/2041/1929 1991/2054/1941 1978/2039/1386
f 1991/2054/1941 1989/2055/1942 1992/2053/1940
f 1983/2045/1932 1990/2051/1938 1991/2054/1941
f 1986/2047/1934 1994/2056/1943 1987/2050/1937
f 1993/2057/1944 1996/2058/1945 1994/2056/1943
f 1987/2050/1937 1997/2059/1946 1989/2055/1942
f 1994/2056/1943 1998/2060/1947 1997/2059/1946
f 1862/1917/1816 2000/2061/1948 1999/2062/1949
f 1865/1919/1818 2001/2063/1950 2000/2061/1948
f 1999/2062/1949 1996/2058/1945 1995/2064/1951
f 2000/2061/1948 1998/2060/1947 1996/2058/1945
f 1992/2053/1940 1878/1931/1830 1877/1933/1832
f 1989/2055/1942 2002/2065/1952 1992/2053/1940
f 2002/2065/1952 1869/1923/1822 1878/1931/1830
f 1997/2059/1946 2001/2063/1950 2002/2065/1952
f 891/941/920 2004/2066/1953 892/911/890
f 2005/2067/1954 2004/2066/1953 2003/2068/1955
f 892/911/890 2007/2069/1956 894/913/892
f 2004/2066/1953 2008/2070/1957 2007/2069/1956
f 1350/1415/1378 2010/2071/1958 2009/2072/1959
f 1349/1380/1348 2011/2073/1960 2010/2071/1958
f 2009/2072/1959 2006/2074/1961 2005/2067/1954
f 2010/2071/1958 2008/2070/1957 2006/2074/1961
f 1340/1374/1342 2013/2075/1962 1341/1372/1340
f 2012/2076/1963 2015/2077/1964 2013/2075/1962
f 1341/1372/1340 2011/2073/1960 1344/1375/1343
f 2013/2075/1962 2008/2070/1957 2011/2073/1960
f 896/918/897 2017/2078/1965 2016/2079/1966
f 899/917/896 2007/2069/1956 2017/2078/1965
f 2014/2080/1967 2017/2078/1965 2015/2077/1964
f 2015/2077/1964 2007/2069/1956 2008/2070/1957
f 916/961/940 2019/2081/1968 917/935/914
f 2020/2082/1969 2019/2081/1968 2018/2083/1970
f 917/935/914 2022/2084/1971 919/937/916
f 2021/2085/1972 2022/2084/1971 2019/2081/1968
f 1386/1449/1409 2025/2086/1973 2024/2087/1974
f 1385/1420/1382 2026/2088/1975 2025/2086/1973
f 2024/2087/1974 2021/2085/1972 2020/2082/1969
f 2025/2086/1973 2023/2089/1976 2021/2085/1972
f 1350/1415/1378 2027/2090/1977 1379/1414/1377
f 2009/2072/1959 2028/2091/1978 2027/2090/1977
f 1379/1414/1377 2026/2088/1975 1381/1416/1379
f 2027/2090/1977 2023/2089/1976 2026/2088/1975
f 891/941/920 2029/2092/1979 2003/2068/1955
f 922/940/919 2022/2084/1971 2029/2092/1979
f 2005/2067/1954 2029/2092/1979 2028/2091/1978
f 2028/2091/1978 2022/2084/1971 2023/2089/1976
f 936/2093/960 2031/2094/1980 937/955/934
f 2032/2095/1981 2031/2094/1980 2030/2096/1982
f 937/955/934 2034/2097/1983 939/957/936
f 2033/2098/1984 2034/2097/1983 2031/2094/1980
f 1420/2099/1440 2037/2100/1985 2036/2101/1986
f 1419/1454/1414 2038/2102/1987 2037/2100/1985
f 2036/2101/1986 2033/2098/1984 2032/2095/1981
f 2037/2100/1985 2035/2103/1988 2033/2098/1984
f 1386/1449/1409 2039/2104/1989 1413/1448/1408
f 2024/2087/1974 2040/2105/1990 2039/2104/1989
f 1413/1448/1408 2038/2102/1987 1415/1450/1410
f 2039/2104/1989 2035/2103/1988 2038/2102/1987
f 916/961/940 2041/2106/1991 2018/2083/1970
f 942/960/939 2034/2097/1983 2041/2106/1991
f 2020/2082/1969 2041/2106/1991 2040/2105/1990
f 2040/2105/1990 2034/2097/1983 2035/2103/1988
f 956/1005/980 2043/2107/1992 957/975/954
f 2044/2108/1993 2043/2107/1992 2042/2109/1994
f 957/975/954 2046/2110/1995 959/977/956
f 2045/2111/1996 2046/2110/1995 2043/2107/1992
f 1454/1526/1472 2049/2112/1997 2048/2113/1998
f 1453/1495/1444 2050/2114/1999 2049/2112/1997
f 2048/2113/1998 2045/2111/1996 2044/2108/1993
f 2049/2112/1997 2047/2115/2000 2045/2111/1996
f 1420/1489/1440 2051/2116/2001 1447/1487/1439
f 2036/2117/1986 2052/2118/2002 2051/2116/2001
f 1447/1487/1439 2050/2114/1999 1449/1490/1441
f 2051/2116/2001 2047/2115/2000 2050/2114/1999
f 936/982/960 2053/2119/2003 2030/2120/1982
f 962/981/959 2046/2110/1995 2053/2119/2003
f 2032/2121/1981 2053/2119/2003 2052/2118/2002
f 2052/2118/2002 2046/2110/1995 2047/2115/2000
f 976/1025/1000 2055/2122/2004 977/999/974
f 2056/2123/2005 2055/2122/2004 2054/2124/2006
f 977/999/974 2058/2125/2007 979/1001/976
f 2057/2126/2008 2058/2125/2007 2055/2122/2004
f 1488/1560/1504 2061/2127/2009 2060/2128/2010
f 1487/1531/1477 2062/2129/2011 2061/2127/2009
f 2060/2128/2010 2057/2126/2008 2056/2123/2005
f 2061/2127/2009 2059/2130/2012 2057/2126/2008
f 1454/1526/1472 2063/2131/2013 1481/1525/1471
f 2048/2113/1998 2064/2132/2014 2063/2131/2013
f 1481/1525/1471 2062/2129/2011 1483/1527/1473
f 2063/2131/2013 2059/2130/2012 2062/2129/2011
f 956/1005/980 2065/2133/2015 2042/2109/1994
f 982/1004/979 2058/2125/2007 2065/2133/2015
f 2044/2108/1993 2065/2133/2015 2064/2132/2014
f 2065/2133/2015 2059/2130/2012 2064/2132/2014
f 996/1045/1020 2067/2134/2016 997/1019/994
f 2068/2135/2017 2067/2134/2016 2066/2136/2018
f 997/1019/994 2070/2137/2019 999/1021/996
f 2067/2134/2016 2071/2138/2020 2070/2137/2019
f 1522/1594/1537 2073/2139/2021 2072/2140/2022
f 1521/1565/1509 2074/2141/2023 2073/2139/2021
f 2072/2140/2022 2069/2142/2024 2068/2135/2017
f 2073/2139/2021 2071/2138/2020 2069/2142/2024
f 1488/1560/1504 2075/2143/2025 1515/1559/1503
f 2060/2128/2010 2076/2144/2026 2075/2143/2025
f 1515/1559/1503 2074/2141/2023 1517/1561/1505
f 2075/2143/2025 2071/2138/2020 2074/2141/2023
f 976/1025/1000 2077/2145/2027 2054/2124/2006
f 1002/1024/999 2070/2137/2019 2077/2145/2027
f 2056/2123/2005 2077/2145/2027 2076/2144/2026
f 2076/2144/2026 2070/2137/2019 2071/2138/2020
f 1016/1065/1040 2079/2146/2028 1017/1039/1014
f 2080/2147/2029 2079/2146/2028 2078/2148/2030
f 1017/1039/1014 2082/2149/2031 1019/1041/1016
f 2081/2150/2032 2082/2149/2031 2079/2146/2028
f 1556/1632/1568 2085/2151/2033 2084/2152/2034
f 1555/1599/1541 2086/2153/2035 2085/2151/2033
f 2084/2152/2034 2081/2150/2032 2080/2147/2029
f 2085/2151/2033 2083/2154/2036 2081/2150/2032
f 1522/1594/1537 2087/2155/2037 1549/1593/1536
f 2072/2140/2022 2088/2156/2038 2087/2155/2037
f 1549/1593/1536 2086/2153/2035 1551/1595/1538
f 2087/2155/2037 2083/2154/2036 2086/2153/2035
f 996/1045/1020 2089/2157/2039 2066/2136/2018
f 1022/1044/1019 2082/2149/2031 2089/2157/2039
f 2068/2135/2017 2089/2157/2039 2088/2156/2038
f 2088/2156/2038 2082/2149/2031 2083/2154/2036
f 1036/1085/1060 2091/2158/2040 1037/1059/1034
f 2092/2159/2041 2091/2158/2040 2090/2160/2042
f 1037/1059/1034 2094/2161/2043 1039/1061/1036
f 2093/2162/2044 2094/2161/2043 2091/2158/2040
f 1590/1666/1599 2097/2163/2045 2096/2164/2046
f 1589/1637/1573 2098/2165/2047 2097/2163/2045
f 2096/2164/2046 2093/2162/2044 2092/2159/2041
f 2097/2163/2045 2095/2166/2048 2093/2162/2044
f 1556/1632/1568 2099/2167/2049 1583/1631/1567
f 2084/2152/2034 2100/2168/2050 2099/2167/2049
f 1583/1631/1567 2098/2165/2047 1585/1633/1569
f 2099/2167/2049 2095/2166/2048 2098/2165/2047
f 1016/1065/1040 2101/2169/2051 2078/2148/2030
f 1042/1064/1039 2094/2161/2043 2101/2169/2051
f 2080/2147/2029 2101/2169/2051 2100/2168/2050
f 2100/2168/2050 2094/2161/2043 2095/2166/2048
f 1056/1101/1076 2103/2170/2052 1057/1079/1054
f 2104/2171/2053 2103/2170/2052 2102/2172/2054
f 1057/1079/1054 2106/2173/2055 1059/1081/1056
f 2105/2174/2056 2106/2173/2055 2103/2170/2052
f 1624/1699/1626 2109/2175/2057 2108/2176/2058
f 1623/1671/1603 2110/2177/2059 2109/2175/2057
f 2108/2176/2058 2105/2174/2056 2104/2171/2053
f 2109/2175/2057 2107/2178/2060 2105/2174/2056
f 1590/1666/1599 2111/2179/2061 1617/1665/1598
f 2096/2164/2046 2112/2180/2062 2111/2179/2061
f 1617/1665/1598 2110/2177/2059 1619/1667/1600
f 2111/2179/2061 2107/2178/2060 2110/2177/2059
f 1036/1085/1060 2113/2181/2063 2090/2160/2042
f 1062/1084/1059 2106/2173/2055 2113/2181/2063
f 2092/2159/2041 2113/2181/2063 2112/2180/2062
f 2112/2180/2062 2106/2173/2055 2107/2178/2060
f 896/918/897 2114/2182/2064 1072/1096/1071
f 2014/2080/1967 2114/2182/2064 2016/2079/1966
f 1072/1096/1071 2116/2183/2065 1074/1098/1073
f 2115/2184/2066 2116/2183/2065 2114/2182/2064
f 1340/1374/1342 2118/2185/2067 2012/2076/1963
f 1653/1704/1631 2119/2186/2068 2118/2185/2067
f 2012/2076/1963 2115/2184/2066 2014/2080/1967
f 2118/2185/2067 2117/2187/2069 2115/2184/2066
f 1624/1699/1626 2120/2188/2070 1647/1698/1625
f 2108/2176/2058 2121/2189/2071 2120/2188/2070
f 1647/1698/1625 2119/2186/2068 1649/1700/1627
f 2120/2188/2070 2117/2187/2069 2119/2186/2068
f 1056/1101/1076 2122/2190/2072 2102/2172/2054
f 1077/1100/1075 2116/2183/2065 2122/2190/2072
f 2104/2171/2053 2122/2190/2072 2121/2189/2071
f 2122/2190/2072 2117/2187/2069 2121/2189/2071
f 2123/2191/2073 1356/1389/1356 1355/1386/1353
f 2125/2192/2074 2124/2193/2075 2123/2191/2073
f 2124/2193/2075 1359/1395/1362 1356/1389/1356
f 2126/2194/2076 2127/2195/2077 2124/2193/2075
f 1672/1738/1655 2130/2196/2078 2129/2197/2079
f 1671/1722/1648 2131/2198/2080 2130/2196/2078
f 2129/2197/2079 2126/2194/2076 2125/2192/2074
f 2130/2196/2078 2128/2199/2081 2126/2194/2076
f 1662/1716/1642 2133/2200/2082 1663/1714/1640
f 2132/2201/2083 2135/2202/2084 2133/2200/2082
f 2133/2200/2082 1666/1717/1643 1663/1714/1640
f 2133/2200/2082 2128/2199/2081 2131/2198/2080
f 2136/2203/2085 1361/1393/1360 2137/2204/2086
f 2137/2204/2086 1359/1395/1362 2127/2195/2077
f 2134/2205/2087 2137/2204/2086 2135/2202/2084
f 2135/2202/2084 2127/2195/2077 2128/2199/2081
f 2138/2206/2088 1392/1429/1390 1391/1426/1387
f 2140/2207/2089 2139/2208/2090 2138/2206/2088
f 2139/2208/2090 1395/1433/1394 1392/1429/1390
f 2141/2209/2091 2142/2210/2092 2139/2208/2090
f 2144/2211/2093 1693/1743/1666 2145/2212/2094
f 1693/1743/1666 2146/2213/2095 2145/2212/2094
f 2144/2211/2093 2141/2209/2091 2140/2207/2089
f 2145/2212/2094 2143/2214/2096 2141/2209/2091
f 2129/2197/2079 1687/1737/1661 1672/1738/1655
f 2129/2197/2079 2148/2215/2097 2147/2216/2098
f 2147/2216/2098 1689/1739/1662 1687/1737/1661
f 2147/2216/2098 2143/2214/2096 2146/2213/2095
f 2123/2191/2073 1397/1432/1393 2149/2217/2099
f 2149/2217/2099 1395/1433/1394 2142/2210/2092
f 2125/2192/2074 2149/2217/2099 2148/2215/2097
f 2148/2215/2097 2142/2210/2092 2143/2214/2096
f 2150/2218/2100 1426/1463/1421 1425/1460/1418
f 2152/2219/2101 2151/2220/1170 2150/2218/2100
f 2151/2220/1170 1429/1467/1425 1426/1463/1421
f 2153/2221/2102 2154/2222/2103 2151/2220/1170
f 2156/2223/2104 1713/1763/1685 2157/2224/2105
f 2157/2224/2105 1709/1759/1681 2158/2225/2106
f 2156/2223/2104 2153/2221/2102 2152/2219/2101
f 2157/2224/2105 2155/2226/2107 2153/2221/2102
f 2144/2211/2093 1707/1757/1679 1694/1758/1680
f 2144/2211/2093 2160/2227/2108 2159/2228/2109
f 2159/2228/2109 1709/1759/1681 1707/1757/1679
f 2159/2228/2109 2155/2226/2107 2158/2225/2106
f 2138/2206/2088 1431/1466/1424 2161/2229/1179
f 2161/2229/1179 1429/1467/1425 2154/2222/2103
f 2140/2207/2089 2161/2229/1179 2160/2227/2108
f 2160/2227/2108 2154/2222/2103 2155/2226/2107
f 2162/2230/2110 1460/1504/1452 1459/1501/1449
f 2164/2231/2111 2163/2232/2112 2162/2230/2110
f 2163/2232/2112 1463/1510/1456 1460/1504/1452
f 2165/2233/2113 2166/2234/2114 2163/2232/2112
f 2168/2235/2115 1733/1784/1700 2169/2236/2116
f 2169/2236/2116 1729/1789/1705 2170/2237/2117
f 2168/2235/2115 2165/2233/2113 2164/2231/2111
f 2169/2236/2116 2167/2238/2118 2165/2233/2113
f 2156/2239/2104 1727/1777/1695 1714/1779/1696
f 2156/2239/2104 2172/2240/2119 2171/2241/2120
f 1727/1777/1695 2170/2237/2117 1729/1789/1705
f 2171/2241/2120 2167/2238/2118 2170/2237/2117
f 2150/2242/2100 1465/1508/1455 2173/2243/2121
f 2173/2243/2121 1463/1510/1456 2166/2234/2114
f 2152/2244/2101 2173/2243/2121 2172/2240/2119
f 2172/2240/2119 2166/2234/2114 2167/2238/2118
f 2174/2245/2122 1494/1540/1485 1493/1537/1482
f 2176/2246/2123 2175/2247/2124 2174/2245/2122
f 2175/2247/2124 1497/1544/1489 1494/1540/1485
f 2177/2248/2125 2178/2249/2126 2175/2247/2124
f 1754/1821/1724 2181/2250/2127 2180/2251/2128
f 2181/2250/2127 1749/1802/1715 2182/2252/2129
f 2180/2251/2128 2177/2248/2125 2176/2246/2123
f 2181/2250/2127 2179/2253/2130 2177/2248/2125
f 1734/1801/1707 2183/2254/2131 1747/1800/1714
f 2168/2235/2115 2184/2255/2132 2183/2254/2131
f 1747/1800/1714 2182/2252/2129 1749/1802/1715
f 2183/2254/2131 2179/2253/2130 2182/2252/2129
f 2162/2230/2110 1499/1543/1488 2185/2256/2133
f 2185/2256/2133 1497/1544/1489 2178/2249/2126
f 2164/2231/2111 2185/2256/2133 2184/2255/2132
f 2184/2255/2132 2178/2249/2126 2179/2253/2130
f 2186/2257/2134 1528/1574/1517 1527/1571/1514
f 2188/2258/2135 2187/2259/2136 2186/2257/2134
f 2187/2259/2136 1531/1578/1521 1528/1574/1517
f 2189/2260/2137 2190/2261/2138 2187/2259/2136
f 1774/1841/1743 2193/2262/2139 2192/2263/2140
f 1773/1826/1736 2194/2264/2141 2193/2262/2139
f 2192/2263/2140 2189/2260/2137 2188/2258/2135
f 2193/2262/2139 2191/2265/2142 2189/2260/2137
f 1754/1821/1724 2195/2266/2143 1767/1820/1731
f 2180/2251/2128 2196/2267/2144 2195/2266/2143
f 2195/2266/2143 1769/1822/1732 1767/1820/1731
f 2195/2266/2143 2191/2265/2142 2194/2264/2141
f 2174/2245/2122 1533/1577/1520 2197/2268/2145
f 2197/2268/2145 1531/1578/1521 2190/2261/2138
f 2176/2246/2123 2197/2268/2145 2196/2267/2144
f 2196/2267/2144 2190/2261/2138 2191/2265/2142
f 2198/2269/2146 1562/1608/1549 1561/1605/1546
f 2200/2270/2147 2199/2271/2148 2198/2269/2146
f 2199/2271/2148 1565/1612/1553 1562/1608/1549
f 2201/2272/2149 2202/2273/2150 2199/2271/2148
f 2204/2274/2151 1793/1846/1754 2205/2275/2152
f 1793/1846/1754 2206/2276/2153 2205/2275/2152
f 2204/2274/2151 2201/2272/2149 2200/2270/2147
f 2205/2275/2152 2203/2277/2154 2201/2272/2149
f 2192/2263/2140 1787/1840/1749 1774/1841/1743
f 2192/2263/2140 2208/2278/2155 2207/2279/2156
f 2207/2279/2156 1789/1842/1750 1787/1840/1749
f 2207/2279/2156 2203/2277/2154 2206/2276/2153
f 2186/2257/2134 1567/1611/1552 2209/2280/2157
f 2209/2280/2157 1565/1612/1553 2202/2273/2150
f 2188/2258/2135 2209/2280/2157 2208/2278/2155
f 2208/2278/2155 2202/2273/2150 2203/2277/2154
f 2210/2281/2158 1596/1646/1580 1595/1643/1577
f 2212/2282/2159 2211/2283/1110 2210/2281/2158
f 2211/2283/1110 1599/1650/1584 1596/1646/1580
f 2213/2284/2160 2214/2285/2161 2211/2283/1110
f 2216/2286/2162 1813/1866/1773 2217/2287/2163
f 2217/2287/2163 1809/1862/1769 2218/2288/2164
f 2216/2286/2162 2213/2284/2160 2212/2282/2159
f 2217/2287/2163 2215/2289/2165 2213/2284/2160
f 2204/2274/2151 1807/1860/1767 1794/1861/1768
f 2204/2274/2151 2220/2290/2166 2219/2291/2167
f 2219/2291/2167 1809/1862/1769 1807/1860/1767
f 2219/2291/2167 2215/2289/2165 2218/2288/2164
f 2198/2269/2146 1601/1649/1583 2221/2292/1119
f 2221/2292/1119 1599/1650/1584 2214/2285/2161
f 2200/2270/2147 2221/2292/1119 2220/2290/2166
f 2220/2290/2166 2214/2285/2161 2215/2289/2165
f 2222/2293/2168 1630/1680/1611 1629/1677/1608
f 2224/2294/2169 2223/2295/2170 2222/2293/2168
f 2223/2295/2170 1633/1684/1615 1630/1680/1611
f 2225/2296/2171 2226/2297/2172 2223/2295/2170
f 2228/2298/2173 1833/1885/1788 2229/2299/2174
f 2229/2299/2174 1829/1890/1793 2230/2300/2175
f 2228/2298/2173 2225/2296/2171 2224/2294/2169
f 2229/2299/2174 2227/2301/2176 2225/2296/2171
f 2216/2286/2162 1827/1880/1783 1814/1881/1784
f 2216/2286/2162 2232/2302/2177 2231/2303/2178
f 1827/1880/1783 2230/2300/2175 1829/1890/1793
f 2231/2303/2178 2227/2301/2176 2230/2300/2175
f 2210/2281/2158 1635/1683/1614 2233/2304/2179
f 2233/2304/2179 1633/1684/1615 2226/2297/2172
f 2212/2282/2159 2233/2304/2179 2232/2302/2177
f 2232/2302/2177 2226/2297/2172 2227/2301/2176
f 2136/2203/2085 1656/1709/1635 1362/1391/1358
f 2134/2205/2087 2234/2305/2180 2136/2203/2085
f 2234/2305/2180 1658/1713/1639 1656/1709/1635
f 2235/2306/2181 2236/2307/2182 2234/2305/2180
f 1662/1716/1642 2238/2308/2183 2132/2201/2083
f 2238/2308/2183 1849/1902/1803 2239/2309/2184
f 2132/2201/2083 2235/2306/2181 2134/2205/2087
f 2238/2308/2183 2237/2310/2185 2235/2306/2181
f 1834/1901/1795 2240/2311/2186 1847/1900/1802
f 2228/2298/2173 2241/2312/2187 2240/2311/2186
f 1847/1900/1802 2239/2309/2184 1849/1902/1803
f 2240/2311/2186 2237/2310/2185 2239/2309/2184
f 2222/2293/2168 1660/1712/1638 2242/2313/2188
f 2242/2313/2188 1658/1713/1639 2236/2307/2182
f 2224/2294/2169 2242/2313/2188 2241/2312/2187
f 2241/2312/2187 2236/2307/2182 2237/2310/2185
f 2243/2314/2189 1678/1727/1653 1677/1729/1655
f 2245/2315/2190 2244/2316/2191 2243/2314/2189
f 2244/2316/2191 1681/1730/1656 1678/1727/1653
f 2246/2317/2192 2247/2318/2193 2244/2316/2191
f 2249/2319/2194 1871/1927/1826 2250/2320/2195
f 2250/2320/2195 1866/1930/1829 2251/2321/2196
f 2249/2319/2194 2246/2317/2192 2245/2315/2190
f 2250/2320/2195 2248/2322/2197 2246/2317/2192
f 2252/2323/2198 1863/1920/1819 1862/1917/1816
f 2252/2323/2198 2255/2324/2199 2253/2325/2200
f 2253/2325/2200 1866/1930/1829 1863/1920/1819
f 2253/2325/2200 2248/2322/2197 2251/2321/2196
f 2256/2326/2201 1683/1736/1660 2257/2327/2202
f 1683/1736/1660 2247/2318/2193 2257/2327/2202
f 2254/2328/2203 2257/2327/2202 2255/2324/2199
f 2255/2324/2199 2247/2318/2193 2248/2322/2197
f 1699/1748/1671 2259/2329/2204 1700/1752/1675
f 2260/2330/2205 2259/2329/2204 2258/2331/2206
f 2259/2329/2204 1703/1751/1674 1700/1752/1675
f 2261/2332/2207 2262/2333/2208 2259/2329/2204
f 2264/2334/2209 1887/1943/1842 2265/2335/2210
f 2265/2335/2210 1883/1946/1845 2266/2336/2211
f 2264/2334/2209 2261/2332/2207 2260/2330/2205
f 2265/2335/2210 2263/2337/2212 2261/2332/2207
f 2249/2319/2194 1881/1937/1836 1872/1925/1824
f 2249/2319/2194 2268/2338/2213 2267/2339/2214
f 2267/2339/2214 1883/1946/1845 1881/1937/1836
f 2267/2339/2214 2263/2337/2212 2266/2336/2211
f 1677/1729/1655 2269/2340/2215 2243/2314/2189
f 1705/1756/1678 2262/2333/2208 2269/2340/2215
f 2245/2315/2190 2269/2340/2215 2268/2338/2213
f 2268/2338/2213 2262/2333/2208 2263/2337/2212
f 2270/2341/2216 1720/1768/1685 1719/1770/1691
f 2272/2342/2217 2271/2343/2218 2270/2341/2216
f 2271/2343/2218 1723/1771/1681 1720/1768/1685
f 2273/2344/2219 2274/2345/2220 2271/2343/2218
f 2276/2346/2221 1901/1957/1856 2277/2347/2222
f 2277/2347/2222 1897/1960/1859 2278/2348/2223
f 2276/2346/2221 2273/2344/2219 2272/2342/2217
f 2277/2347/2222 2275/2349/2224 2273/2344/2219
f 2264/2334/2209 1895/1951/1850 1888/1941/1840
f 2264/2334/2209 2280/2350/2225 2279/2351/2226
f 2279/2351/2226 1897/1960/1859 1895/1951/1850
f 2279/2351/2226 2275/2349/2224 2278/2348/2223
f 2258/2331/2206 1725/1774/1679 2281/2352/2227
f 2281/2352/2227 1723/1771/1681 2274/2345/2220
f 2260/2330/2205 2281/2352/2227 2280/2350/2225
f 2280/2350/2225 2274/2345/2220 2275/2349/2224
f 1739/1791/1707 2283/2353/2228 1740/1794/1709
f 2284/2354/2229 2283/2353/2228 2282/2355/2230
f 1740/1794/1709 2286/2356/2231 1743/1799/1713
f 2285/2357/2232 2286/2356/2231 2283/2353/2228
f 2288/2358/2233 1915/1974/1868 2289/2359/2234
f 2289/2359/2234 1911/1977/1871 2290/2360/2235
f 2288/2358/2233 2285/2357/2232 2284/2354/2229
f 2289/2359/2234 2287/2361/2236 2285/2357/2232
f 2276/2362/2221 1909/1967/1863 1902/1964/1854
f 2276/2362/2221 2292/2363/2237 2291/2364/2238
f 2291/2364/2238 1911/1977/1871 1909/1967/1863
f 2291/2364/2238 2287/2361/2236 2290/2360/2235
f 1719/1796/1691 2293/2365/2239 2270/2366/2216
f 2293/2365/2239 1743/1799/1713 2286/2356/2231
f 2272/2367/2217 2293/2365/2239 2292/2363/2237
f 2292/2363/2237 2286/2356/2231 2287/2361/2236
f 2294/2368/2240 1760/1814/1726 1759/1811/1724
f 2296/2369/2241 2295/2370/2242 2294/2368/2240
f 1760/1814/1726 2298/2371/2243 1763/1819/1730
f 2297/2372/2244 2298/2371/2243 2295/2370/2242
f 2300/2373/2245 1929/1990/1882 2301/2374/2246
f 2301/2374/2246 1925/1993/1885 2302/2375/2247
f 2300/2373/2245 2297/2372/2244 2296/2369/2241
f 2301/2374/2246 2299/2376/2248 2297/2372/2244
f 2288/2358/2233 1923/1984/1876 1916/1972/1866
f 2288/2358/2233 2304/2377/2249 2303/2378/2250
f 2303/2378/2250 1925/1993/1885 1923/1984/1876
f 2303/2378/2250 2299/2376/2248 2302/2375/2247
f 2282/2355/2230 1765/1817/1729 2305/2379/2251
f 2305/2379/2251 1763/1819/1730 2298/2371/2243
f 2284/2354/2229 2305/2379/2251 2304/2377/2249
f 2304/2377/2249 2298/2371/2243 2299/2376/2248
f 2306/2380/2252 1780/1831/1741 1779/1833/1743
f 2308/2381/2253 2307/2382/2254 2306/2380/2252
f 2307/2382/2254 1783/1834/1744 1780/1831/1741
f 2309/2383/2255 2310/2384/2256 2307/2382/2254
f 2312/2385/2257 1943/2006/1896 2313/2386/2258
f 2313/2386/2258 1939/2009/1899 2314/2387/2259
f 2312/2385/2257 2309/2383/2255 2308/2381/2253
f 2313/2386/2258 2311/2388/2260 2309/2383/2255
f 2300/2373/2245 1937/1999/1890 1930/1988/1880
f 2300/2373/2245 2316/2389/2261 2315/2390/2262
f 2315/2390/2262 1939/2009/1899 1937/1999/1890
f 2315/2390/2262 2311/2388/2260 2314/2387/2259
f 2294/2368/2240 1785/1839/1748 2317/2391/2263
f 1785/1839/1748 2310/2384/2256 2317/2391/2263
f 2296/2369/2241 2317/2391/2263 2316/2389/2261
f 2316/2389/2261 2310/2384/2256 2311/2388/2260
f 1799/1851/1759 2319/2392/2264 1800/1855/1763
f 2320/2393/2265 2319/2392/2264 2318/2394/2266
f 2319/2392/2264 1803/1854/1762 1800/1855/1763
f 2321/2395/2267 2322/2396/2268 2319/2392/2264
f 2324/2397/2269 1957/2021/1910 2325/2398/2270
f 2325/2398/2270 1953/2024/1913 2326/2399/2271
f 2324/2397/2269 2321/2395/2267 2320/2393/2265
f 2325/2398/2270 2323/2400/2272 2321/2395/2267
f 2312/2385/2257 1951/2015/1904 1944/2004/1894
f 2312/2385/2257 2328/2401/2273 2327/2402/2274
f 2327/2402/2274 1953/2024/1913 1951/2015/1904
f 2327/2402/2274 2323/2400/2272 2326/2399/2271
f 1779/1833/1743 2329/2403/2275 2306/2380/2252
f 1805/1859/1766 2322/2396/2268 2329/2403/2275
f 2308/2381/2253 2329/2403/2275 2328/2401/2273
f 2328/2401/2273 2322/2396/2268 2323/2400/2272
f 2330/2404/2276 1820/1871/1773 1819/1873/1779
f 2332/2405/2277 2331/2406/2278 2330/2404/2276
f 2331/2406/2278 1823/1874/1769 1820/1871/1773
f 2333/2407/2279 2334/2408/2280 2331/2406/2278
f 2336/2409/2281 1971/2035/1924 2337/2410/2282
f 2337/2410/2282 1967/2038/1927 2338/2411/2283
f 2336/2409/2281 2333/2407/2279 2332/2405/2277
f 2337/2410/2282 2335/2412/2284 2333/2407/2279
f 2324/2397/2269 1965/2029/1918 1958/2019/1908
f 2324/2397/2269 2340/2413/2285 2339/2414/2286
f 2339/2414/2286 1967/2038/1927 1965/2029/1918
f 2339/2414/2286 2335/2412/2284 2338/2411/2283
f 2318/2394/2266 1825/1877/1767 2341/2415/2287
f 2341/2415/2287 1823/1874/1769 2334/2408/2280
f 2320/2393/2265 2341/2415/2287 2340/2413/2285
f 2340/2413/2285 2334/2408/2280 2335/2412/2284
f 1839/1892/1795 2343/2416/2288 1840/1895/1797
f 2344/2417/2289 2343/2416/2288 2342/2418/2290
f 1840/1895/1797 2346/2419/2291 1843/1899/1801
f 2345/2420/2292 2346/2419/2291 2343/2416/2288
f 2348/2421/2293 1985/2049/1936 2349/2422/2294
f 2349/2422/2294 1981/2052/1939 2350/2423/2295
f 2348/2421/2293 2345/2420/2292 2344/2417/2289
f 2349/2422/2294 2347/2424/2296 2345/2420/2292
f 2336/2409/2281 1979/2043/1931 1972/2033/1922
f 2336/2409/2281 2352/2425/2297 2351/2426/2298
f 2351/2426/2298 1981/2052/1939 1979/2043/1931
f 2351/2426/2298 2347/2424/2296 2350/2423/2295
f 1819/1873/1779 2353/2427/2299 2330/2404/2276
f 2353/2427/2299 1843/1899/1801 2346/2419/2291
f 2332/2405/2277 2353/2427/2299 2352/2425/2297
f 2352/2425/2297 2346/2419/2291 2347/2424/2296
f 2256/2326/2201 1856/1912/1812 1684/1734/1642
f 2254/2328/2203 2354/2428/2300 2256/2326/2201
f 1856/1912/1812 2356/2429/2301 1858/1916/1815
f 2355/2430/2302 2356/2429/2301 2354/2428/2300
f 2252/2323/2198 1999/2062/1949 2358/2431/2303
f 2358/2431/2303 1995/2064/1951 2359/2432/2304
f 2252/2323/2198 2355/2430/2302 2254/2328/2203
f 2358/2431/2303 2357/2433/2305 2355/2430/2302
f 2348/2421/2293 1993/2057/1944 1986/2047/1934
f 2348/2421/2293 2361/2434/2306 2360/2435/2307
f 2360/2435/2307 1995/2064/1951 1993/2057/1944
f 2360/2435/2307 2357/2433/2305 2359/2432/2304
f 2342/2418/2290 1860/1914/1814 2362/2436/2308
f 2362/2436/2308 1858/1916/1815 2356/2429/2301
f 2344/2417/2289 2362/2436/2308 2361/2434/2306
f 2361/2434/2306 2356/2429/2301 2357/2433/2305
f 2363/2437/2309 2/4/4 1/1/1
f 2365/2438/2310 2364/2439/2311 2363/2437/2309
f 2364/2439/2311 5/14/14 2/4/4
f 2366/2440/2312 2367/2441/2313 2364/2439/2311
f 2369/2442/2314 1330/1363/1331 2370/2443/2315
f 2370/2443/2315 1325/1366/1334 2371/2444/2316
f 2365/2438/2310 2370/2443/2315 2366/2440/2312
f 2366/2440/2312 2371/2444/2316 2368/2445/2317
f 2372/2446/2318 1322/1356/1324 1321/1353/1321
f 2374/2447/2319 2373/2448/2320 2372/2446/2318
f 2373/2448/2320 1325/1366/1334 1322/1356/1324
f 2375/2449/2321 2371/2444/2316 2373/2448/2320
f 2376/2450/2322 10/11/11 2377/2451/2323
f 2377/2451/2323 5/14/14 2367/2441/2313
f 2374/2447/2319 2377/2451/2323 2375/2449/2321
f 2375/2449/2321 2367/2441/2313 2368/2445/2317
f 2376/2450/2322 26/26/26 11/9/9
f 2374/2447/2319 2378/2452/2324 2376/2450/2322
f 2378/2452/2324 28/35/35 26/26/26
f 2379/2453/2325 2380/2454/2326 2378/2452/2324
f 2372/2446/2318 1374/1405/1372 2382/2455/2327
f 2382/2455/2327 1369/1408/1374 2383/2456/2328
f 2374/2447/2319 2382/2455/2327 2379/2453/2325
f 2379/2453/2325 2383/2456/2328 2381/2457/2329
f 2384/2458/2330 1366/1399/1366 1365/1396/1363
f 2386/2459/2331 2385/2460/2332 2384/2458/2330
f 2385/2460/2332 1369/1408/1374 1366/1399/1366
f 2387/2461/2333 2383/2456/2328 2385/2460/2332
f 2388/2462/2334 32/32/32 2389/2463/2335
f 2389/2463/2335 28/35/35 2380/2454/2326
f 2386/2459/2331 2389/2463/2335 2387/2461/2333
f 2387/2461/2333 2380/2454/2326 2381/2457/2329
f 2388/2462/2334 46/46/46 33/30/30
f 2386/2459/2331 2390/2464/2336 2388/2462/2334
f 2390/2464/2336 48/55/55 46/46/46
f 2391/2465/2337 2392/2466/2338 2390/2464/2336
f 2384/2458/2330 1408/1443/1404 2394/2467/2339
f 2394/2467/2339 1403/1445/1405 2395/2468/2340
f 2386/2459/2331 2394/2467/2339 2391/2465/2337
f 2391/2465/2337 2395/2468/2340 2393/2469/2341
f 2396/2470/2342 1400/1437/1398 1399/1434/1395
f 2398/2471/2343 2397/2472/2344 2396/2470/2342
f 2397/2472/2344 1403/1445/1405 1400/1437/1398
f 2399/2473/2345 2395/2468/2340 2397/2472/2344
f 2400/2474/2346 52/52/52 2401/2475/2347
f 2401/2475/2347 48/55/55 2392/2466/2338
f 2398/2471/2343 2401/2475/2347 2399/2473/2345
f 2399/2473/2345 2392/2466/2338 2393/2469/2341
f 2400/2476/2346 66/68/66 53/65/50
f 2398/2477/2343 2402/2478/2348 2400/2476/2346
f 2402/2478/2348 68/78/75 66/68/66
f 2403/2479/2349 2404/2480/2350 2402/2478/2348
f 2396/2481/2342 1442/1478/1435 2406/2482/2351
f 2406/2482/2351 1437/1481/1436 2407/2483/2352
f 2398/2477/2343 2406/2482/2351 2403/2479/2349
f 2403/2479/2349 2407/2483/2352 2405/2484/2353
f 2408/2485/2354 1434/1471/1429 1433/1468/1426
f 2410/2486/2355 2409/2487/2356 2408/2485/2354
f 2409/2487/2356 1437/1481/1436 1434/1471/1429
f 2411/2488/2357 2407/2483/2352 2409/2487/2356
f 2412/2489/2358 72/75/72 2413/2490/2359
f 2413/2490/2359 68/78/75 2404/2480/2350
f 2410/2486/2355 2413/2490/2359 2411/2488/2357
f 2411/2488/2357 2404/2480/2350 2405/2484/2353
f 2412/2489/2358 86/90/86 73/73/70
f 2410/2486/2355 2414/2491/2360 2412/2489/2358
f 2414/2491/2360 88/99/95 86/90/86
f 2415/2492/2361 2416/2493/2362 2414/2491/2360
f 2408/2485/2354 1476/1520/1466 2418/2494/2363
f 2418/2494/2363 1471/1522/1468 2419/2495/2364
f 2410/2486/2355 2418/2494/2363 2415/2492/2361
f 2415/2492/2361 2419/2495/2364 2417/2496/2365
f 2420/2497/2366 1468/1514/1460 1467/1511/1457
f 2422/2498/2367 2421/2499/2368 2420/2497/2366
f 2421/2499/2368 1471/1522/1468 1468/1514/1460
f 2423/2500/2369 2419/2495/2364 2421/2499/2368
f 2424/2501/2370 92/96/92 2425/2502/2371
f 2425/2502/2371 88/99/95 2416/2493/2362
f 2422/2498/2367 2425/2502/2371 2423/2500/2369
f 2423/2500/2369 2416/2493/2362 2417/2496/2365
f 2424/2501/2370 106/110/106 93/94/90
f 2422/2498/2367 2426/2503/2372 2424/2501/2370
f 2426/2503/2372 108/119/115 106/110/106
f 2427/2504/2373 2428/2505/2374 2426/2503/2372
f 2420/2497/2366 1510/1554/1499 2430/2506/2375
f 2430/2506/2375 1505/1556/1500 2431/2507/2376
f 2422/2498/2367 2430/2506/2375 2427/2504/2373
f 2427/2504/2373 2431/2507/2376 2429/2508/2377
f 2432/2509/2378 1502/1548/1493 1501/1545/1490
f 2434/2510/2379 2433/2511/2380 2432/2509/2378
f 2433/2511/2380 1505/1556/1500 1502/1548/1493
f 2435/2512/2381 2431/2507/2376 2433/2511/2380
f 2436/2513/2382 112/116/112 2437/2514/2383
f 2437/2514/2383 108/119/115 2428/2505/2374
f 2434/2510/2379 2437/2514/2383 2435/2512/2381
f 2435/2512/2381 2428/2505/2374 2429/2508/2377
f 2436/2513/2382 126/130/126 113/114/110
f 2434/2510/2379 2438/2515/2384 2436/2513/2382
f 2438/2515/2384 128/139/135 126/130/126
f 2439/2516/2385 2440/2517/2386 2438/2515/2384
f 2432/2509/2378 1544/1588/1531 2442/2518/2387
f 2442/2518/2387 1539/1590/1533 2443/2519/2388
f 2434/2510/2379 2442/2518/2387 2439/2516/2385
f 2439/2516/2385 2443/2519/2388 2441/2520/2389
f 2444/2521/2390 1536/1582/1525 1535/1579/1522
f 2446/2522/2391 2445/2523/2392 2444/2521/2390
f 2445/2523/2392 1539/1590/1533 1536/1582/1525
f 2447/2524/2393 2443/2519/2388 2445/2523/2392
f 2448/2525/2394 132/136/132 2449/2526/2395
f 2449/2526/2395 128/139/135 2440/2517/2386
f 2446/2522/2391 2449/2526/2395 2447/2524/2393
f 2447/2524/2393 2440/2517/2386 2441/2520/2389
f 2448/2525/2394 146/150/146 133/134/130
f 2446/2522/2391 2450/2527/2396 2448/2525/2394
f 2450/2527/2396 148/159/155 146/150/146
f 2451/2528/2397 2452/2529/2398 2450/2527/2396
f 2444/2521/2390 1578/1622/1563 2454/2530/2399
f 2454/2530/2399 1573/1625/1564 2455/2531/2400
f 2446/2522/2391 2454/2530/2399 2451/2528/2397
f 2451/2528/2397 2455/2531/2400 2453/2532/2401
f 2456/2533/2402 1570/1616/1557 1569/1613/1554
f 2458/2534/2403 2457/2535/2404 2456/2533/2402
f 2457/2535/2404 1573/1625/1564 1570/1616/1557
f 2459/2536/2405 2455/2531/2400 2457/2535/2404
f 2460/2537/2406 152/156/152 2461/2538/2407
f 2461/2538/2407 148/159/155 2452/2529/2398
f 2458/2534/2403 2461/2538/2407 2459/2536/2405
f 2459/2536/2405 2452/2529/2398 2453/2532/2401
f 2460/2537/2406 166/170/166 153/154/150
f 2458/2534/2403 2462/2539/2408 2460/2537/2406
f 2462/2539/2408 168/179/175 166/170/166
f 2463/2540/2409 2464/2541/2410 2462/2539/2408
f 2456/2533/2402 1612/1660/1594 2466/2542/2411
f 2466/2542/2411 1607/1662/1595 2467/2543/2412
f 2458/2534/2403 2466/2542/2411 2463/2540/2409
f 2463/2540/2409 2467/2543/2412 2465/2544/2413
f 2468/2545/2414 1604/1654/1588 1603/1651/1585
f 2470/2546/2415 2469/2547/2416 2468/2545/2414
f 2469/2547/2416 1607/1662/1595 1604/1654/1588
f 2471/2548/2417 2467/2543/2412 2469/2547/2416
f 2472/2549/2418 172/176/172 2473/2550/2419
f 2473/2550/2419 168/179/175 2464/2541/2410
f 2470/2546/2415 2473/2550/2419 2471/2548/2417
f 2471/2548/2417 2464/2541/2410 2465/2544/2413
f 2472/2549/2418 186/190/186 173/174/170
f 2470/2546/2415 2474/2551/2420 2472/2549/2418
f 2474/2551/2420 188/197/193 186/190/186
f 2475/2552/2421 2476/2553/2422 2474/2551/2420
f 2468/2545/2414 1643/1691/1621 2478/2554/2423
f 2478/2554/2423 1639/1694/1623 2479/2555/2424
f 2470/2546/2415 2478/2554/2423 2475/2552/2421
f 2475/2552/2421 2479/2555/2424 2477/2556/2425
f 2369/2442/2314 1637/1686/1617 1331/1361/1329
f 2365/2438/2310 2480/2557/2426 2369/2442/2314
f 2480/2557/2426 1639/1694/1623 1637/1686/1617
f 2481/2558/2427 2479/2555/2424 2480/2557/2426
f 2363/2437/2309 192/195/191 2482/2559/2428
f 2482/2559/2428 188/197/193 2476/2553/2422
f 2365/2438/2310 2482/2559/2428 2481/2558/2427
f 2481/2558/2427 2476/2553/2422 2477/2556/2425
f 1/1/1 2/4/4 3/2/2
f 2/4/4 5/14/14 6/5/5
f 4/3/3 3/2/2 7/6/6
f 3/2/2 6/5/5 9/8/8
f 11/9/9 12/12/12 13/10/10
f 12/12/12 14/20/20 15/13/13
f 10/11/11 13/10/10 6/5/5
f 13/10/10 15/13/13 9/8/8
f 17/15/15 18/19/19 19/16/16
f 20/18/18 21/21/21 18/19/19
f 18/19/19 15/13/13 14/20/20
f 21/21/21 9/8/8 15/13/13
f 22/22/22 23/199/195 24/23/23
f 25/24/24 24/23/23 8/7/7
f 20/18/18 22/22/22 25/24/24
f 21/21/21 25/24/24 7/6/6
f 11/9/9 26/26/26 27/25/25
f 26/26/26 28/35/35 29/27/27
f 12/12/12 27/25/25 30/28/28
f 27/25/25 29/27/27 31/29/29
f 33/30/30 34/33/33 35/31/31
f 34/33/33 36/41/41 37/34/34
f 32/32/32 35/31/31 29/27/27
f 35/31/31 37/34/34 31/29/29
f 39/36/36 40/40/40 41/37/37
f 42/39/39 43/42/42 40/40/40
f 40/40/40 37/34/34 36/41/41
f 43/42/42 31/29/29 37/34/34
f 44/43/43 16/17/17 19/16/16
f 45/44/44 19/16/16 14/20/20
f 42/39/39 44/43/43 45/44/44
f 43/42/42 45/44/44 30/28/28
f 33/30/30 46/46/46 47/45/45
f 46/46/46 48/55/55 49/47/47
f 34/33/33 47/45/45 50/48/48
f 47/45/45 49/47/47 51/49/49
f 53/50/50 54/53/53 55/51/51
f 54/53/53 56/61/61 57/54/54
f 52/52/52 55/51/51 49/47/47
f 55/51/51 57/54/54 51/49/49
f 59/56/56 60/60/60 61/57/57
f 62/59/59 63/62/62 60/60/60
f 60/60/60 57/54/54 56/61/61
f 63/62/62 51/49/49 57/54/54
f 64/63/63 38/38/38 41/37/37
f 65/64/64 41/37/37 36/41/41
f 62/59/59 64/63/63 65/64/64
f 63/62/62 65/64/64 50/48/48
f 53/65/50 66/68/66 67/66/65
f 66/68/66 68/78/75 69/69/67
f 54/67/53 67/66/65 70/70/68
f 67/66/65 69/69/67 71/72/69
f 73/73/70 74/76/73 75/74/71
f 74/76/73 76/84/81 77/77/74
f 72/75/72 75/74/71 69/69/67
f 75/74/71 77/77/74 71/72/69
f 79/79/76 80/83/80 81/80/77
f 82/82/79 83/85/82 80/83/80
f 80/83/80 77/77/74 76/84/81
f 83/85/82 71/72/69 77/77/74
f 84/86/83 58/273/58 61/87/57
f 85/88/84 61/87/57 56/71/61
f 82/82/79 84/86/83 85/88/84
f 83/85/82 85/88/84 70/70/68
f 73/73/70 86/90/86 87/89/85
f 86/90/86 88/99/95 89/91/87
f 74/76/73 87/89/85 90/92/88
f 87/89/85 89/91/87 91/93/89
f 93/94/90 94/97/93 95/95/91
f 94/97/93 96/105/101 97/98/94
f 92/96/92 95/95/91 89/91/87
f 95/95/91 97/98/94 91/93/89
f 99/100/96 100/104/100 101/101/97
f 102/103/99 103/106/102 100/104/100
f 100/104/100 97/98/94 96/105/101
f 103/106/102 91/93/89 97/98/94
f 104/107/103 78/81/78 81/80/77
f 105/108/104 81/80/77 76/84/81
f 102/103/99 104/107/103 105/108/104
f 103/106/102 105/108/104 90/92/88
f 93/94/90 106/110/106 107/109/105
f 106/110/106 108/119/115 109/111/107
f 94/97/93 107/109/105 110/112/108
f 107/109/105 109/111/107 111/113/109
f 113/114/110 114/117/113 115/115/111
f 114/117/113 116/125/121 117/118/114
f 112/116/112 115/115/111 109/111/107
f 115/115/111 117/118/114 111/113/109
f 119/120/116 120/124/120 121/121/117
f 122/123/119 123/126/122 120/124/120
f 120/124/120 117/118/114 116/125/121
f 123/126/122 111/113/109 117/118/114
f 124/127/123 98/102/98 101/101/97
f 125/128/124 101/101/97 96/105/101
f 122/123/119 124/127/123 125/128/124
f 123/126/122 125/128/124 110/112/108
f 113/114/110 126/130/126 127/129/125
f 126/130/126 128/139/135 129/131/127
f 114/117/113 127/129/125 130/132/128
f 127/129/125 129/131/127 131/133/129
f 133/134/130 134/137/133 135/135/131
f 134/137/133 136/145/141 137/138/134
f 132/136/132 135/135/131 129/131/127
f 135/135/131 137/138/134 131/133/129
f 139/140/136 140/144/140 141/141/137
f 142/143/139 143/146/142 140/144/140
f 140/144/140 137/138/134 136/145/141
f 143/146/142 131/133/129 137/138/134
f 144/147/143 118/122/118 121/121/117
f 145/148/144 121/121/117 116/125/121
f 142/143/139 144/147/143 145/148/144
f 143/146/142 145/148/144 130/132/128
f 133/134/130 146/150/146 147/149/145
f 146/150/146 148/159/155 149/151/147
f 134/137/133 147/149/145 150/152/148
f 147/149/145 149/151/147 151/153/149
f 153/154/150 154/157/153 155/155/151
f 154/157/153 156/165/161 157/158/154
f 152/156/152 155/155/151 149/151/147
f 155/155/151 157/158/154 151/153/149
f 159/160/156 160/164/160 161/161/157
f 162/163/159 163/166/162 160/164/160
f 160/164/160 157/158/154 156/165/161
f 163/166/162 151/153/149 157/158/154
f 164/167/163 138/142/138 141/141/137
f 165/168/164 141/141/137 136/145/141
f 162/163/159 164/167/163 165/168/164
f 163/166/162 165/168/164 150/152/148
f 153/154/150 166/170/166 167/169/165
f 166/170/166 168/179/175 169/171/167
f 154/157/153 167/169/165 170/172/168
f 167/169/165 169/171/167 171/173/169
f 173/174/170 174/177/173 175/175/171
f 174/177/173 176/185/181 177/178/174
f 172/176/172 175/175/171 169/171/167
f 175/175/171 177/178/174 171/173/169
f 179/180/176 180/184/180 181/181/177
f 182/183/179 183/186/182 180/184/180
f 180/184/180 177/178/174 176/185/181
f 183/186/182 171/173/169 177/178/174
f 184/187/183 158/162/158 161/161/157
f 185/188/184 161/161/157 156/165/161
f 182/183/179 184/187/183 185/188/184
f 183/186/182 185/188/184 170/172/168
f 173/174/170 186/190/186 187/189/185
f 186/190/186 188/197/193 189/191/187
f 174/177/173 187/189/185 190/192/188
f 187/189/185 189/191/187 191/193/189
f 1/1/1 4/3/3 193/194/190
f 4/3/3 8/7/7 194/196/192
f 192/195/191 193/194/190 189/191/187
f 193/194/190 194/196/192 191/193/189
f 195/198/194 196/201/197 24/23/23
f 197/200/196 198/202/198 196/201/197
f 196/201/197 194/196/192 8/7/7
f 198/202/198 191/193/189 194/196/192
f 199/203/199 178/182/178 181/181/177
f 200/204/200 181/181/177 176/185/181
f 197/200/196 199/203/199 200/204/200
f 198/202/198 200/204/200 190/192/188
f 16/17/17 201/206/202 202/205/201
f 201/206/202 203/215/211 204/207/203
f 17/15/15 202/205/201 205/208/204
f 202/205/201 204/207/203 206/209/205
f 207/210/206 208/236/232 209/211/207
f 210/212/208 209/211/207 211/213/209
f 203/215/211 207/210/206 210/212/208
f 204/207/203 210/212/208 212/214/210
f 214/216/212 215/220/216 216/217/213
f 217/219/215 218/221/217 215/220/216
f 215/220/216 212/214/210 211/213/209
f 218/221/217 206/209/205 212/214/210
f 23/199/195 22/22/22 220/222/218
f 22/22/22 20/18/18 205/208/204
f 219/223/219 220/222/218 218/221/217
f 220/222/218 205/208/204 206/209/205
f 38/38/38 221/225/221 222/224/220
f 221/225/221 223/234/230 224/226/222
f 39/36/36 222/224/220 225/227/223
f 222/224/220 224/226/222 226/228/224
f 227/229/225 228/252/248 229/230/226
f 230/231/227 229/230/226 231/232/228
f 223/234/230 227/229/225 230/231/227
f 224/226/222 230/231/227 232/233/229
f 207/210/206 233/237/233 234/235/231
f 203/215/211 235/238/234 233/237/233
f 233/237/233 232/233/229 231/232/228
f 235/238/234 226/228/224 232/233/229
f 16/17/17 44/43/43 236/239/235
f 44/43/43 42/39/39 225/227/223
f 201/206/202 236/239/235 235/238/234
f 236/239/235 225/227/223 226/228/224
f 58/58/58 237/241/237 238/240/236
f 237/241/237 239/250/246 240/242/238
f 59/56/56 238/240/236 241/243/239
f 238/240/236 240/242/238 242/244/240
f 243/245/241 244/405/264 245/246/242
f 246/247/243 245/246/242 247/248/244
f 239/250/246 243/245/241 246/247/243
f 240/242/238 246/247/243 248/249/245
f 227/229/225 249/253/249 250/251/247
f 223/234/230 251/254/250 249/253/249
f 249/253/249 248/249/245 247/248/244
f 251/254/250 242/244/240 248/249/245
f 38/38/38 64/63/63 252/255/251
f 64/63/63 62/59/59 241/243/239
f 221/225/221 252/255/251 251/254/250
f 252/255/251 241/243/239 242/244/240
f 78/81/78 253/257/253 254/256/252
f 253/257/253 255/266/262 256/258/254
f 79/79/76 254/256/252 257/259/255
f 254/256/252 256/258/254 258/260/256
f 259/261/257 260/288/280 261/262/258
f 262/263/259 261/262/258 263/264/260
f 255/266/262 259/261/257 262/263/259
f 256/258/254 262/263/259 264/265/261
f 243/267/241 265/271/265 266/268/263
f 239/270/246 267/272/266 265/271/265
f 265/271/265 264/265/261 263/264/260
f 267/272/266 258/260/256 264/265/261
f 58/273/58 84/86/83 268/274/267
f 84/86/83 82/82/79 257/259/255
f 237/275/237 268/274/267 267/272/266
f 268/274/267 257/259/255 258/260/256
f 98/102/98 269/277/269 270/276/268
f 269/277/269 271/286/278 272/278/270
f 99/100/96 270/276/268 273/279/271
f 270/276/268 272/278/270 274/280/272
f 275/281/273 276/304/296 277/282/274
f 278/283/275 277/282/274 279/284/276
f 271/286/278 275/281/273 278/283/275
f 272/278/270 278/283/275 280/285/277
f 259/261/257 281/289/281 282/287/279
f 255/266/262 283/290/282 281/289/281
f 281/289/281 280/285/277 279/284/276
f 283/290/282 274/280/272 280/285/277
f 78/81/78 104/107/103 284/291/283
f 104/107/103 102/103/99 273/279/271
f 253/257/253 284/291/283 283/290/282
f 284/291/283 273/279/271 274/280/272
f 118/122/118 285/293/285 286/292/284
f 285/293/285 287/302/294 288/294/286
f 119/120/116 286/292/284 289/295/287
f 286/292/284 288/294/286 290/296/288
f 291/297/289 292/320/312 293/298/290
f 294/299/291 293/298/290 295/300/292
f 287/302/294 291/297/289 294/299/291
f 288/294/286 294/299/291 296/301/293
f 275/281/273 297/305/297 298/303/295
f 271/286/278 299/306/298 297/305/297
f 297/305/297 296/301/293 295/300/292
f 299/306/298 290/296/288 296/301/293
f 98/102/98 124/127/123 300/307/299
f 124/127/123 122/123/119 289/295/287
f 269/277/269 300/307/299 299/306/298
f 300/307/299 289/295/287 290/296/288
f 138/142/138 301/309/301 302/308/300
f 301/309/301 303/318/310 304/310/302
f 139/140/136 302/308/300 305/311/303
f 302/308/300 304/310/302 306/312/304
f 307/313/305 308/336/328 309/314/306
f 310/315/307 309/314/306 311/316/308
f 303/318/310 307/313/305 310/315/307
f 304/310/302 310/315/307 312/317/309
f 291/297/289 313/321/313 314/319/311
f 287/302/294 315/322/314 313/321/313
f 313/321/313 312/317/309 311/316/308
f 315/322/314 306/312/304 312/317/309
f 118/122/118 144/147/143 316/323/315
f 144/147/143 142/143/139 305/311/303
f 285/293/285 316/323/315 315/322/314
f 316/323/315 305/311/303 306/312/304
f 158/162/158 317/325/317 318/324/316
f 317/325/317 319/334/326 320/326/318
f 159/160/156 318/324/316 321/327/319
f 318/324/316 320/326/318 322/328/320
f 323/329/321 324/352/344 325/330/322
f 326/331/323 325/330/322 327/332/324
f 319/334/326 323/329/321 326/331/323
f 320/326/318 326/331/323 328/333/325
f 307/313/305 329/337/329 330/335/327
f 303/318/310 331/338/330 329/337/329
f 329/337/329 328/333/325 327/332/324
f 331/338/330 322/328/320 328/333/325
f 138/142/138 164/167/163 332/339/331
f 164/167/163 162/163/159 321/327/319
f 301/309/301 332/339/331 331/338/330
f 332/339/331 321/327/319 322/328/320
f 178/182/178 333/341/333 334/340/332
f 333/341/333 335/350/342 336/342/334
f 179/180/176 334/340/332 337/343/335
f 334/340/332 336/342/334 338/344/336
f 339/345/337 340/365/357 341/346/338
f 342/347/339 341/346/338 343/348/340
f 335/350/342 339/345/337 342/347/339
f 336/342/334 342/347/339 344/349/341
f 323/329/321 345/353/345 346/351/343
f 319/334/326 347/354/346 345/353/345
f 345/353/345 344/349/341 343/348/340
f 347/354/346 338/344/336 344/349/341
f 158/162/158 184/187/183 348/355/347
f 184/187/183 182/183/179 337/343/335
f 317/325/317 348/355/347 347/354/346
f 348/355/347 337/343/335 338/344/336
f 23/199/195 219/223/219 349/356/348
f 219/223/219 217/219/215 350/357/349
f 195/198/194 349/356/348 351/358/350
f 349/356/348 350/357/349 352/359/351
f 214/216/212 213/218/214 353/360/352
f 354/361/353 353/360/352 355/362/354
f 217/219/215 214/216/212 354/361/353
f 350/357/349 354/361/353 356/363/355
f 339/345/337 357/366/358 358/364/356
f 335/350/342 359/367/359 357/366/358
f 357/366/358 356/363/355 355/362/354
f 359/367/359 352/359/351 356/363/355
f 178/182/178 199/203/199 360/368/360
f 199/203/199 197/200/196 351/358/350
f 333/341/333 360/368/360 359/367/359
f 360/368/360 351/358/350 352/359/351
f 208/236/232 361/370/362 362/369/361
f 361/370/362 363/379/371 364/371/363
f 209/211/207 362/369/361 365/372/364
f 362/369/361 364/371/363 366/373/365
f 368/374/366 369/377/369 370/375/367
f 369/377/369 371/385/377 372/378/370
f 367/376/368 370/375/367 364/371/363
f 370/375/367 372/378/370 366/373/365
f 373/380/372 374/383/375 375/381/373
f 374/383/375 377/388/380 378/384/376
f 376/382/374 375/381/373 372/378/370
f 375/381/373 378/384/376 366/373/365
f 213/218/214 216/217/213 380/386/378
f 216/217/213 211/213/209 365/372/364
f 379/387/379 380/386/378 378/384/376
f 380/386/378 365/372/364 366/373/365
f 228/252/248 381/390/382 382/389/381
f 381/390/382 383/399/391 384/391/383
f 229/230/226 382/389/381 385/392/384
f 382/389/381 384/391/383 386/393/385
f 388/394/386 389/397/389 390/395/387
f 389/397/389 391/403/395 392/398/390
f 387/396/388 390/395/387 384/391/383
f 390/395/387 392/398/390 386/393/385
f 368/374/366 367/376/368 393/400/392
f 367/376/368 363/379/371 395/402/394
f 394/401/393 393/400/392 392/398/390
f 393/400/392 395/402/394 386/393/385
f 208/236/232 234/235/231 396/404/396
f 234/235/231 231/232/228 385/392/384
f 361/370/362 396/404/396 395/402/394
f 396/404/396 385/392/384 386/393/385
f 244/405/264 397/407/398 398/406/397
f 397/407/398 399/416/407 400/408/399
f 245/246/242 398/406/397 401/409/400
f 398/406/397 400/408/399 402/410/401
f 404/411/402 405/414/405 406/412/403
f 405/414/405 407/420/411 408/415/406
f 403/413/404 406/412/403 400/408/399
f 406/412/403 408/415/406 402/410/401
f 388/394/386 387/396/388 409/417/408
f 387/396/388 383/399/391 411/419/410
f 410/418/409 409/417/408 408/415/406
f 409/417/408 411/419/410 402/410/401
f 228/252/248 250/251/247 412/421/412
f 250/251/247 247/248/244 401/409/400
f 381/390/382 412/421/412 411/419/410
f 412/421/412 401/409/400 402/410/401
f 260/288/280 413/423/414 414/422/413
f 413/423/414 415/432/423 416/424/415
f 261/262/258 414/422/413 417/425/416
f 414/422/413 416/424/415 418/426/417
f 420/427/418 421/430/421 422/428/419
f 421/430/421 423/438/427 424/431/422
f 419/429/420 422/428/419 416/424/415
f 422/428/419 424/431/422 418/426/417
f 404/433/402 403/436/404 425/434/424
f 403/436/404 399/441/407 427/437/426
f 426/435/425 425/434/424 424/431/422
f 425/434/424 427/437/426 418/426/417
f 244/269/264 266/268/263 428/439/428
f 266/268/263 263/264/260 417/425/416
f 397/440/398 428/439/428 427/437/426
f 428/439/428 417/425/416 418/426/417
f 276/304/296 429/443/430 430/442/429
f 429/443/430 431/452/439 432/444/431
f 277/282/274 430/442/429 433/445/432
f 430/442/429 432/444/431 434/446/433
f 436/447/434 437/450/437 438/448/435
f 437/450/437 439/456/443 440/451/438
f 435/449/436 438/448/435 432/444/431
f 438/448/435 440/451/438 434/446/433
f 420/427/418 419/429/420 441/453/440
f 419/429/420 415/432/423 443/455/442
f 442/454/441 441/453/440 440/451/438
f 441/453/440 443/455/442 434/446/433
f 260/288/280 282/287/279 444/457/444
f 282/287/279 279/284/276 433/445/432
f 413/423/414 444/457/444 443/455/442
f 444/457/444 433/445/432 434/446/433
f 292/320/312 445/459/446 446/458/445
f 445/459/446 447/468/455 448/460/447
f 293/298/290 446/458/445 449/461/448
f 446/458/445 448/460/447 450/462/449
f 452/463/450 453/466/453 454/464/451
f 453/466/453 455/472/459 456/467/454
f 451/465/452 454/464/451 448/460/447
f 454/464/451 456/467/454 450/462/449
f 436/447/434 435/449/436 457/469/456
f 435/449/436 431/452/439 459/471/458
f 458/470/457 457/469/456 456/467/454
f 457/469/456 459/471/458 450/462/449
f 276/304/296 298/303/295 460/473/460
f 298/303/295 295/300/292 449/461/448
f 429/443/430 460/473/460 459/471/458
f 460/473/460 449/461/448 450/462/449
f 308/336/328 461/475/462 462/474/461
f 461/475/462 463/484/471 464/476/463
f 309/314/306 462/474/461 465/477/464
f 462/474/461 464/476/463 466/478/465
f 468/479/466 469/482/469 470/480/467
f 469/482/469 471/488/475 472/483/470
f 467/481/468 470/480/467 464/476/463
f 470/480/467 472/483/470 466/478/465
f 452/463/450 451/465/452 473/485/472
f 451/465/452 447/468/455 475/487/474
f 474/486/473 473/485/472 472/483/470
f 473/485/472 475/487/474 466/478/465
f 292/320/312 314/319/311 476/489/476
f 314/319/311 311/316/308 465/477/464
f 445/459/446 476/489/476 475/487/474
f 476/489/476 465/477/464 466/478/465
f 324/352/344 477/491/478 478/490/477
f 477/491/478 479/500/487 480/492/479
f 325/330/322 478/490/477 481/493/480
f 478/490/477 480/492/479 482/494/481
f 484/495/482 485/498/485 486/496/483
f 485/498/485 487/504/491 488/499/486
f 483/497/484 486/496/483 480/492/479
f 486/496/483 488/499/486 482/494/481
f 468/479/466 467/481/468 489/501/488
f 467/481/468 463/484/471 491/503/490
f 490/502/489 489/501/488 488/499/486
f 489/501/488 491/503/490 482/494/481
f 308/336/328 330/335/327 492/505/492
f 330/335/327 327/332/324 481/493/480
f 461/475/462 492/505/492 491/503/490
f 492/505/492 481/493/480 482/494/481
f 340/365/357 493/507/494 494/506/493
f 493/507/494 495/516/503 496/508/495
f 341/346/338 494/506/493 497/509/496
f 494/506/493 496/508/495 498/510/497
f 500/511/498 501/514/501 502/512/499
f 501/514/501 503/520/507 504/515/502
f 499/513/500 502/512/499 496/508/495
f 502/512/499 504/515/502 498/510/497
f 484/495/482 483/497/484 505/517/504
f 483/497/484 479/500/487 507/519/506
f 506/518/505 505/517/504 504/515/502
f 505/517/504 507/519/506 498/510/497
f 324/352/344 346/351/343 508/521/508
f 346/351/343 343/348/340 497/509/496
f 477/491/478 508/521/508 507/519/506
f 508/521/508 497/509/496 498/510/497
f 213/218/214 379/387/379 509/522/509
f 379/387/379 377/388/380 510/523/510
f 353/360/352 509/522/509 511/524/511
f 509/522/509 510/523/510 512/525/512
f 373/380/372 513/527/514 514/526/513
f 513/527/514 515/532/519 516/528/515
f 374/383/375 514/526/513 510/523/510
f 514/526/513 516/528/515 512/525/512
f 500/511/498 499/513/500 517/529/516
f 499/513/500 495/516/503 519/531/518
f 518/530/517 517/529/516 516/528/515
f 517/529/516 519/531/518 512/525/512
f 340/365/357 358/364/356 520/533/520
f 358/364/356 355/362/354 511/524/511
f 493/507/494 520/533/520 519/531/518
f 520/533/520 511/524/511 512/525/512
f 521/534/521 522/536/523 369/377/369
f 523/535/522 524/537/524 522/536/523
f 522/536/523 525/538/525 371/385/377
f 524/537/524 526/544/531 525/538/525
f 528/539/526 529/542/529 530/540/527
f 529/542/529 531/550/537 532/543/530
f 527/541/528 530/540/527 524/537/524
f 530/540/527 532/543/530 526/544/531
f 533/545/532 534/548/535 535/546/533
f 534/548/535 537/553/540 538/549/536
f 536/547/534 535/546/533 532/543/530
f 535/546/533 538/549/536 526/544/531
f 539/551/538 373/380/372 376/382/374
f 540/552/539 376/382/374 371/385/377
f 537/553/540 539/551/538 540/552/539
f 538/549/536 540/552/539 525/538/525
f 541/554/541 542/556/543 389/397/389
f 543/555/542 544/557/544 542/556/543
f 542/556/543 545/558/545 391/403/395
f 544/557/544 546/564/551 545/558/545
f 548/559/546 549/562/549 550/560/547
f 549/562/549 551/568/555 552/563/550
f 547/561/548 550/560/547 544/557/544
f 550/560/547 552/563/550 546/564/551
f 528/539/526 527/541/528 553/565/552
f 527/541/528 523/535/522 555/567/554
f 554/566/553 553/565/552 552/563/550
f 553/565/552 555/567/554 546/564/551
f 521/534/521 368/374/366 394/401/393
f 556/569/556 394/401/393 391/403/395
f 523/535/522 521/534/521 556/569/556
f 555/567/554 556/569/556 545/558/545
f 557/570/557 558/572/559 405/414/405
f 559/571/558 560/573/560 558/572/559
f 558/572/559 561/574/561 407/420/411
f 560/573/560 562/580/567 561/574/561
f 564/575/562 565/578/565 566/576/563
f 565/578/565 567/584/571 568/579/566
f 563/577/564 566/576/563 560/573/560
f 566/576/563 568/579/566 562/580/567
f 548/559/546 547/561/548 569/581/568
f 547/561/548 543/555/542 571/583/570
f 570/582/569 569/581/568 568/579/566
f 569/581/568 571/583/570 562/580/567
f 541/554/541 388/394/386 410/418/409
f 572/585/572 410/418/409 407/420/411
f 543/555/542 541/554/541 572/585/572
f 571/583/570 572/585/572 561/574/561
f 573/586/573 574/588/575 421/430/421
f 575/587/574 576/589/576 574/588/575
f 574/588/575 577/590/577 423/438/427
f 576/589/576 578/596/583 577/590/577
f 580/591/578 581/594/581 582/592/579
f 581/594/581 583/602/587 584/595/582
f 579/593/580 582/592/579 576/589/576
f 582/592/579 584/595/582 578/596/583
f 564/597/562 563/600/564 585/598/584
f 563/600/564 559/605/558 587/601/586
f 586/599/585 585/598/584 584/595/582
f 585/598/584 587/601/586 578/596/583
f 557/603/557 404/433/402 426/435/425
f 588/604/588 426/435/425 423/438/427
f 559/605/558 557/603/557 588/604/588
f 587/601/586 588/604/588 577/590/577
f 589/606/589 590/608/591 437/450/437
f 591/607/590 592/609/592 590/608/591
f 590/608/591 593/610/593 439/456/443
f 592/609/592 594/616/599 593/610/593
f 596/611/594 597/614/597 598/612/595
f 597/614/597 599/620/603 600/615/598
f 595/613/596 598/612/595 592/609/592
f 598/612/595 600/615/598 594/616/599
f 580/591/578 579/593/580 601/617/600
f 579/593/580 575/587/574 603/619/602
f 602/618/601 601/617/600 600/615/598
f 601/617/600 603/619/602 594/616/599
f 573/586/573 420/427/418 442/454/441
f 604/621/604 442/454/441 439/456/443
f 575/587/574 573/586/573 604/621/604
f 603/619/602 604/621/604 593/610/593
f 605/622/605 606/624/607 453/466/453
f 607/623/606 608/625/608 606/624/607
f 606/624/607 609/626/609 455/472/459
f 608/625/608 610/632/615 609/626/609
f 612/627/610 613/630/613 614/628/611
f 613/630/613 615/636/619 616/631/614
f 611/629/612 614/628/611 608/625/608
f 614/628/611 616/631/614 610/632/615
f 596/611/594 595/613/596 617/633/616
f 595/613/596 591/607/590 619/635/618
f 618/634/617 617/633/616 616/631/614
f 617/633/616 619/635/618 610/632/615
f 589/606/589 436/447/434 458/470/457
f 620/637/620 458/470/457 455/472/459
f 591/607/590 589/606/589 620/637/620
f 619/635/618 620/637/620 609/626/609
f 621/638/621 622/640/623 469/482/469
f 623/639/622 624/641/624 622/640/623
f 622/640/623 625/642/625 471/488/475
f 624/641/624 626/648/631 625/642/625
f 628/643/626 629/646/629 630/644/627
f 629/646/629 631/652/635 632/647/630
f 627/645/628 630/644/627 624/641/624
f 630/644/627 632/647/630 626/648/631
f 612/627/610 611/629/612 633/649/632
f 611/629/612 607/623/606 635/651/634
f 634/650/633 633/649/632 632/647/630
f 633/649/632 635/651/634 626/648/631
f 605/622/605 452/463/450 474/486/473
f 636/653/636 474/486/473 471/488/475
f 607/623/606 605/622/605 636/653/636
f 635/651/634 636/653/636 625/642/625
f 637/654/637 638/656/639 485/498/485
f 639/655/638 640/657/640 638/656/639
f 638/656/639 641/658/641 487/504/491
f 640/657/640 642/664/647 641/658/641
f 644/659/642 645/662/645 646/660/643
f 645/662/645 647/668/651 648/663/646
f 643/661/644 646/660/643 640/657/640
f 646/660/643 648/663/646 642/664/647
f 628/643/626 627/645/628 649/665/648
f 627/645/628 623/639/622 651/667/650
f 650/666/649 649/665/648 648/663/646
f 649/665/648 651/667/650 642/664/647
f 621/638/621 468/479/466 490/502/489
f 652/669/652 490/502/489 487/504/491
f 623/639/622 621/638/621 652/669/652
f 651/667/650 652/669/652 641/658/641
f 653/670/653 654/672/655 501/514/501
f 655/671/654 656/673/656 654/672/655
f 654/672/655 657/674/657 503/520/507
f 656/673/656 658/680/663 657/674/657
f 660/675/658 661/678/661 662/676/659
f 661/678/661 663/684/667 664/679/662
f 659/677/660 662/676/659 656/673/656
f 662/676/659 664/679/662 658/680/663
f 644/659/642 643/661/644 665/681/664
f 643/661/644 639/655/638 667/683/666
f 666/682/665 665/681/664 664/679/662
f 665/681/664 667/683/666 658/680/663
f 637/654/637 484/495/482 506/518/505
f 668/685/668 506/518/505 503/520/507
f 639/655/638 637/654/637 668/685/668
f 667/683/666 668/685/668 657/674/657
f 539/551/538 669/686/669 513/527/514
f 537/553/540 670/687/670 669/686/669
f 669/686/669 671/688/671 515/532/519
f 670/687/670 672/692/675 671/688/671
f 533/545/532 673/690/673 674/689/672
f 673/690/673 675/696/679 676/691/674
f 534/548/535 674/689/672 670/687/670
f 674/689/672 676/691/674 672/692/675
f 660/675/658 659/677/660 677/693/676
f 659/677/660 655/671/654 679/695/678
f 678/694/677 677/693/676 676/691/674
f 677/693/676 679/695/678 672/692/675
f 653/670/653 500/511/498 518/530/517
f 680/697/680 518/530/517 515/532/519
f 655/671/654 653/670/653 680/697/680
f 679/695/678 680/697/680 671/688/671
f 682/698/681 683/702/685 684/699/682
f 685/701/684 686/704/687 683/702/685
f 683/702/685 687/705/688 688/703/686
f 686/704/687 689/711/694 687/705/688
f 691/706/689 692/709/692 693/707/690
f 692/709/692 694/717/700 695/710/693
f 690/708/691 693/707/690 686/704/687
f 693/707/690 695/710/693 689/711/694
f 696/712/695 697/715/698 698/713/696
f 697/715/698 700/721/704 701/716/699
f 699/714/697 698/713/696 695/710/693
f 698/713/696 701/716/699 689/711/694
f 702/718/701 703/887/866 704/719/702
f 705/720/703 704/719/702 688/703/686
f 700/721/704 702/718/701 705/720/703
f 701/716/699 705/720/703 687/705/688
f 707/722/705 708/726/709 709/723/706
f 710/725/708 711/728/711 708/726/709
f 708/726/709 712/729/712 713/727/710
f 711/728/711 714/735/718 712/729/712
f 716/730/713 717/733/716 718/731/714
f 717/733/716 719/739/722 720/734/717
f 715/732/715 718/731/714 711/728/711
f 718/731/714 720/734/717 714/735/718
f 691/706/689 690/708/691 721/736/719
f 690/708/691 685/701/684 723/738/721
f 722/737/720 721/736/719 720/734/717
f 721/736/719 723/738/721 714/735/718
f 682/698/681 681/700/683 724/740/723
f 725/741/724 724/740/723 713/727/710
f 685/701/684 682/698/681 725/741/724
f 723/738/721 725/741/724 712/729/712
f 727/742/725 728/746/729 729/743/726
f 730/745/728 731/748/731 728/746/729
f 728/746/729 732/749/732 733/747/730
f 731/748/731 734/755/738 732/749/732
f 736/750/733 737/753/736 738/751/734
f 737/753/736 739/759/742 740/754/737
f 735/752/735 738/751/734 731/748/731
f 738/751/734 740/754/737 734/755/738
f 716/730/713 715/732/715 741/756/739
f 715/732/715 710/725/708 743/758/741
f 742/757/740 741/756/739 740/754/737
f 741/756/739 743/758/741 734/755/738
f 707/722/705 706/724/707 744/760/743
f 745/761/744 744/760/743 733/747/730
f 710/725/708 707/722/705 745/761/744
f 743/758/741 745/761/744 732/749/732
f 747/762/745 748/766/749 749/763/746
f 750/765/748 751/768/751 748/766/749
f 748/766/749 752/769/752 753/767/750
f 751/768/751 754/775/758 752/769/752
f 756/770/753 757/773/756 758/771/754
f 757/773/756 759/781/762 760/774/757
f 755/772/755 758/771/754 751/768/751
f 758/771/754 760/774/757 754/775/758
f 736/776/733 735/779/735 761/777/759
f 735/779/735 730/785/728 763/780/761
f 762/778/760 761/777/759 760/774/757
f 761/777/759 763/780/761 754/775/758
f 727/782/725 726/1154/727 764/783/763
f 765/784/764 764/783/763 753/767/750
f 730/785/728 727/782/725 765/784/764
f 763/780/761 765/784/764 752/769/752
f 767/786/765 768/790/769 769/787/766
f 770/789/768 771/792/771 768/790/769
f 768/790/769 772/793/772 773/791/770
f 771/792/771 774/799/778 772/793/772
f 776/794/773 777/797/776 778/795/774
f 777/797/776 779/803/782 780/798/777
f 775/796/775 778/795/774 771/792/771
f 778/795/774 780/798/777 774/799/778
f 756/770/753 755/772/755 781/800/779
f 755/772/755 750/765/748 783/802/781
f 782/801/780 781/800/779 780/798/777
f 781/800/779 783/802/781 774/799/778
f 747/762/745 746/764/747 784/804/783
f 785/805/784 784/804/783 773/791/770
f 750/765/748 747/762/745 785/805/784
f 783/802/781 785/805/784 772/793/772
f 787/806/785 788/810/789 789/807/786
f 790/809/788 791/812/791 788/810/789
f 788/810/789 792/813/792 793/811/790
f 791/812/791 794/819/798 792/813/792
f 796/814/793 797/817/796 798/815/794
f 797/817/796 799/823/802 800/818/797
f 795/816/795 798/815/794 791/812/791
f 798/815/794 800/818/797 794/819/798
f 776/794/773 775/796/775 801/820/799
f 775/796/775 770/789/768 803/822/801
f 802/821/800 801/820/799 800/818/797
f 801/820/799 803/822/801 794/819/798
f 767/786/765 766/788/767 804/824/803
f 805/825/804 804/824/803 793/811/790
f 770/789/768 767/786/765 805/825/804
f 803/822/801 805/825/804 792/813/792
f 807/826/805 808/830/809 809/827/806
f 810/829/808 811/832/811 808/830/809
f 808/830/809 812/833/812 813/831/810
f 811/832/811 814/839/818 812/833/812
f 816/834/813 817/837/816 818/835/814
f 817/837/816 819/843/822 820/838/817
f 815/836/815 818/835/814 811/832/811
f 818/835/814 820/838/817 814/839/818
f 796/814/793 795/816/795 821/840/819
f 795/816/795 790/809/788 823/842/821
f 822/841/820 821/840/819 820/838/817
f 821/840/819 823/842/821 814/839/818
f 787/806/785 786/808/787 824/844/823
f 825/845/824 824/844/823 813/831/810
f 790/809/788 787/806/785 825/845/824
f 823/842/821 825/845/824 812/833/812
f 827/846/825 828/850/829 829/847/826
f 830/849/828 831/852/831 828/850/829
f 828/850/829 832/853/832 833/851/830
f 831/852/831 834/859/838 832/853/832
f 836/854/833 837/857/836 838/855/834
f 837/857/836 839/863/842 840/858/837
f 835/856/835 838/855/834 831/852/831
f 838/855/834 840/858/837 834/859/838
f 816/834/813 815/836/815 841/860/839
f 815/836/815 810/829/808 843/862/841
f 842/861/840 841/860/839 840/858/837
f 841/860/839 843/862/841 834/859/838
f 807/826/805 806/828/807 844/864/843
f 845/865/844 844/864/843 833/851/830
f 810/829/808 807/826/805 845/865/844
f 843/862/841 845/865/844 832/853/832
f 847/866/845 848/870/849 849/867/846
f 850/869/848 851/872/851 848/870/849
f 848/870/849 852/873/852 853/871/850
f 851/872/851 854/879/858 852/873/852
f 856/874/853 857/877/856 858/875/854
f 857/877/856 859/883/862 860/878/857
f 855/876/855 858/875/854 851/872/851
f 858/875/854 860/878/857 854/879/858
f 836/854/833 835/856/835 861/880/859
f 835/856/835 830/849/828 863/882/861
f 862/881/860 861/880/859 860/878/857
f 861/880/859 863/882/861 854/879/858
f 827/846/825 826/848/827 864/884/863
f 865/885/864 864/884/863 853/871/850
f 830/849/828 827/846/825 865/885/864
f 863/882/861 865/885/864 852/873/852
f 702/718/701 866/888/867 867/886/865
f 700/721/704 868/890/869 866/888/867
f 866/888/867 869/891/870 870/889/868
f 868/890/869 871/895/874 869/891/870
f 696/712/695 872/893/872 873/892/871
f 872/893/872 874/899/878 875/894/873
f 697/715/698 873/892/871 868/890/869
f 873/892/871 875/894/873 871/895/874
f 856/874/853 855/876/855 876/896/875
f 855/876/855 850/869/848 878/898/877
f 877/897/876 876/896/875 875/894/873
f 876/896/875 878/898/877 871/895/874
f 847/866/845 846/868/847 879/900/879
f 880/901/880 879/900/879 870/889/868
f 850/869/848 847/866/845 880/901/880
f 878/898/877 880/901/880 869/891/870
f 881/902/881 882/905/884 883/903/882
f 882/905/884 885/915/894 886/906/885
f 884/904/883 883/903/882 887/907/886
f 883/903/882 886/906/885 889/909/888
f 890/910/889 891/941/920 892/911/890
f 893/912/891 892/911/890 894/913/892
f 885/915/894 890/910/889 893/912/891
f 886/906/885 893/912/891 895/914/893
f 897/916/895 898/920/899 899/917/896
f 900/919/898 901/921/900 898/920/899
f 898/920/899 895/914/893 894/913/892
f 901/921/900 889/909/888 895/914/893
f 903/922/901 904/925/904 905/923/902
f 904/925/904 888/908/887 887/907/886
f 902/924/903 905/923/902 901/921/900
f 905/923/902 887/907/886 889/909/888
f 906/926/905 907/929/908 908/927/906
f 907/929/908 910/939/918 911/930/909
f 909/928/907 908/927/906 912/931/910
f 908/927/906 911/930/909 914/933/912
f 915/934/913 916/961/940 917/935/914
f 918/936/915 917/935/914 919/937/916
f 910/939/918 915/934/913 918/936/915
f 911/930/909 918/936/915 920/938/917
f 890/910/889 921/942/921 922/940/919
f 885/915/894 923/943/922 921/942/921
f 921/942/921 920/938/917 919/937/916
f 923/943/922 914/933/912 920/938/917
f 881/902/881 924/945/924 925/944/923
f 924/945/924 913/932/911 912/931/910
f 882/905/884 925/944/923 923/943/922
f 925/944/923 912/931/910 914/933/912
f 926/946/925 927/949/928 928/947/926
f 927/949/928 930/959/938 931/950/929
f 929/948/927 928/947/926 932/951/930
f 928/947/926 931/950/929 934/953/932
f 935/954/933 936/2093/960 937/955/934
f 938/956/935 937/955/934 939/957/936
f 930/959/938 935/954/933 938/956/935
f 931/950/929 938/956/935 940/958/937
f 915/934/913 941/962/941 942/960/939
f 910/939/918 943/963/942 941/962/941
f 941/962/941 940/958/937 939/957/936
f 943/963/942 934/953/932 940/958/937
f 906/926/905 944/965/944 945/964/943
f 944/965/944 933/952/931 932/951/930
f 907/929/908 945/964/943 943/963/942
f 945/964/943 932/951/930 934/953/932
f 946/966/945 947/969/948 948/967/946
f 947/969/948 950/979/958 951/970/949
f 949/968/947 948/967/946 952/971/950
f 948/967/946 951/970/949 954/973/952
f 955/974/953 956/1005/980 957/975/954
f 958/976/955 957/975/954 959/977/956
f 950/979/958 955/974/953 958/976/955
f 951/970/949 958/976/955 960/978/957
f 935/980/933 961/984/961 962/981/959
f 930/983/938 963/985/962 961/984/961
f 961/984/961 960/978/957 959/977/956
f 963/985/962 954/973/952 960/978/957
f 926/986/925 964/989/964 965/987/963
f 964/989/964 953/972/951 952/971/950
f 927/988/928 965/987/963 963/985/962
f 965/987/963 952/971/950 954/973/952
f 966/990/965 967/993/968 968/991/966
f 967/993/968 970/1003/978 971/994/969
f 969/992/967 968/991/966 972/995/970
f 968/991/966 971/994/969 974/997/972
f 975/998/973 976/1025/1000 977/999/974
f 978/1000/975 977/999/974 979/1001/976
f 970/1003/978 975/998/973 978/1000/975
f 971/994/969 978/1000/975 980/1002/977
f 955/974/953 981/1006/981 982/1004/979
f 950/979/958 983/1007/982 981/1006/981
f 981/1006/981 980/1002/977 979/1001/976
f 983/1007/982 974/997/972 980/1002/977
f 946/966/945 984/1009/984 985/1008/983
f 984/1009/984 973/996/971 972/995/970
f 947/969/948 985/1008/983 983/1007/982
f 985/1008/983 972/995/970 974/997/972
f 986/1010/985 987/1013/988 988/1011/986
f 987/1013/988 990/1023/998 991/1014/989
f 989/1012/987 988/1011/986 992/1015/990
f 988/1011/986 991/1014/989 994/1017/992
f 995/1018/993 996/1045/1020 997/1019/994
f 998/1020/995 997/1019/994 999/1021/996
f 990/1023/998 995/1018/993 998/1020/995
f 991/1014/989 998/1020/995 1000/1022/997
f 975/998/973 1001/1026/1001 1002/1024/999
f 970/1003/978 1003/1027/1002 1001/1026/1001
f 1001/1026/1001 1000/1022/997 999/1021/996
f 1003/1027/1002 994/1017/992 1000/1022/997
f 966/990/965 1004/1029/1004 1005/1028/1003
f 1004/1029/1004 993/1016/991 992/1015/990
f 967/993/968 1005/1028/1003 1003/1027/1002
f 1005/1028/1003 992/1015/990 994/1017/992
f 1006/1030/1005 1007/1033/1008 1008/1031/1006
f 1007/1033/1008 1010/1043/1018 1011/1034/1009
f 1009/1032/1007 1008/1031/1006 1012/1035/1010
f 1008/1031/1006 1011/1034/1009 1014/1037/1012
f 1015/1038/1013 1016/1065/1040 1017/1039/1014
f 1018/1040/1015 1017/1039/1014 1019/1041/1016
f 1010/1043/1018 1015/1038/1013 1018/1040/1015
f 1011/1034/1009 1018/1040/1015 1020/1042/1017
f 995/1018/993 1021/1046/1021 1022/1044/1019
f 990/1023/998 1023/1047/1022 1021/1046/1021
f 1021/1046/1021 1020/1042/1017 1019/1041/1016
f 1023/1047/1022 1014/1037/1012 1020/1042/1017
f 986/1010/985 1024/1049/1024 1025/1048/1023
f 1024/1049/1024 1013/1036/1011 1012/1035/1010
f 987/1013/988 1025/1048/1023 1023/1047/1022
f 1025/1048/1023 1012/1035/1010 1014/1037/1012
f 1026/1050/1025 1027/1053/1028 1028/1051/1026
f 1027/1053/1028 1030/1063/1038 1031/1054/1029
f 1029/1052/1027 1028/1051/1026 1032/1055/1030
f 1028/1051/1026 1031/1054/1029 1034/1057/1032
f 1035/1058/1033 1036/1085/1060 1037/1059/1034
f 1038/1060/1035 1037/1059/1034 1039/1061/1036
f 1030/1063/1038 1035/1058/1033 1038/1060/1035
f 1031/1054/1029 1038/1060/1035 1040/1062/1037
f 1015/1038/1013 1041/1066/1041 1042/1064/1039
f 1010/1043/1018 1043/1067/1042 1041/1066/1041
f 1041/1066/1041 1040/1062/1037 1039/1061/1036
f 1043/1067/1042 1034/1057/1032 1040/1062/1037
f 1006/1030/1005 1044/1069/1044 1045/1068/1043
f 1044/1069/1044 1033/1056/1031 1032/1055/1030
f 1007/1033/1008 1045/1068/1043 1043/1067/1042
f 1045/1068/1043 1032/1055/1030 1034/1057/1032
f 1046/1070/1045 1047/1073/1048 1048/1071/1046
f 1047/1073/1048 1050/1083/1058 1051/1074/1049
f 1049/1072/1047 1048/1071/1046 1052/1075/1050
f 1048/1071/1046 1051/1074/1049 1054/1077/1052
f 1055/1078/1053 1056/1101/1076 1057/1079/1054
f 1058/1080/1055 1057/1079/1054 1059/1081/1056
f 1050/1083/1058 1055/1078/1053 1058/1080/1055
f 1051/1074/1049 1058/1080/1055 1060/1082/1057
f 1035/1058/1033 1061/1086/1061 1062/1084/1059
f 1030/1063/1038 1063/1087/1062 1061/1086/1061
f 1061/1086/1061 1060/1082/1057 1059/1081/1056
f 1063/1087/1062 1054/1077/1052 1060/1082/1057
f 1026/1050/1025 1064/1089/1064 1065/1088/1063
f 1064/1089/1064 1053/1076/1051 1052/1075/1050
f 1027/1053/1028 1065/1088/1063 1063/1087/1062
f 1065/1088/1063 1052/1075/1050 1054/1077/1052
f 903/922/901 902/924/903 1066/1090/1065
f 902/924/903 900/919/898 1068/1092/1067
f 1067/1091/1066 1066/1090/1065 1069/1093/1068
f 1066/1090/1065 1068/1092/1067 1071/1095/1070
f 897/916/895 896/918/897 1072/1096/1071
f 1073/1097/1072 1072/1096/1071 1074/1098/1073
f 900/919/898 897/916/895 1073/1097/1072
f 1068/1092/1067 1073/1097/1072 1075/1099/1074
f 1055/1078/1053 1076/1102/1077 1077/1100/1075
f 1050/1083/1058 1078/1103/1078 1076/1102/1077
f 1076/1102/1077 1075/1099/1074 1074/1098/1073
f 1078/1103/1078 1071/1095/1070 1075/1099/1074
f 1046/1070/1045 1079/1105/1080 1080/1104/1079
f 1079/1105/1080 1070/1094/1069 1069/1093/1068
f 1047/1073/1048 1080/1104/1079 1078/1103/1078
f 1080/1104/1079 1069/1093/1068 1071/1095/1070
f 1081/1106/1081 1082/1108/1083 529/542/529
f 1083/1107/1082 1084/1109/1084 1082/1108/1083
f 1082/1108/1083 1085/1110/1085 531/550/537
f 1084/1109/1084 1086/1114/1089 1085/1110/1085
f 681/700/683 684/699/682 1088/1111/1086
f 684/699/682 688/703/686 1089/1113/1088
f 1087/1112/1087 1088/1111/1086 1084/1109/1084
f 1088/1111/1086 1089/1113/1088 1086/1114/1089
f 703/887/866 1090/1116/1091 1091/1115/1090
f 1090/1116/1091 1092/1120/1095 1093/1117/1092
f 704/719/702 1091/1115/1090 1089/1113/1088
f 1091/1115/1090 1093/1117/1092 1086/1114/1089
f 1094/1118/1093 533/545/532 536/547/534
f 1095/1119/1094 536/547/534 531/550/537
f 1092/1120/1095 1094/1118/1093 1095/1119/1094
f 1093/1117/1092 1095/1119/1094 1085/1110/1085
f 1096/1121/1096 1097/1123/1098 549/562/549
f 1098/1122/1097 1099/1124/1099 1097/1123/1098
f 1097/1123/1098 1100/1125/1100 551/568/555
f 1099/1124/1099 1101/1129/1104 1100/1125/1100
f 706/724/707 709/723/706 1103/1126/1101
f 709/723/706 713/727/710 1104/1128/1103
f 1102/1127/1102 1103/1126/1101 1099/1124/1099
f 1103/1126/1101 1104/1128/1103 1101/1129/1104
f 681/700/683 1087/1112/1087 1105/1130/1105
f 1087/1112/1087 1083/1107/1082 1106/1131/1106
f 724/740/723 1105/1130/1105 1104/1128/1103
f 1105/1130/1105 1106/1131/1106 1101/1129/1104
f 1081/1106/1081 528/539/526 554/566/553
f 1107/1132/1107 554/566/553 551/568/555
f 1083/1107/1082 1081/1106/1081 1107/1132/1107
f 1106/1131/1106 1107/1132/1107 1100/1125/1100
f 1108/1133/1108 1109/1135/1110 565/578/565
f 1110/1134/1109 1111/1136/1111 1109/1135/1110
f 1109/1135/1110 1112/1137/1112 567/584/571
f 1111/1136/1111 1113/1141/1116 1112/1137/1112
f 726/744/727 729/743/726 1115/1138/1113
f 729/743/726 733/747/730 1116/1140/1115
f 1114/1139/1114 1115/1138/1113 1111/1136/1111
f 1115/1138/1113 1116/1140/1115 1113/1141/1116
f 706/724/707 1102/1127/1102 1117/1142/1117
f 1102/1127/1102 1098/1122/1097 1118/1143/1118
f 744/760/743 1117/1142/1117 1116/1140/1115
f 1117/1142/1117 1118/1143/1118 1113/1141/1116
f 1096/1121/1096 548/559/546 570/582/569
f 1119/1144/1119 570/582/569 567/584/571
f 1098/1122/1097 1096/1121/1096 1119/1144/1119
f 1118/1143/1118 1119/1144/1119 1112/1137/1112
f 1120/1145/1120 1121/1147/1122 581/594/581
f 1122/1146/1121 1123/1148/1123 1121/1147/1122
f 1121/1147/1122 1124/1149/1124 583/602/587
f 1123/1148/1123 1125/1153/1128 1124/1149/1124
f 746/764/747 749/763/746 1127/1150/1125
f 749/763/746 753/767/750 1128/1152/1127
f 1126/1151/1126 1127/1150/1125 1123/1148/1123
f 1127/1150/1125 1128/1152/1127 1125/1153/1128
f 726/1154/727 1114/1156/1114 1129/1155/1129
f 1114/1156/1114 1110/1160/1109 1130/1157/1130
f 764/783/763 1129/1155/1129 1128/1152/1127
f 1129/1155/1129 1130/1157/1130 1125/1153/1128
f 1108/1158/1108 564/597/562 586/599/585
f 1131/1159/1131 586/599/585 583/602/587
f 1110/1160/1109 1108/1158/1108 1131/1159/1131
f 1130/1157/1130 1131/1159/1131 1124/1149/1124
f 1132/1161/1132 1133/1163/1134 597/614/597
f 1134/1162/1133 1135/1164/1135 1133/1163/1134
f 1133/1163/1134 1136/1165/1136 599/620/603
f 1135/1164/1135 1137/1169/1140 1136/1165/1136
f 766/788/767 769/787/766 1139/1166/1137
f 769/787/766 773/791/770 1140/1168/1139
f 1138/1167/1138 1139/1166/1137 1135/1164/1135
f 1139/1166/1137 1140/1168/1139 1137/1169/1140
f 746/764/747 1126/1151/1126 1141/1170/1141
f 1126/1151/1126 1122/1146/1121 1142/1171/1142
f 784/804/783 1141/1170/1141 1140/1168/1139
f 1141/1170/1141 1142/1171/1142 1137/1169/1140
f 1120/1145/1120 580/591/578 602/618/601
f 1143/1172/1143 602/618/601 599/620/603
f 1122/1146/1121 1120/1145/1120 1143/1172/1143
f 1142/1171/1142 1143/1172/1143 1136/1165/1136
f 1144/1173/1144 1145/1175/1146 613/630/613
f 1146/1174/1145 1147/1176/1147 1145/1175/1146
f 1145/1175/1146 1148/1177/1148 615/636/619
f 1147/1176/1147 1149/1181/1152 1148/1177/1148
f 786/808/787 789/807/786 1151/1178/1149
f 789/807/786 793/811/790 1152/1180/1151
f 1150/1179/1150 1151/1178/1149 1147/1176/1147
f 1151/1178/1149 1152/1180/1151 1149/1181/1152
f 766/788/767 1138/1167/1138 1153/1182/1153
f 1138/1167/1138 1134/1162/1133 1154/1183/1154
f 804/824/803 1153/1182/1153 1152/1180/1151
f 1153/1182/1153 1154/1183/1154 1149/1181/1152
f 1132/1161/1132 596/611/594 618/634/617
f 1155/1184/1155 618/634/617 615/636/619
f 1134/1162/1133 1132/1161/1132 1155/1184/1155
f 1154/1183/1154 1155/1184/1155 1148/1177/1148
f 1156/1185/1156 1157/1187/1158 629/646/629
f 1158/1186/1157 1159/1188/1159 1157/1187/1158
f 1157/1187/1158 1160/1189/1160 631/652/635
f 1159/1188/1159 1161/1193/1164 1160/1189/1160
f 806/828/807 809/827/806 1163/1190/1161
f 809/827/806 813/831/810 1164/1192/1163
f 1162/1191/1162 1163/1190/1161 1159/1188/1159
f 1163/1190/1161 1164/1192/1163 1161/1193/1164
f 786/808/787 1150/1179/1150 1165/1194/1165
f 1150/1179/1150 1146/1174/1145 1166/1195/1166
f 824/844/823 1165/1194/1165 1164/1192/1163
f 1165/1194/1165 1166/1195/1166 1161/1193/1164
f 1144/1173/1144 612/627/610 634/650/633
f 1167/1196/1167 634/650/633 631/652/635
f 1146/1174/1145 1144/1173/1144 1167/1196/1167
f 1166/1195/1166 1167/1196/1167 1160/1189/1160
f 1168/1197/1168 1169/1199/1170 645/662/645
f 1170/1198/1169 1171/1200/1171 1169/1199/1170
f 1169/1199/1170 1172/1201/1172 647/668/651
f 1171/1200/1171 1173/1205/1176 1172/1201/1172
f 826/848/827 829/847/826 1175/1202/1173
f 829/847/826 833/851/830 1176/1204/1175
f 1174/1203/1174 1175/1202/1173 1171/1200/1171
f 1175/1202/1173 1176/1204/1175 1173/1205/1176
f 806/828/807 1162/1191/1162 1177/1206/1177
f 1162/1191/1162 1158/1186/1157 1178/1207/1178
f 844/864/843 1177/1206/1177 1176/1204/1175
f 1177/1206/1177 1178/1207/1178 1173/1205/1176
f 1156/1185/1156 628/643/626 650/666/649
f 1179/1208/1179 650/666/649 647/668/651
f 1158/1186/1157 1156/1185/1156 1179/1208/1179
f 1178/1207/1178 1179/1208/1179 1172/1201/1172
f 1180/1209/1180 1181/1211/1182 661/678/661
f 1182/1210/1181 1183/1212/1183 1181/1211/1182
f 1181/1211/1182 1184/1213/1184 663/684/667
f 1183/1212/1183 1185/1217/1188 1184/1213/1184
f 846/868/847 849/867/846 1187/1214/1185
f 849/867/846 853/871/850 1188/1216/1187
f 1186/1215/1186 1187/1214/1185 1183/1212/1183
f 1187/1214/1185 1188/1216/1187 1185/1217/1188
f 826/848/827 1174/1203/1174 1189/1218/1189
f 1174/1203/1174 1170/1198/1169 1190/1219/1190
f 864/884/863 1189/1218/1189 1188/1216/1187
f 1189/1218/1189 1190/1219/1190 1185/1217/1188
f 1168/1197/1168 644/659/642 666/682/665
f 1191/1220/1191 666/682/665 663/684/667
f 1170/1198/1169 1168/1197/1168 1191/1220/1191
f 1190/1219/1190 1191/1220/1191 1184/1213/1184
f 1094/1118/1093 1192/1221/1192 673/690/673
f 1092/1120/1095 1193/1222/1193 1192/1221/1192
f 1192/1221/1192 1194/1223/1194 675/696/679
f 1193/1222/1193 1195/1226/1197 1194/1223/1194
f 703/887/866 867/886/865 1196/1224/1195
f 867/886/865 870/889/868 1197/1225/1196
f 1090/1116/1091 1196/1224/1195 1193/1222/1193
f 1196/1224/1195 1197/1225/1196 1195/1226/1197
f 846/868/847 1186/1215/1186 1198/1227/1198
f 1186/1215/1186 1182/1210/1181 1199/1228/1199
f 879/900/879 1198/1227/1198 1197/1225/1196
f 1198/1227/1198 1199/1228/1199 1195/1226/1197
f 1180/1209/1180 660/675/658 678/694/677
f 1200/1229/1200 678/694/677 675/696/679
f 1182/1210/1181 1180/1209/1180 1200/1229/1200
f 1199/1228/1199 1200/1229/1200 1194/1223/1194
f 1201/1230/1201 1202/1232/1203 692/709/692
f 1203/1231/1202 1204/1233/1204 1202/1232/1203
f 1202/1232/1203 1205/1234/1205 694/717/700
f 1204/1233/1204 1206/1238/1209 1205/1234/1205
f 881/902/881 884/904/883 1208/1235/1206
f 884/904/883 888/908/887 1209/1237/1208
f 1207/1236/1207 1208/1235/1206 1204/1233/1204
f 1208/1235/1206 1209/1237/1208 1206/1238/1209
f 903/922/901 1210/1240/1211 1211/1239/1210
f 1210/1240/1211 1212/1244/1215 1213/1241/1212
f 904/925/904 1211/1239/1210 1209/1237/1208
f 1211/1239/1210 1213/1241/1212 1206/1238/1209
f 1214/1242/1213 696/712/695 699/714/697
f 1215/1243/1214 699/714/697 694/717/700
f 1212/1244/1215 1214/1242/1213 1215/1243/1214
f 1213/1241/1212 1215/1243/1214 1205/1234/1205
f 1216/1245/1216 1217/1247/1218 717/733/716
f 1218/1246/1217 1219/1248/1219 1217/1247/1218
f 1217/1247/1218 1220/1249/1220 719/739/722
f 1219/1248/1219 1221/1253/1224 1220/1249/1220
f 1222/1250/1221 906/926/905 909/928/907
f 909/928/907 913/932/911 1224/1252/1223
f 1222/1250/1221 1223/1251/1222 1219/1248/1219
f 1223/1251/1222 1224/1252/1223 1221/1253/1224
f 1207/1236/1207 1225/1255/1226 924/945/924
f 1207/1236/1207 1203/1231/1202 1226/1254/1225
f 1225/1255/1226 1224/1252/1223 913/932/911
f 1225/1255/1226 1226/1254/1225 1221/1253/1224
f 1201/1230/1201 691/706/689 722/737/720
f 1227/1256/1227 722/737/720 719/739/722
f 1203/1231/1202 1201/1230/1201 1227/1256/1227
f 1226/1254/1225 1227/1256/1227 1220/1249/1220
f 1228/1257/1228 1229/1259/1230 737/753/736
f 1230/1258/1229 1231/1260/1231 1229/1259/1230
f 1229/1259/1230 1232/1261/1232 739/759/742
f 1231/1260/1231 1233/1265/1236 1232/1261/1232
f 926/946/925 929/948/927 1235/1262/1233
f 929/948/927 933/952/931 1236/1264/1235
f 1234/1263/1234 1235/1262/1233 1231/1260/1231
f 1235/1262/1233 1236/1264/1235 1233/1265/1236
f 906/926/905 1222/1250/1221 1237/1266/1237
f 1222/1250/1221 1218/1246/1217 1238/1267/1238
f 944/965/944 1237/1266/1237 1236/1264/1235
f 1237/1266/1237 1238/1267/1238 1233/1265/1236
f 1216/1245/1216 716/730/713 742/757/740
f 1239/1268/1239 742/757/740 739/759/742
f 1218/1246/1217 1216/1245/1216 1239/1268/1239
f 1238/1267/1238 1239/1268/1239 1232/1261/1232
f 1240/1269/1240 1241/1271/1242 757/773/756
f 1242/1270/1241 1243/1272/1243 1241/1271/1242
f 1241/1271/1242 1244/1273/1244 759/781/762
f 1243/1272/1243 1245/1277/1248 1244/1273/1244
f 1246/1274/1245 946/966/945 949/968/947
f 1247/1275/1246 949/968/947 953/972/951
f 1246/1274/1245 1247/1275/1246 1243/1272/1243
f 1247/1275/1246 1248/1276/1247 1245/1277/1248
f 1234/1278/1234 1249/1280/1250 964/989/964
f 1234/1278/1234 1230/1283/1229 1250/1279/1249
f 964/989/964 1249/1280/1250 1248/1276/1247
f 1249/1280/1250 1250/1279/1249 1245/1277/1248
f 1228/1281/1228 736/776/733 762/778/760
f 1251/1282/1251 762/778/760 759/781/762
f 1230/1283/1229 1228/1281/1228 1251/1282/1251
f 1250/1279/1249 1251/1282/1251 1244/1273/1244
f 1252/1284/1252 1253/1286/1254 777/797/776
f 1254/1285/1253 1255/1287/1255 1253/1286/1254
f 1253/1286/1254 1256/1288/1256 779/803/782
f 1255/1287/1255 1257/1292/1260 1256/1288/1256
f 966/990/965 969/992/967 1259/1289/1257
f 969/992/967 973/996/971 1260/1291/1259
f 1258/1290/1258 1259/1289/1257 1255/1287/1255
f 1259/1289/1257 1260/1291/1259 1257/1292/1260
f 946/966/945 1246/1274/1245 1261/1293/1261
f 1246/1274/1245 1242/1270/1241 1262/1294/1262
f 984/1009/984 1261/1293/1261 1260/1291/1259
f 1261/1293/1261 1262/1294/1262 1257/1292/1260
f 1240/1269/1240 756/770/753 782/801/780
f 1263/1295/1263 782/801/780 779/803/782
f 1242/1270/1241 1240/1269/1240 1263/1295/1263
f 1262/1294/1262 1263/1295/1263 1256/1288/1256
f 1264/1296/1264 1265/1298/1266 797/817/796
f 1266/1297/1265 1267/1299/1267 1265/1298/1266
f 1265/1298/1266 1268/1300/1268 799/823/802
f 1267/1299/1267 1269/1304/1272 1268/1300/1268
f 986/1010/985 989/1012/987 1271/1301/1269
f 989/1012/987 993/1016/991 1272/1303/1271
f 1270/1302/1270 1271/1301/1269 1267/1299/1267
f 1271/1301/1269 1272/1303/1271 1269/1304/1272
f 966/990/965 1258/1290/1258 1273/1305/1273
f 1258/1290/1258 1254/1285/1253 1274/1306/1274
f 1004/1029/1004 1273/1305/1273 1272/1303/1271
f 1273/1305/1273 1274/1306/1274 1269/1304/1272
f 1252/1284/1252 776/794/773 802/821/800
f 1275/1307/1275 802/821/800 799/823/802
f 1254/1285/1253 1252/1284/1252 1275/1307/1275
f 1274/1306/1274 1275/1307/1275 1268/1300/1268
f 1276/1308/1276 1277/1310/1278 817/837/816
f 1278/1309/1277 1279/1311/1279 1277/1310/1278
f 1277/1310/1278 1280/1312/1280 819/843/822
f 1279/1311/1279 1281/1316/1284 1280/1312/1280
f 1282/1313/1281 1006/1030/1005 1009/1032/1007
f 1009/1032/1007 1013/1036/1011 1284/1315/1283
f 1282/1313/1281 1283/1314/1282 1279/1311/1279
f 1283/1314/1282 1284/1315/1283 1281/1316/1284
f 1270/1302/1270 1285/1318/1286 1024/1049/1024
f 1270/1302/1270 1266/1297/1265 1286/1317/1285
f 1285/1318/1286 1284/1315/1283 1013/1036/1011
f 1285/1318/1286 1286/1317/1285 1281/1316/1284
f 1264/1296/1264 796/814/793 822/841/820
f 1287/1319/1287 822/841/820 819/843/822
f 1266/1297/1265 1264/1296/1264 1287/1319/1287
f 1286/1317/1285 1287/1319/1287 1280/1312/1280
f 1288/1320/1288 1289/1322/1290 837/857/836
f 1290/1321/1289 1291/1323/1291 1289/1322/1290
f 1289/1322/1290 1292/1324/1292 839/863/842
f 1291/1323/1291 1293/1328/1296 1292/1324/1292
f 1026/1050/1025 1029/1052/1027 1295/1325/1293
f 1029/1052/1027 1033/1056/1031 1296/1327/1295
f 1294/1326/1294 1295/1325/1293 1291/1323/1291
f 1295/1325/1293 1296/1327/1295 1293/1328/1296
f 1006/1030/1005 1282/1313/1281 1297/1329/1297
f 1282/1313/1281 1278/1309/1277 1298/1330/1298
f 1044/1069/1044 1297/1329/1297 1296/1327/1295
f 1297/1329/1297 1298/1330/1298 1293/1328/1296
f 1276/1308/1276 816/834/813 842/861/840
f 1299/1331/1299 842/861/840 839/863/842
f 1278/1309/1277 1276/1308/1276 1299/1331/1299
f 1298/1330/1298 1299/1331/1299 1292/1324/1292
f 1300/1332/1300 1301/1334/1302 857/877/856
f 1302/1333/1301 1303/1335/1303 1301/1334/1302
f 1301/1334/1302 1304/1336/1304 859/883/862
f 1303/1335/1303 1305/1340/1308 1304/1336/1304
f 1306/1337/1305 1046/1070/1045 1049/1072/1047
f 1307/1338/1306 1049/1072/1047 1053/1076/1051
f 1306/1337/1305 1307/1338/1306 1303/1335/1303
f 1307/1338/1306 1308/1339/1307 1305/1340/1308
f 1294/1326/1294 1309/1342/1310 1064/1089/1064
f 1294/1326/1294 1290/1321/1289 1310/1341/1309
f 1064/1089/1064 1309/1342/1310 1308/1339/1307
f 1309/1342/1310 1310/1341/1309 1305/1340/1308
f 1288/1320/1288 836/854/833 862/881/860
f 1311/1343/1311 862/881/860 859/883/862
f 1290/1321/1289 1288/1320/1288 1311/1343/1311
f 1310/1341/1309 1311/1343/1311 1304/1336/1304
f 1214/1242/1213 1312/1344/1312 872/893/872
f 1212/1244/1215 1313/1345/1313 1312/1344/1312
f 1312/1344/1312 1314/1346/1314 874/899/878
f 1313/1345/1313 1315/1349/1317 1314/1346/1314
f 903/922/901 1067/1091/1066 1316/1347/1315
f 1067/1091/1066 1070/1094/1069 1317/1348/1316
f 1210/1240/1211 1316/1347/1315 1313/1345/1313
f 1316/1347/1315 1317/1348/1316 1315/1349/1317
f 1046/1070/1045 1306/1337/1305 1318/1350/1318
f 1306/1337/1305 1302/1333/1301 1319/1351/1319
f 1079/1105/1080 1318/1350/1318 1317/1348/1316
f 1318/1350/1318 1319/1351/1319 1315/1349/1317
f 1300/1332/1300 856/874/853 877/897/876
f 1320/1352/1320 877/897/876 874/899/878
f 1302/1333/1301 1300/1332/1300 1320/1352/1320
f 1319/1351/1319 1320/1352/1320 1314/1346/1314
f 1321/1353/1321 1322/1356/1324 1323/1354/1322
f 1322/1356/1324 1325/1366/1334 1326/1357/1325
f 1324/1355/1323 1323/1354/1322 1327/1358/1326
f 1323/1354/1322 1326/1357/1325 1329/1360/1328
f 1331/1361/1329 1332/1364/1332 1333/1362/1330
f 1332/1364/1332 1334/1371/1339 1335/1365/1333
f 1330/1363/1331 1333/1362/1330 1326/1357/1325
f 1333/1362/1330 1335/1365/1333 1329/1360/1328
f 1337/1367/1335 1338/1370/1338 1339/1368/1336
f 1328/1359/1327 1327/1358/1326 1338/1370/1338
f 1338/1370/1338 1335/1365/1333 1334/1371/1339
f 1327/1358/1326 1329/1360/1328 1335/1365/1333
f 1341/1372/1340 1342/1376/1344 1343/1373/1341
f 1344/1375/1343 1345/1378/1346 1342/1376/1344
f 1342/1376/1344 1346/1379/1347 1347/1377/1345
f 1345/1378/1346 1348/1385/1347 1346/1379/1347
f 1349/1380/1348 1350/1415/1378 1351/1381/1349
f 1352/1382/1350 1351/1381/1349 1353/1383/1351
f 1344/1375/1343 1349/1380/1348 1352/1382/1350
f 1345/1378/1346 1352/1382/1350 1354/1384/1352
f 1355/1386/1353 1356/1389/1356 1357/1387/1354
f 1356/1389/1356 1359/1395/1362 1360/1390/1357
f 1358/1388/1355 1357/1387/1354 1354/1384/1352
f 1357/1387/1354 1360/1390/1357 1348/1385/1347
f 1362/1391/1358 1363/1394/1361 1364/1392/1359
f 1363/1394/1361 1347/1377/1345 1346/1379/1347
f 1361/1393/1360 1364/1392/1359 1360/1390/1357
f 1364/1392/1359 1346/1379/1347 1348/1385/1347
f 1365/1396/1363 1366/1399/1366 1367/1397/1364
f 1366/1399/1366 1369/1408/1374 1370/1400/1367
f 1368/1398/1365 1367/1397/1364 1371/1401/1368
f 1367/1397/1364 1370/1400/1367 1373/1403/1370
f 1321/1353/1321 1324/1406/1323 1375/1404/1371
f 1324/1406/1323 1328/1413/1327 1376/1407/1373
f 1374/1405/1372 1375/1404/1371 1370/1400/1367
f 1375/1404/1371 1376/1407/1373 1373/1403/1370
f 1377/1409/1375 1378/1412/1376 1337/1410/1335
f 1372/1402/1369 1371/1401/1368 1378/1412/1376
f 1378/1412/1376 1376/1407/1373 1328/1413/1327
f 1371/1401/1368 1373/1403/1370 1376/1407/1373
f 1379/1414/1377 1380/1417/1380 1351/1381/1349
f 1381/1416/1379 1382/1418/1381 1380/1417/1380
f 1380/1417/1380 1383/1419/1351 1353/1383/1351
f 1382/1418/1381 1384/1425/1386 1383/1419/1351
f 1385/1420/1382 1386/1449/1409 1387/1421/1383
f 1388/1422/1384 1387/1421/1383 1389/1423/1385
f 1381/1416/1379 1385/1420/1382 1388/1422/1384
f 1382/1418/1381 1388/1422/1384 1390/1424/1385
f 1391/1426/1387 1392/1429/1390 1393/1427/1388
f 1392/1429/1390 1395/1433/1394 1396/1430/1391
f 1394/1428/1389 1393/1427/1388 1390/1424/1385
f 1393/1427/1388 1396/1430/1391 1384/1425/1386
f 1355/1386/1353 1358/1388/1355 1398/1431/1392
f 1358/1388/1355 1353/1383/1351 1383/1419/1351
f 1397/1432/1393 1398/1431/1392 1396/1430/1391
f 1398/1431/1392 1383/1419/1351 1384/1425/1386
f 1399/1434/1395 1400/1437/1398 1401/1435/1396
f 1400/1437/1398 1403/1445/1405 1404/1438/1399
f 1402/1436/1397 1401/1435/1396 1405/1439/1400
f 1401/1435/1396 1404/1438/1399 1407/1441/1402
f 1365/1396/1363 1368/1398/1365 1409/1442/1403
f 1368/1398/1365 1372/1402/1369 1410/1444/1368
f 1408/1443/1404 1409/1442/1403 1404/1438/1399
f 1409/1442/1403 1410/1444/1368 1407/1441/1402
f 1411/1446/1406 1412/1447/1407 1377/1409/1375
f 1406/1440/1401 1405/1439/1400 1412/1447/1407
f 1412/1447/1407 1410/1444/1368 1372/1402/1369
f 1405/1439/1400 1407/1441/1402 1410/1444/1368
f 1413/1448/1408 1414/1451/1411 1387/1421/1383
f 1415/1450/1410 1416/1452/1412 1414/1451/1411
f 1414/1451/1411 1417/1453/1413 1389/1423/1385
f 1416/1452/1412 1418/1459/1413 1417/1453/1413
f 1419/1454/1414 1420/2099/1440 1421/1455/1415
f 1422/1456/1416 1421/1455/1415 1423/1457/1417
f 1415/1450/1410 1419/1454/1414 1422/1456/1416
f 1416/1452/1412 1422/1456/1416 1424/1458/1413
f 1425/1460/1418 1426/1463/1421 1427/1461/1419
f 1426/1463/1421 1429/1467/1425 1430/1464/1422
f 1428/1462/1420 1427/1461/1419 1424/1458/1413
f 1427/1461/1419 1430/1464/1422 1418/1459/1413
f 1391/1426/1387 1394/1428/1389 1432/1465/1423
f 1394/1428/1389 1389/1423/1385 1417/1453/1413
f 1431/1466/1424 1432/1465/1423 1430/1464/1422
f 1432/1465/1423 1417/1453/1413 1418/1459/1413
f 1433/1468/1426 1434/1471/1429 1435/1469/1427
f 1434/1471/1429 1437/1481/1436 1438/1472/1430
f 1436/1470/1428 1435/1469/1427 1439/1473/1431
f 1435/1469/1427 1438/1472/1430 1441/1475/1433
f 1399/1476/1395 1402/1479/1397 1443/1477/1434
f 1402/1479/1397 1406/1486/1401 1444/1480/1400
f 1442/1478/1435 1443/1477/1434 1438/1472/1430
f 1443/1477/1434 1444/1480/1400 1441/1475/1433
f 1445/1482/1437 1446/1485/1438 1411/1483/1406
f 1440/1474/1432 1439/1473/1431 1446/1485/1438
f 1446/1485/1438 1444/1480/1400 1406/1486/1401
f 1439/1473/1431 1441/1475/1433 1444/1480/1400
f 1447/1487/1439 1448/1491/1442 1421/1488/1415
f 1449/1490/1441 1450/1493/1443 1448/1491/1442
f 1448/1491/1442 1451/1494/1417 1423/1492/1417
f 1450/1493/1443 1452/1500/1448 1451/1494/1417
f 1453/1495/1444 1454/1526/1472 1455/1496/1445
f 1456/1497/1446 1455/1496/1445 1457/1498/1447
f 1449/1490/1441 1453/1495/1444 1456/1497/1446
f 1450/1493/1443 1456/1497/1446 1458/1499/1447
f 1459/1501/1449 1460/1504/1452 1461/1502/1450
f 1460/1504/1452 1463/1510/1456 1464/1505/1453
f 1462/1503/1451 1461/1502/1450 1458/1499/1447
f 1461/1502/1450 1464/1505/1453 1452/1500/1448
f 1425/1506/1418 1428/1509/1420 1466/1507/1454
f 1428/1509/1420 1423/1492/1417 1451/1494/1417
f 1465/1508/1455 1466/1507/1454 1464/1505/1453
f 1466/1507/1454 1451/1494/1417 1452/1500/1448
f 1467/1511/1457 1468/1514/1460 1469/1512/1458
f 1468/1514/1460 1471/1522/1468 1472/1515/1461
f 1470/1513/1459 1469/1512/1458 1473/1516/1462
f 1469/1512/1458 1472/1515/1461 1475/1518/1464
f 1433/1468/1426 1436/1470/1428 1477/1519/1465
f 1436/1470/1428 1440/1474/1432 1478/1521/1467
f 1476/1520/1466 1477/1519/1465 1472/1515/1461
f 1477/1519/1465 1478/1521/1467 1475/1518/1464
f 1479/1523/1469 1480/1524/1470 1445/1482/1437
f 1474/1517/1463 1473/1516/1462 1480/1524/1470
f 1480/1524/1470 1478/1521/1467 1440/1474/1432
f 1473/1516/1462 1475/1518/1464 1478/1521/1467
f 1481/1525/1471 1482/1528/1474 1455/1496/1445
f 1483/1527/1473 1484/1529/1475 1482/1528/1474
f 1482/1528/1474 1485/1530/1476 1457/1498/1447
f 1484/1529/1475 1486/1536/1481 1485/1530/1476
f 1487/1531/1477 1488/1560/1504 1489/1532/1478
f 1490/1533/1479 1489/1532/1478 1491/1534/1480
f 1483/1527/1473 1487/1531/1477 1490/1533/1479
f 1484/1529/1475 1490/1533/1479 1492/1535/1481
f 1493/1537/1482 1494/1540/1485 1495/1538/1483
f 1494/1540/1485 1497/1544/1489 1498/1541/1486
f 1496/1539/1484 1495/1538/1483 1492/1535/1481
f 1495/1538/1483 1498/1541/1486 1486/1536/1481
f 1459/1501/1449 1462/1503/1451 1500/1542/1487
f 1462/1503/1451 1457/1498/1447 1485/1530/1476
f 1499/1543/1488 1500/1542/1487 1498/1541/1486
f 1500/1542/1487 1485/1530/1476 1486/1536/1481
f 1501/1545/1490 1502/1548/1493 1503/1546/1491
f 1502/1548/1493 1505/1556/1500 1506/1549/1494
f 1504/1547/1492 1503/1546/1491 1507/1550/1495
f 1503/1546/1491 1506/1549/1494 1509/1552/1497
f 1467/1511/1457 1470/1513/1459 1511/1553/1498
f 1470/1513/1459 1474/1517/1463 1512/1555/1462
f 1510/1554/1499 1511/1553/1498 1506/1549/1494
f 1511/1553/1498 1512/1555/1462 1509/1552/1497
f 1513/1557/1501 1514/1558/1502 1479/1523/1469
f 1508/1551/1496 1507/1550/1495 1514/1558/1502
f 1514/1558/1502 1512/1555/1462 1474/1517/1463
f 1507/1550/1495 1509/1552/1497 1512/1555/1462
f 1515/1559/1503 1516/1562/1506 1489/1532/1478
f 1517/1561/1505 1518/1563/1507 1516/1562/1506
f 1516/1562/1506 1519/1564/1508 1491/1534/1480
f 1518/1563/1507 1520/1570/1508 1519/1564/1508
f 1521/1565/1509 1522/1594/1537 1523/1566/1510
f 1524/1567/1511 1523/1566/1510 1525/1568/1512
f 1517/1561/1505 1521/1565/1509 1524/1567/1511
f 1518/1563/1507 1524/1567/1511 1526/1569/1513
f 1527/1571/1514 1528/1574/1517 1529/1572/1515
f 1528/1574/1517 1531/1578/1521 1532/1575/1518
f 1530/1573/1516 1529/1572/1515 1526/1569/1513
f 1529/1572/1515 1532/1575/1518 1520/1570/1508
f 1493/1537/1482 1496/1539/1484 1534/1576/1519
f 1496/1539/1484 1491/1534/1480 1519/1564/1508
f 1533/1577/1520 1534/1576/1519 1532/1575/1518
f 1534/1576/1519 1519/1564/1508 1520/1570/1508
f 1535/1579/1522 1536/1582/1525 1537/1580/1523
f 1536/1582/1525 1539/1590/1533 1540/1583/1526
f 1538/1581/1524 1537/1580/1523 1541/1584/1527
f 1537/1580/1523 1540/1583/1526 1543/1586/1529
f 1501/1545/1490 1504/1547/1492 1545/1587/1530
f 1504/1547/1492 1508/1551/1496 1546/1589/1532
f 1544/1588/1531 1545/1587/1530 1540/1583/1526
f 1545/1587/1530 1546/1589/1532 1543/1586/1529
f 1547/1591/1534 1548/1592/1535 1513/1557/1501
f 1542/1585/1528 1541/1584/1527 1548/1592/1535
f 1548/1592/1535 1546/1589/1532 1508/1551/1496
f 1541/1584/1527 1543/1586/1529 1546/1589/1532
f 1549/1593/1536 1550/1596/1539 1523/1566/1510
f 1551/1595/1538 1552/1597/1540 1550/1596/1539
f 1550/1596/1539 1553/1598/1512 1525/1568/1512
f 1552/1597/1540 1554/1604/1545 1553/1598/1512
f 1555/1599/1541 1556/1632/1568 1557/1600/1542
f 1558/1601/1543 1557/1600/1542 1559/1602/1544
f 1551/1595/1538 1555/1599/1541 1558/1601/1543
f 1552/1597/1540 1558/1601/1543 1560/1603/1544
f 1561/1605/1546 1562/1608/1549 1563/1606/1547
f 1562/1608/1549 1565/1612/1553 1566/1609/1550
f 1564/1607/1548 1563/1606/1547 1560/1603/1544
f 1563/1606/1547 1566/1609/1550 1554/1604/1545
f 1527/1571/1514 1530/1573/1516 1568/1610/1551
f 1530/1573/1516 1525/1568/1512 1553/1598/1512
f 1567/1611/1552 1568/1610/1551 1566/1609/1550
f 1568/1610/1551 1553/1598/1512 1554/1604/1545
f 1569/1613/1554 1570/1616/1557 1571/1614/1555
f 1570/1616/1557 1573/1625/1564 1574/1617/1558
f 1572/1615/1556 1571/1614/1555 1575/1618/1559
f 1571/1614/1555 1574/1617/1558 1577/1620/1561
f 1535/1579/1522 1538/1623/1524 1579/1621/1562
f 1538/1623/1524 1542/1630/1528 1580/1624/1527
f 1578/1622/1563 1579/1621/1562 1574/1617/1558
f 1579/1621/1562 1580/1624/1527 1577/1620/1561
f 1581/1626/1565 1582/1629/1566 1547/1627/1534
f 1576/1619/1560 1575/1618/1559 1582/1629/1566
f 1582/1629/1566 1580/1624/1527 1542/1630/1528
f 1575/1618/1559 1577/1620/1561 1580/1624/1527
f 1583/1631/1567 1584/1634/1570 1557/1600/1542
f 1585/1633/1569 1586/1635/1571 1584/1634/1570
f 1584/1634/1570 1587/1636/1572 1559/1602/1544
f 1586/1635/1571 1588/1642/1572 1587/1636/1572
f 1589/1637/1573 1590/1666/1599 1591/1638/1574
f 1592/1639/1575 1591/1638/1574 1593/1640/1576
f 1585/1633/1569 1589/1637/1573 1592/1639/1575
f 1586/1635/1571 1592/1639/1575 1594/1641/1572
f 1595/1643/1577 1596/1646/1580 1597/1644/1578
f 1596/1646/1580 1599/1650/1584 1600/1647/1581
f 1598/1645/1579 1597/1644/1578 1594/1641/1572
f 1597/1644/1578 1600/1647/1581 1588/1642/1572
f 1561/1605/1546 1564/1607/1548 1602/1648/1582
f 1564/1607/1548 1559/1602/1544 1587/1636/1572
f 1601/1649/1583 1602/1648/1582 1600/1647/1581
f 1602/1648/1582 1587/1636/1572 1588/1642/1572
f 1603/1651/1585 1604/1654/1588 1605/1652/1586
f 1604/1654/1588 1607/1662/1595 1608/1655/1589
f 1606/1653/1587 1605/1652/1586 1609/1656/1590
f 1605/1652/1586 1608/1655/1589 1611/1658/1592
f 1569/1613/1554 1572/1615/1556 1613/1659/1593
f 1572/1615/1556 1576/1619/1560 1614/1661/1559
f 1612/1660/1594 1613/1659/1593 1608/1655/1589
f 1613/1659/1593 1614/1661/1559 1611/1658/1592
f 1615/1663/1596 1616/1664/1597 1581/1626/1565
f 1610/1657/1591 1609/1656/1590 1616/1664/1597
f 1616/1664/1597 1614/1661/1559 1576/1619/1560
f 1609/1656/1590 1611/1658/1592 1614/1661/1559
f 1617/1665/1598 1618/1668/1601 1591/1638/1574
f 1619/1667/1600 1620/1669/1602 1618/1668/1601
f 1618/1668/1601 1621/1670/1576 1593/1640/1576
f 1620/1669/1602 1622/1676/1607 1621/1670/1576
f 1623/1671/1603 1624/1699/1626 1625/1672/1604
f 1626/1673/1605 1625/1672/1604 1627/1674/1606
f 1619/1667/1600 1623/1671/1603 1626/1673/1605
f 1620/1669/1602 1626/1673/1605 1628/1675/1606
f 1629/1677/1608 1630/1680/1611 1631/1678/1609
f 1630/1680/1611 1633/1684/1615 1634/1681/1612
f 1632/1679/1610 1631/1678/1609 1628/1675/1606
f 1631/1678/1609 1634/1681/1612 1622/1676/1607
f 1595/1643/1577 1598/1645/1579 1636/1682/1613
f 1598/1645/1579 1593/1640/1576 1621/1670/1576
f 1635/1683/1614 1636/1682/1613 1634/1681/1612
f 1636/1682/1613 1621/1670/1576 1622/1676/1607
f 1331/1361/1329 1637/1686/1617 1638/1685/1616
f 1637/1686/1617 1639/1694/1623 1640/1687/1618
f 1332/1364/1332 1638/1685/1616 1641/1688/1333
f 1638/1685/1616 1640/1687/1618 1642/1689/1619
f 1603/1651/1585 1606/1692/1587 1644/1690/1620
f 1606/1692/1587 1610/1697/1591 1645/1693/1622
f 1643/1691/1621 1644/1690/1620 1640/1687/1618
f 1644/1690/1620 1645/1693/1622 1642/1689/1619
f 1339/1368/1336 1646/1696/1624 1615/1695/1596
f 1334/1371/1339 1641/1688/1333 1646/1696/1624
f 1646/1696/1624 1645/1693/1622 1610/1697/1591
f 1641/1688/1333 1642/1689/1619 1645/1693/1622
f 1647/1698/1625 1648/1701/1628 1625/1672/1604
f 1649/1700/1627 1650/1702/1629 1648/1701/1628
f 1648/1701/1628 1651/1703/1630 1627/1674/1606
f 1650/1702/1629 1652/1707/1633 1651/1703/1630
f 1653/1704/1631 1340/1374/1342 1343/1373/1341
f 1654/1705/1632 1343/1373/1341 1347/1377/1345
f 1649/1700/1627 1653/1704/1631 1654/1705/1632
f 1650/1702/1629 1654/1705/1632 1655/1706/1633
f 1362/1391/1358 1656/1709/1635 1657/1708/1634
f 1656/1709/1635 1658/1713/1639 1659/1710/1636
f 1363/1394/1361 1657/1708/1634 1655/1706/1633
f 1657/1708/1634 1659/1710/1636 1652/1707/1633
f 1629/1677/1608 1632/1679/1610 1661/1711/1637
f 1632/1679/1610 1627/1674/1606 1651/1703/1630
f 1660/1712/1638 1661/1711/1637 1659/1710/1636
f 1661/1711/1637 1651/1703/1630 1652/1707/1633
f 1663/1714/1640 1664/1718/1644 1665/1715/1641
f 1666/1717/1643 1667/1726/1652 1664/1718/1644
f 1665/1715/1641 1664/1718/1644 1668/1719/1645
f 1664/1718/1644 1667/1726/1652 1670/1721/1647
f 1671/1722/1648 1672/1738/1655 1673/1723/1649
f 1673/1723/1649 1675/1732/1657 1676/1725/1651
f 1666/1717/1643 1671/1722/1648 1674/1724/1650
f 1667/1726/1652 1674/1724/1650 1676/1725/1651
f 1678/1727/1653 1679/1731/1650 1680/1728/1654
f 1681/1730/1656 1682/1733/1658 1679/1731/1650
f 1680/1728/1654 1679/1731/1650 1676/1725/1651
f 1682/1733/1658 1670/1721/1647 1676/1725/1651
f 1684/1734/1642 1685/1911/1641 1686/1735/1659
f 1686/1735/1659 1685/1911/1641 1669/1720/1646
f 1683/1736/1660 1686/1735/1659 1682/1733/1658
f 1686/1735/1659 1668/1719/1645 1670/1721/1647
f 1687/1737/1661 1688/1740/1663 1673/1723/1649
f 1689/1739/1662 1690/1747/1670 1688/1740/1663
f 1688/1740/1663 1691/1742/1665 1675/1732/1657
f 1688/1740/1663 1690/1747/1670 1692/1741/1664
f 1693/1743/1666 1694/1758/1680 1695/1744/1667
f 1695/1744/1667 1697/1753/1676 1698/1746/1669
f 1693/1743/1666 1696/1745/1668 1690/1747/1670
f 1690/1747/1670 1696/1745/1668 1698/1746/1669
f 1699/1748/1671 1700/1752/1675 1701/1749/1672
f 1703/1751/1674 1704/1754/1677 1701/1749/1672
f 1701/1749/1672 1698/1746/1669 1697/1753/1676
f 1704/1754/1677 1692/1741/1664 1698/1746/1669
f 1677/1729/1655 1680/1728/1654 1706/1755/1663
f 1706/1755/1663 1680/1728/1654 1675/1732/1657
f 1705/1756/1678 1706/1755/1663 1704/1754/1677
f 1704/1754/1677 1706/1755/1663 1691/1742/1665
f 1707/1757/1679 1708/1760/1682 1695/1744/1667
f 1709/1759/1681 1710/1767/1689 1708/1760/1682
f 1695/1744/1667 1708/1760/1682 1711/1761/1683
f 1708/1760/1682 1710/1767/1689 1712/1762/1684
f 1713/1763/1685 1714/2560/1696 1715/1764/1686
f 1715/1764/1686 1717/1773/1693 1718/1766/1688
f 1709/1759/1681 1713/1763/1685 1716/1765/1687
f 1716/1765/1687 1718/1766/1688 1712/1762/1684
f 1720/1768/1685 1721/1772/1692 1722/1769/1690
f 1723/1771/1681 1724/1776/1689 1721/1772/1692
f 1722/1769/1690 1721/1772/1692 1718/1766/1688
f 1721/1772/1692 1724/1776/1689 1712/1762/1684
f 1725/1774/1679 1699/1748/1671 1702/1750/1673
f 1702/1750/1673 1697/1753/1676 1711/1761/1683
f 1723/1771/1681 1725/1774/1679 1726/1775/1694
f 1726/1775/1694 1711/1761/1683 1712/1762/1684
f 1727/1777/1695 1728/1781/1698 1715/1778/1686
f 1727/1777/1695 1729/1789/1705 1730/1780/1697
f 1715/1778/1686 1728/1781/1698 1731/1782/1699
f 1730/1780/1697 1732/1790/1706 1731/1782/1699
f 1733/1784/1700 1734/1801/1707 1735/1785/1701
f 1736/1786/1702 1735/1785/1701 1737/1787/1703
f 1729/1789/1705 1733/1784/1700 1736/1786/1702
f 1736/1786/1702 1738/1788/1704 1732/1790/1706
f 1739/1791/1707 1740/1794/1709 1741/1792/1702
f 1740/1794/1709 1743/1799/1713 1744/1795/1710
f 1741/1792/1702 1738/1788/1704 1737/1787/1703
f 1744/1795/1710 1732/1790/1706 1738/1788/1704
f 1719/1796/1691 1722/2561/1690 1746/1797/1711
f 1746/1797/1711 1722/2561/1690 1717/1783/1693
f 1743/1799/1713 1745/1798/1712 1746/1797/1711
f 1744/1795/1710 1746/1797/1711 1731/1782/1699
f 1747/1800/1714 1748/1803/1716 1735/1785/1701
f 1749/1802/1715 1750/1805/1718 1748/1803/1716
f 1735/1785/1701 1748/1803/1716 1751/1804/1717
f 1750/1805/1718 1752/1810/1723 1751/1804/1717
f 1753/1806/1719 1754/1821/1724 1755/1807/1720
f 1755/1807/1720 1757/1816/1728 1758/1809/1722
f 1749/1802/1715 1753/1806/1719 1756/1808/1721
f 1756/1808/1721 1758/1809/1722 1752/1810/1723
f 1759/1811/1724 1760/1814/1726 1761/1812/1725
f 1760/1814/1726 1763/1819/1730 1764/1815/1727
f 1761/1812/1725 1758/1809/1722 1757/1816/1728
f 1764/1815/1727 1752/1810/1723 1758/1809/1722
f 1765/1817/1729 1739/1791/1707 1742/1793/1708
f 1742/1793/1708 1737/1787/1703 1751/1804/1717
f 1763/1819/1730 1765/1817/1729 1766/1818/1716
f 1764/1815/1727 1766/1818/1716 1751/1804/1717
f 1767/1820/1731 1768/1823/1733 1755/1807/1720
f 1769/1822/1732 1770/1830/1740 1768/1823/1733
f 1755/1807/1720 1768/1823/1733 1771/1824/1734
f 1768/1823/1733 1770/1830/1740 1772/1825/1735
f 1773/1826/1736 1774/1841/1743 1775/1827/1737
f 1775/1827/1737 1777/1836/1745 1778/1829/1739
f 1769/1822/1732 1773/1826/1736 1776/1828/1738
f 1770/1830/1740 1776/1828/1738 1778/1829/1739
f 1780/1831/1741 1781/1835/1738 1782/1832/1742
f 1783/1834/1744 1784/1837/1746 1781/1835/1738
f 1782/1832/1742 1781/1835/1738 1778/1829/1739
f 1784/1837/1746 1772/1825/1735 1778/1829/1739
f 1759/1811/1724 1762/1813/1720 1786/1838/1747
f 1786/1838/1747 1762/1813/1720 1757/1816/1728
f 1785/1839/1748 1786/1838/1747 1784/1837/1746
f 1786/1838/1747 1771/1824/1734 1772/1825/1735
f 1787/1840/1749 1788/1843/1751 1775/1827/1737
f 1789/1842/1750 1790/1850/1758 1788/1843/1751
f 1788/1843/1751 1791/1845/1753 1777/1836/1745
f 1788/1843/1751 1790/1850/1758 1792/1844/1752
f 1793/1846/1754 1794/1861/1768 1795/1847/1755
f 1795/1847/1755 1797/1856/1764 1798/1849/1757
f 1793/1846/1754 1796/1848/1756 1790/1850/1758
f 1790/1850/1758 1796/1848/1756 1798/1849/1757
f 1799/1851/1759 1800/1855/1763 1801/1852/1760
f 1803/1854/1762 1804/1857/1765 1801/1852/1760
f 1801/1852/1760 1798/1849/1757 1797/1856/1764
f 1804/1857/1765 1792/1844/1752 1798/1849/1757
f 1779/1833/1743 1782/1832/1742 1806/1858/1751
f 1806/1858/1751 1782/1832/1742 1777/1836/1745
f 1805/1859/1766 1806/1858/1751 1804/1857/1765
f 1804/1857/1765 1806/1858/1751 1791/1845/1753
f 1807/1860/1767 1808/1863/1770 1795/1847/1755
f 1809/1862/1769 1810/1870/1777 1808/1863/1770
f 1795/1847/1755 1808/1863/1770 1811/1864/1771
f 1808/1863/1770 1810/1870/1777 1812/1865/1772
f 1813/1866/1773 1814/1881/1784 1815/1867/1774
f 1815/1867/1774 1817/1876/1781 1818/1869/1776
f 1809/1862/1769 1813/1866/1773 1816/1868/1775
f 1816/1868/1775 1818/1869/1776 1812/1865/1772
f 1820/1871/1773 1821/1875/1780 1822/1872/1778
f 1823/1874/1769 1824/1879/1777 1821/1875/1780
f 1822/1872/1778 1821/1875/1780 1818/1869/1776
f 1821/1875/1780 1824/1879/1777 1812/1865/1772
f 1825/1877/1767 1799/1851/1759 1802/1853/1761
f 1802/1853/1761 1797/1856/1764 1811/1864/1771
f 1823/1874/1769 1825/1877/1767 1826/1878/1782
f 1826/1878/1782 1811/1864/1771 1812/1865/1772
f 1827/1880/1783 1828/1883/1786 1815/1867/1774
f 1827/1880/1783 1829/1890/1793 1830/1882/1785
f 1815/1867/1774 1828/1883/1786 1831/1884/1787
f 1830/1882/1785 1832/1891/1794 1831/1884/1787
f 1833/1885/1788 1834/1901/1795 1835/1886/1789
f 1836/1887/1790 1835/1886/1789 1837/1888/1791
f 1829/1890/1793 1833/1885/1788 1836/1887/1790
f 1836/1887/1790 1838/1889/1792 1832/1891/1794
f 1839/1892/1795 1840/1895/1797 1841/1893/1790
f 1840/1895/1797 1843/1899/1801 1844/1896/1798
f 1841/1893/1790 1838/1889/1792 1837/1888/1791
f 1844/1896/1798 1832/1891/1794 1838/1889/1792
f 1819/1873/1779 1822/1872/1778 1846/1897/1799
f 1846/1897/1799 1822/1872/1778 1817/1876/1781
f 1843/1899/1801 1845/1898/1800 1846/1897/1799
f 1844/1896/1798 1846/1897/1799 1831/1884/1787
f 1847/1900/1802 1848/1903/1804 1835/1886/1789
f 1849/1902/1803 1850/1905/1806 1848/1903/1804
f 1835/1886/1789 1848/1903/1804 1851/1904/1805
f 1850/1905/1806 1852/1909/1810 1851/1904/1805
f 1853/1906/1807 1662/1716/1642 1665/1715/1641
f 1665/1715/1641 1669/1720/1646 1855/1908/1809
f 1849/1902/1803 1853/1906/1807 1854/1907/1808
f 1854/1907/1808 1855/1908/1809 1852/1909/1810
f 1684/1734/1642 1856/1912/1812 1857/1910/1811
f 1856/1912/1812 1858/1916/1815 1859/1913/1813
f 1857/1910/1811 1855/1908/1809 1669/1720/1646
f 1859/1913/1813 1852/1909/1810 1855/1908/1809
f 1860/1914/1814 1839/1892/1795 1842/1894/1796
f 1842/1894/1796 1837/1888/1791 1851/1904/1805
f 1858/1916/1815 1860/1914/1814 1861/1915/1804
f 1859/1913/1813 1861/1915/1804 1851/1904/1805
f 1862/1917/1816 1863/1920/1819 1864/1918/1817
f 1863/1920/1819 1866/1930/1829 1867/1921/1820
f 1865/1919/1818 1864/1918/1817 1868/1922/1821
f 1864/1918/1817 1867/1921/1820 1870/1924/1823
f 1872/1925/1824 1873/1928/1827 1874/1926/1825
f 1873/1928/1827 1875/1935/1834 1876/1929/1828
f 1871/1927/1826 1874/1926/1825 1867/1921/1820
f 1874/1926/1825 1876/1929/1828 1870/1924/1823
f 1878/1931/1830 1879/1934/1833 1880/1932/1831
f 1869/1923/1822 1868/1922/1821 1879/1934/1833
f 1879/1934/1833 1876/1929/1828 1875/1935/1834
f 1868/1922/1821 1870/1924/1823 1876/1929/1828
f 1872/1925/1824 1881/1937/1836 1882/1936/1835
f 1881/1937/1836 1883/1946/1845 1884/1938/1837
f 1873/1928/1827 1882/1936/1835 1885/1939/1838
f 1882/1936/1835 1884/1938/1837 1886/1940/1839
f 1888/1941/1840 1889/1944/1843 1890/1942/1841
f 1889/1944/1843 1891/1949/1848 1892/1945/1844
f 1887/1943/1842 1890/1942/1841 1884/1938/1837
f 1890/1942/1841 1892/1945/1844 1886/1940/1839
f 1880/1932/1831 1893/1948/1847 1894/1947/1846
f 1875/1935/1834 1885/1939/1838 1893/1948/1847
f 1893/1948/1847 1892/1945/1844 1891/1949/1848
f 1885/1939/1838 1886/1940/1839 1892/1945/1844
f 1888/1941/1840 1895/1951/1850 1896/1950/1849
f 1895/1951/1850 1897/1960/1859 1898/1952/1851
f 1889/1944/1843 1896/1950/1849 1899/1953/1852
f 1896/1950/1849 1898/1952/1851 1900/1954/1853
f 1902/1955/1854 1903/1958/1857 1904/1956/1855
f 1903/1958/1857 1905/1963/1861 1906/1959/1858
f 1901/1957/1856 1904/1956/1855 1898/1952/1851
f 1904/1956/1855 1906/1959/1858 1900/1954/1853
f 1894/1947/1846 1907/1962/1860 1908/1961/1545
f 1891/1949/1848 1899/1953/1852 1907/1962/1860
f 1907/1962/1860 1906/1959/1858 1905/1963/1861
f 1899/1953/1852 1900/1954/1853 1906/1959/1858
f 1902/1964/1854 1909/1967/1863 1910/1965/1862
f 1909/1967/1863 1911/1977/1871 1912/1968/1453
f 1903/1966/1857 1910/1965/1862 1913/1969/1864
f 1910/1965/1862 1912/1968/1453 1914/1971/1865
f 1916/1972/1866 1917/1975/1869 1918/1973/1867
f 1917/1975/1869 1919/1982/1874 1920/1976/1870
f 1915/1974/1868 1918/1973/1867 1912/1968/1453
f 1918/1973/1867 1920/1976/1870 1914/1971/1865
f 1908/1978/1545 1921/1981/1873 1922/1979/1872
f 1905/1970/1861 1913/1969/1864 1921/1981/1873
f 1921/1981/1873 1920/1976/1870 1919/1982/1874
f 1913/1969/1864 1914/1971/1865 1920/1976/1870
f 1916/1972/1866 1923/1984/1876 1924/1983/1875
f 1923/1984/1876 1925/1993/1885 1926/1985/1877
f 1917/1975/1869 1924/1983/1875 1927/1986/1878
f 1924/1983/1875 1926/1985/1877 1928/1987/1879
f 1930/1988/1880 1931/1991/1883 1932/1989/1881
f 1931/1991/1883 1933/1996/1888 1934/1992/1884
f 1929/1990/1882 1932/1989/1881 1926/1985/1877
f 1932/1989/1881 1934/1992/1884 1928/1987/1879
f 1922/1979/1872 1935/1995/1887 1936/1994/1886
f 1919/1982/1874 1927/1986/1878 1935/1995/1887
f 1935/1995/1887 1934/1992/1884 1933/1996/1888
f 1927/1986/1878 1928/1987/1879 1934/1992/1884
f 1930/1988/1880 1937/1999/1890 1938/1997/1889
f 1937/1999/1890 1939/2009/1899 1940/2000/1891
f 1931/1998/1883 1938/1997/1889 1941/2001/1892
f 1938/1997/1889 1940/2000/1891 1942/2003/1893
f 1944/2004/1894 1945/2007/1897 1946/2005/1895
f 1945/2007/1897 1947/2013/1902 1948/2008/1898
f 1943/2006/1896 1946/2005/1895 1940/2000/1891
f 1946/2005/1895 1948/2008/1898 1942/2003/1893
f 1936/2010/1886 1949/2012/1901 1950/2011/1900
f 1933/2002/1888 1941/2001/1892 1949/2012/1901
f 1949/2012/1901 1948/2008/1898 1947/2013/1902
f 1941/2001/1892 1942/2003/1893 1948/2008/1898
f 1944/2004/1894 1951/2015/1904 1952/2014/1903
f 1951/2015/1904 1953/2024/1913 1954/2016/1905
f 1945/2007/1897 1952/2014/1903 1955/2017/1906
f 1952/2014/1903 1954/2016/1905 1956/2018/1907
f 1958/2019/1908 1959/2022/1911 1960/2020/1909
f 1959/2022/1911 1961/2027/1916 1962/2023/1912
f 1957/2021/1910 1960/2020/1909 1954/2016/1905
f 1960/2020/1909 1962/2023/1912 1956/2018/1907
f 1950/2011/1900 1963/2026/1915 1964/2025/1914
f 1947/2013/1902 1955/2017/1906 1963/2026/1915
f 1963/2026/1915 1962/2023/1912 1961/2027/1916
f 1955/2017/1906 1956/2018/1907 1962/2023/1912
f 1958/2019/1908 1965/2029/1918 1966/2028/1917
f 1965/2029/1918 1967/2038/1927 1968/2030/1919
f 1959/2022/1911 1966/2028/1917 1969/2031/1920
f 1966/2028/1917 1968/2030/1919 1970/2032/1921
f 1972/2033/1922 1973/2036/1925 1974/2034/1923
f 1973/2036/1925 1975/2041/1929 1976/2037/1926
f 1971/2035/1924 1974/2034/1923 1968/2030/1919
f 1974/2034/1923 1976/2037/1926 1970/2032/1921
f 1964/2025/1914 1977/2040/1928 1978/2039/1386
f 1961/2027/1916 1969/2031/1920 1977/2040/1928
f 1977/2040/1928 1976/2037/1926 1975/2041/1929
f 1969/2031/1920 1970/2032/1921 1976/2037/1926
f 1972/2033/1922 1979/2043/1931 1980/2042/1930
f 1979/2043/1931 1981/2052/1939 1982/2044/1612
f 1973/2036/1925 1980/2042/1930 1983/2045/1932
f 1980/2042/1930 1982/2044/1612 1984/2046/1933
f 1986/2047/1934 1987/2050/1937 1988/2048/1935
f 1987/2050/1937 1989/2055/1942 1990/2051/1938
f 1985/2049/1936 1988/2048/1935 1982/2044/1612
f 1988/2048/1935 1990/2051/1938 1984/2046/1933
f 1978/2039/1386 1991/2054/1941 1992/2053/1940
f 1975/2041/1929 1983/2045/1932 1991/2054/1941
f 1991/2054/1941 1990/2051/1938 1989/2055/1942
f 1983/2045/1932 1984/2046/1933 1990/2051/1938
f 1986/2047/1934 1993/2057/1944 1994/2056/1943
f 1993/2057/1944 1995/2064/1951 1996/2058/1945
f 1987/2050/1937 1994/2056/1943 1997/2059/1946
f 1994/2056/1943 1996/2058/1945 1998/2060/1947
f 1862/1917/1816 1865/1919/1818 2000/2061/1948
f 1865/1919/1818 1869/1923/1822 2001/2063/1950
f 1999/2062/1949 2000/2061/1948 1996/2058/1945
f 2000/2061/1948 2001/2063/1950 1998/2060/1947
f 1992/2053/1940 2002/2065/1952 1878/1931/1830
f 1989/2055/1942 1997/2059/1946 2002/2065/1952
f 2002/2065/1952 2001/2063/1950 1869/1923/1822
f 1997/2059/1946 1998/2060/1947 2001/2063/1950
f 891/941/920 2003/2068/1955 2004/2066/1953
f 2005/2067/1954 2006/2074/1961 2004/2066/1953
f 892/911/890 2004/2066/1953 2007/2069/1956
f 2004/2066/1953 2006/2074/1961 2008/2070/1957
f 1350/1415/1378 1349/1380/1348 2010/2071/1958
f 1349/1380/1348 1344/1375/1343 2011/2073/1960
f 2009/2072/1959 2010/2071/1958 2006/2074/1961
f 2010/2071/1958 2011/2073/1960 2008/2070/1957
f 1340/1374/1342 2012/2076/1963 2013/2075/1962
f 2012/2076/1963 2014/2080/1967 2015/2077/1964
f 1341/1372/1340 2013/2075/1962 2011/2073/1960
f 2013/2075/1962 2015/2077/1964 2008/2070/1957
f 896/918/897 899/917/896 2017/2078/1965
f 899/917/896 894/913/892 2007/2069/1956
f 2014/2080/1967 2016/2079/1966 2017/2078/1965
f 2015/2077/1964 2017/2078/1965 2007/2069/1956
f 916/961/940 2018/2083/1970 2019/2081/1968
f 2020/2082/1969 2021/2085/1972 2019/2081/1968
f 917/935/914 2019/2081/1968 2022/2084/1971
f 2021/2085/1972 2023/2089/1976 2022/2084/1971
f 1386/1449/1409 1385/1420/1382 2025/2086/1973
f 1385/1420/1382 1381/1416/1379 2026/2088/1975
f 2024/2087/1974 2025/2086/1973 2021/2085/1972
f 2025/2086/1973 2026/2088/1975 2023/2089/1976
f 1350/1415/1378 2009/2072/1959 2027/2090/1977
f 2009/2072/1959 2005/2067/1954 2028/2091/1978
f 1379/1414/1377 2027/2090/1977 2026/2088/1975
f 2027/2090/1977 2028/2091/1978 2023/2089/1976
f 891/941/920 922/940/919 2029/2092/1979
f 922/940/919 919/937/916 2022/2084/1971
f 2005/2067/1954 2003/2068/1955 2029/2092/1979
f 2028/2091/1978 2029/2092/1979 2022/2084/1971
f 936/2093/960 2030/2096/1982 2031/2094/1980
f 2032/2095/1981 2033/2098/1984 2031/2094/1980
f 937/955/934 2031/2094/1980 2034/2097/1983
f 2033/2098/1984 2035/2103/1988 2034/2097/1983
f 1420/2099/1440 1419/1454/1414 2037/2100/1985
f 1419/1454/1414 1415/1450/1410 2038/2102/1987
f 2036/2101/1986 2037/2100/1985 2033/2098/1984
f 2037/2100/1985 2038/2102/1987 2035/2103/1988
f 1386/1449/1409 2024/2087/1974 2039/2104/1989
f 2024/2087/1974 2020/2082/1969 2040/2105/1990
f 1413/1448/1408 2039/2104/1989 2038/2102/1987
f 2039/2104/1989 2040/2105/1990 2035/2103/1988
f 916/961/940 942/960/939 2041/2106/1991
f 942/960/939 939/957/936 2034/2097/1983
f 2020/2082/1969 2018/2083/1970 2041/2106/1991
f 2040/2105/1990 2041/2106/1991 2034/2097/1983
f 956/1005/980 2042/2109/1994 2043/2107/1992
f 2044/2108/1993 2045/2111/1996 2043/2107/1992
f 957/975/954 2043/2107/1992 2046/2110/1995
f 2045/2111/1996 2047/2115/2000 2046/2110/1995
f 1454/1526/1472 1453/1495/1444 2049/2112/1997
f 1453/1495/1444 1449/1490/1441 2050/2114/1999
f 2048/2113/1998 2049/2112/1997 2045/2111/1996
f 2049/2112/1997 2050/2114/1999 2047/2115/2000
f 1420/1489/1440 2036/2117/1986 2051/2116/2001
f 2036/2117/1986 2032/2121/1981 2052/2118/2002
f 1447/1487/1439 2051/2116/2001 2050/2114/1999
f 2051/2116/2001 2052/2118/2002 2047/2115/2000
f 936/982/960 962/981/959 2053/2119/2003
f 962/981/959 959/977/956 2046/2110/1995
f 2032/2121/1981 2030/2120/1982 2053/2119/2003
f 2052/2118/2002 2053/2119/2003 2046/2110/1995
f 976/1025/1000 2054/2124/2006 2055/2122/2004
f 2056/2123/2005 2057/2126/2008 2055/2122/2004
f 977/999/974 2055/2122/2004 2058/2125/2007
f 2057/2126/2008 2059/2130/2012 2058/2125/2007
f 1488/1560/1504 1487/1531/1477 2061/2127/2009
f 1487/1531/1477 1483/1527/1473 2062/2129/2011
f 2060/2128/2010 2061/2127/2009 2057/2126/2008
f 2061/2127/2009 2062/2129/2011 2059/2130/2012
f 1454/1526/1472 2048/2113/1998 2063/2131/2013
f 2048/2113/1998 2044/2108/1993 2064/2132/2014
f 1481/1525/1471 2063/2131/2013 2062/2129/2011
f 2063/2131/2013 2064/2132/2014 2059/2130/2012
f 956/1005/980 982/1004/979 2065/2133/2015
f 982/1004/979 979/1001/976 2058/2125/2007
f 2044/2108/1993 2042/2109/1994 2065/2133/2015
f 2065/2133/2015 2058/2125/2007 2059/2130/2012
f 996/1045/1020 2066/2136/2018 2067/2134/2016
f 2068/2135/2017 2069/2142/2024 2067/2134/2016
f 997/1019/994 2067/2134/2016 2070/2137/2019
f 2067/2134/2016 2069/2142/2024 2071/2138/2020
f 1522/1594/1537 1521/1565/1509 2073/2139/2021
f 1521/1565/1509 1517/1561/1505 2074/2141/2023
f 2072/2140/2022 2073/2139/2021 2069/2142/2024
f 2073/2139/2021 2074/2141/2023 2071/2138/2020
f 1488/1560/1504 2060/2128/2010 2075/2143/2025
f 2060/2128/2010 2056/2123/2005 2076/2144/2026
f 1515/1559/1503 2075/2143/2025 2074/2141/2023
f 2075/2143/2025 2076/2144/2026 2071/2138/2020
f 976/1025/1000 1002/1024/999 2077/2145/2027
f 1002/1024/999 999/1021/996 2070/2137/2019
f 2056/2123/2005 2054/2124/2006 2077/2145/2027
f 2076/2144/2026 2077/2145/2027 2070/2137/2019
f 1016/1065/1040 2078/2148/2030 2079/2146/2028
f 2080/2147/2029 2081/2150/2032 2079/2146/2028
f 1017/1039/1014 2079/2146/2028 2082/2149/2031
f 2081/2150/2032 2083/2154/2036 2082/2149/2031
f 1556/1632/1568 1555/1599/1541 2085/2151/2033
f 1555/1599/1541 1551/1595/1538 2086/2153/2035
f 2084/2152/2034 2085/2151/2033 2081/2150/2032
f 2085/2151/2033 2086/2153/2035 2083/2154/2036
f 1522/1594/1537 2072/2140/2022 2087/2155/2037
f 2072/2140/2022 2068/2135/2017 2088/2156/2038
f 1549/1593/1536 2087/2155/2037 2086/2153/2035
f 2087/2155/2037 2088/2156/2038 2083/2154/2036
f 996/1045/1020 1022/1044/1019 2089/2157/2039
f 1022/1044/1019 1019/1041/1016 2082/2149/2031
f 2068/2135/2017 2066/2136/2018 2089/2157/2039
f 2088/2156/2038 2089/2157/2039 2082/2149/2031
f 1036/1085/1060 2090/2160/2042 2091/2158/2040
f 2092/2159/2041 2093/2162/2044 2091/2158/2040
f 1037/1059/1034 2091/2158/2040 2094/2161/2043
f 2093/2162/2044 2095/2166/2048 2094/2161/2043
f 1590/1666/1599 1589/1637/1573 2097/2163/2045
f 1589/1637/1573 1585/1633/1569 2098/2165/2047
f 2096/2164/2046 2097/2163/2045 2093/2162/2044
f 2097/2163/2045 2098/2165/2047 2095/2166/2048
f 1556/1632/1568 2084/2152/2034 2099/2167/2049
f 2084/2152/2034 2080/2147/2029 2100/2168/2050
f 1583/1631/1567 2099/2167/2049 2098/2165/2047
f 2099/2167/2049 2100/2168/2050 2095/2166/2048
f 1016/1065/1040 1042/1064/1039 2101/2169/2051
f 1042/1064/1039 1039/1061/1036 2094/2161/2043
f 2080/2147/2029 2078/2148/2030 2101/2169/2051
f 2100/2168/2050 2101/2169/2051 2094/2161/2043
f 1056/1101/1076 2102/2172/2054 2103/2170/2052
f 2104/2171/2053 2105/2174/2056 2103/2170/2052
f 1057/1079/1054 2103/2170/2052 2106/2173/2055
f 2105/2174/2056 2107/2178/2060 2106/2173/2055
f 1624/1699/1626 1623/1671/1603 2109/2175/2057
f 1623/1671/1603 1619/1667/1600 2110/2177/2059
f 2108/2176/2058 2109/2175/2057 2105/2174/2056
f 2109/2175/2057 2110/2177/2059 2107/2178/2060
f 1590/1666/1599 2096/2164/2046 2111/2179/2061
f 2096/2164/2046 2092/2159/2041 2112/2180/2062
f 1617/1665/1598 2111/2179/2061 2110/2177/2059
f 2111/2179/2061 2112/2180/2062 2107/2178/2060
f 1036/1085/1060 1062/1084/1059 2113/2181/2063
f 1062/1084/1059 1059/1081/1056 2106/2173/2055
f 2092/2159/2041 2090/2160/2042 2113/2181/2063
f 2112/2180/2062 2113/2181/2063 2106/2173/2055
f 896/918/897 2016/2079/1966 2114/2182/2064
f 2014/2080/1967 2115/2184/2066 2114/2182/2064
f 1072/1096/1071 2114/2182/2064 2116/2183/2065
f 2115/2184/2066 2117/2187/2069 2116/2183/2065
f 1340/1374/1342 1653/1704/1631 2118/2185/2067
f 1653/1704/1631 1649/1700/1627 2119/2186/2068
f 2012/2076/1963 2118/2185/2067 2115/2184/2066
f 2118/2185/2067 2119/2186/2068 2117/2187/2069
f 1624/1699/1626 2108/2176/2058 2120/2188/2070
f 2108/2176/2058 2104/2171/2053 2121/2189/2071
f 1647/1698/1625 2120/2188/2070 2119/2186/2068
f 2120/2188/2070 2121/2189/2071 2117/2187/2069
f 1056/1101/1076 1077/1100/1075 2122/2190/2072
f 1077/1100/1075 1074/1098/1073 2116/2183/2065
f 2104/2171/2053 2102/2172/2054 2122/2190/2072
f 2122/2190/2072 2116/2183/2065 2117/2187/2069
f 2123/2191/2073 2124/2193/2075 1356/1389/1356
f 2125/2192/2074 2126/2194/2076 2124/2193/2075
f 2124/2193/2075 2127/2195/2077 1359/1395/1362
f 2126/2194/2076 2128/2199/2081 2127/2195/2077
f 1672/1738/1655 1671/1722/1648 2130/2196/2078
f 1671/1722/1648 1666/1717/1643 2131/2198/2080
f 2129/2197/2079 2130/2196/2078 2126/2194/2076
f 2130/2196/2078 2131/2198/2080 2128/2199/2081
f 1662/1716/1642 2132/2201/2083 2133/2200/2082
f 2132/2201/2083 2134/2205/2087 2135/2202/2084
f 2133/2200/2082 2131/2198/2080 1666/1717/1643
f 2133/2200/2082 2135/2202/2084 2128/2199/2081
f 2136/2203/2085 1362/1391/1358 1361/1393/1360
f 2137/2204/2086 1361/1393/1360 1359/1395/1362
f 2134/2205/2087 2136/2203/2085 2137/2204/2086
f 2135/2202/2084 2137/2204/2086 2127/2195/2077
f 2138/2206/2088 2139/2208/2090 1392/1429/1390
f 2140/2207/2089 2141/2209/2091 2139/2208/2090
f 2139/2208/2090 2142/2210/2092 1395/1433/1394
f 2141/2209/2091 2143/2214/2096 2142/2210/2092
f 2144/2211/2093 1694/1758/1680 1693/1743/1666
f 1693/1743/1666 1689/1739/1662 2146/2213/2095
f 2144/2211/2093 2145/2212/2094 2141/2209/2091
f 2145/2212/2094 2146/2213/2095 2143/2214/2096
f 2129/2197/2079 2147/2216/2098 1687/1737/1661
f 2129/2197/2079 2125/2192/2074 2148/2215/2097
f 2147/2216/2098 2146/2213/2095 1689/1739/1662
f 2147/2216/2098 2148/2215/2097 2143/2214/2096
f 2123/2191/2073 1355/1386/1353 1397/1432/1393
f 2149/2217/2099 1397/1432/1393 1395/1433/1394
f 2125/2192/2074 2123/2191/2073 2149/2217/2099
f 2148/2215/2097 2149/2217/2099 2142/2210/2092
f 2150/2218/2100 2151/2220/1170 1426/1463/1421
f 2152/2219/2101 2153/2221/2102 2151/2220/1170
f 2151/2220/1170 2154/2222/2103 1429/1467/1425
f 2153/2221/2102 2155/2226/2107 2154/2222/2103
f 2156/2223/2104 1714/2560/1696 1713/1763/1685
f 2157/2224/2105 1713/1763/1685 1709/1759/1681
f 2156/2223/2104 2157/2224/2105 2153/2221/2102
f 2157/2224/2105 2158/2225/2106 2155/2226/2107
f 2144/2211/2093 2159/2228/2109 1707/1757/1679
f 2144/2211/2093 2140/2207/2089 2160/2227/2108
f 2159/2228/2109 2158/2225/2106 1709/1759/1681
f 2159/2228/2109 2160/2227/2108 2155/2226/2107
f 2138/2206/2088 1391/1426/1387 1431/1466/1424
f 2161/2229/1179 1431/1466/1424 1429/1467/1425
f 2140/2207/2089 2138/2206/2088 2161/2229/1179
f 2160/2227/2108 2161/2229/1179 2154/2222/2103
f 2162/2230/2110 2163/2232/2112 1460/1504/1452
f 2164/2231/2111 2165/2233/2113 2163/2232/2112
f 2163/2232/2112 2166/2234/2114 1463/1510/1456
f 2165/2233/2113 2167/2238/2118 2166/2234/2114
f 2168/2235/2115 1734/1801/1707 1733/1784/1700
f 2169/2236/2116 1733/1784/1700 1729/1789/1705
f 2168/2235/2115 2169/2236/2116 2165/2233/2113
f 2169/2236/2116 2170/2237/2117 2167/2238/2118
f 2156/2239/2104 2171/2241/2120 1727/1777/1695
f 2156/2239/2104 2152/2244/2101 2172/2240/2119
f 1727/1777/1695 2171/2241/2120 2170/2237/2117
f 2171/2241/2120 2172/2240/2119 2167/2238/2118
f 2150/2242/2100 1425/1506/1418 1465/1508/1455
f 2173/2243/2121 1465/1508/1455 1463/1510/1456
f 2152/2244/2101 2150/2242/2100 2173/2243/2121
f 2172/2240/2119 2173/2243/2121 2166/2234/2114
f 2174/2245/2122 2175/2247/2124 1494/1540/1485
f 2176/2246/2123 2177/2248/2125 2175/2247/2124
f 2175/2247/2124 2178/2249/2126 1497/1544/1489
f 2177/2248/2125 2179/2253/2130 2178/2249/2126
f 1754/1821/1724 1753/1806/1719 2181/2250/2127
f 2181/2250/2127 1753/1806/1719 1749/1802/1715
f 2180/2251/2128 2181/2250/2127 2177/2248/2125
f 2181/2250/2127 2182/2252/2129 2179/2253/2130
f 1734/1801/1707 2168/2235/2115 2183/2254/2131
f 2168/2235/2115 2164/2231/2111 2184/2255/2132
f 1747/1800/1714 2183/2254/2131 2182/2252/2129
f 2183/2254/2131 2184/2255/2132 2179/2253/2130
f 2162/2230/2110 1459/1501/1449 1499/1543/1488
f 2185/2256/2133 1499/1543/1488 1497/1544/1489
f 2164/2231/2111 2162/2230/2110 2185/2256/2133
f 2184/2255/2132 2185/2256/2133 2178/2249/2126
f 2186/2257/2134 2187/2259/2136 1528/1574/1517
f 2188/2258/2135 2189/2260/2137 2187/2259/2136
f 2187/2259/2136 2190/2261/2138 1531/1578/1521
f 2189/2260/2137 2191/2265/2142 2190/2261/2138
f 1774/1841/1743 1773/1826/1736 2193/2262/2139
f 1773/1826/1736 1769/1822/1732 2194/2264/2141
f 2192/2263/2140 2193/2262/2139 2189/2260/2137
f 2193/2262/2139 2194/2264/2141 2191/2265/2142
f 1754/1821/1724 2180/2251/2128 2195/2266/2143
f 2180/2251/2128 2176/2246/2123 2196/2267/2144
f 2195/2266/2143 2194/2264/2141 1769/1822/1732
f 2195/2266/2143 2196/2267/2144 2191/2265/2142
f 2174/2245/2122 1493/1537/1482 1533/1577/1520
f 2197/2268/2145 1533/1577/1520 1531/1578/1521
f 2176/2246/2123 2174/2245/2122 2197/2268/2145
f 2196/2267/2144 2197/2268/2145 2190/2261/2138
f 2198/2269/2146 2199/2271/2148 1562/1608/1549
f 2200/2270/2147 2201/2272/2149 2199/2271/2148
f 2199/2271/2148 2202/2273/2150 1565/1612/1553
f 2201/2272/2149 2203/2277/2154 2202/2273/2150
f 2204/2274/2151 1794/1861/1768 1793/1846/1754
f 1793/1846/1754 1789/1842/1750 2206/2276/2153
f 2204/2274/2151 2205/2275/2152 2201/2272/2149
f 2205/2275/2152 2206/2276/2153 2203/2277/2154
f 2192/2263/2140 2207/2279/2156 1787/1840/1749
f 2192/2263/2140 2188/2258/2135 2208/2278/2155
f 2207/2279/2156 2206/2276/2153 1789/1842/1750
f 2207/2279/2156 2208/2278/2155 2203/2277/2154
f 2186/2257/2134 1527/1571/1514 1567/1611/1552
f 2209/2280/2157 1567/1611/1552 1565/1612/1553
f 2188/2258/2135 2186/2257/2134 2209/2280/2157
f 2208/2278/2155 2209/2280/2157 2202/2273/2150
f 2210/2281/2158 2211/2283/1110 1596/1646/1580
f 2212/2282/2159 2213/2284/2160 2211/2283/1110
f 2211/2283/1110 2214/2285/2161 1599/1650/1584
f 2213/2284/2160 2215/2289/2165 2214/2285/2161
f 2216/2286/2162 1814/1881/1784 1813/1866/1773
f 2217/2287/2163 1813/1866/1773 1809/1862/1769
f 2216/2286/2162 2217/2287/2163 2213/2284/2160
f 2217/2287/2163 2218/2288/2164 2215/2289/2165
f 2204/2274/2151 2219/2291/2167 1807/1860/1767
f 2204/2274/2151 2200/2270/2147 2220/2290/2166
f 2219/2291/2167 2218/2288/2164 1809/1862/1769
f 2219/2291/2167 2220/2290/2166 2215/2289/2165
f 2198/2269/2146 1561/1605/1546 1601/1649/1583
f 2221/2292/1119 1601/1649/1583 1599/1650/1584
f 2200/2270/2147 2198/2269/2146 2221/2292/1119
f 2220/2290/2166 2221/2292/1119 2214/2285/2161
f 2222/2293/2168 2223/2295/2170 1630/1680/1611
f 2224/2294/2169 2225/2296/2171 2223/2295/2170
f 2223/2295/2170 2226/2297/2172 1633/1684/1615
f 2225/2296/2171 2227/2301/2176 2226/2297/2172
f 2228/2298/2173 1834/1901/1795 1833/1885/1788
f 2229/2299/2174 1833/1885/1788 1829/1890/1793
f 2228/2298/2173 2229/2299/2174 2225/2296/2171
f 2229/2299/2174 2230/2300/2175 2227/2301/2176
f 2216/2286/2162 2231/2303/2178 1827/1880/1783
f 2216/2286/2162 2212/2282/2159 2232/2302/2177
f 1827/1880/1783 2231/2303/2178 2230/2300/2175
f 2231/2303/2178 2232/2302/2177 2227/2301/2176
f 2210/2281/2158 1595/1643/1577 1635/1683/1614
f 2233/2304/2179 1635/1683/1614 1633/1684/1615
f 2212/2282/2159 2210/2281/2158 2233/2304/2179
f 2232/2302/2177 2233/2304/2179 2226/2297/2172
f 2136/2203/2085 2234/2305/2180 1656/1709/1635
f 2134/2205/2087 2235/2306/2181 2234/2305/2180
f 2234/2305/2180 2236/2307/2182 1658/1713/1639
f 2235/2306/2181 2237/2310/2185 2236/2307/2182
f 1662/1716/1642 1853/1906/1807 2238/2308/2183
f 2238/2308/2183 1853/1906/1807 1849/1902/1803
f 2132/2201/2083 2238/2308/2183 2235/2306/2181
f 2238/2308/2183 2239/2309/2184 2237/2310/2185
f 1834/1901/1795 2228/2298/2173 2240/2311/2186
f 2228/2298/2173 2224/2294/2169 2241/2312/2187
f 1847/1900/1802 2240/2311/2186 2239/2309/2184
f 2240/2311/2186 2241/2312/2187 2237/2310/2185
f 2222/2293/2168 1629/1677/1608 1660/1712/1638
f 2242/2313/2188 1660/1712/1638 1658/1713/1639
f 2224/2294/2169 2222/2293/2168 2242/2313/2188
f 2241/2312/2187 2242/2313/2188 2236/2307/2182
f 2243/2314/2189 2244/2316/2191 1678/1727/1653
f 2245/2315/2190 2246/2317/2192 2244/2316/2191
f 2244/2316/2191 2247/2318/2193 1681/1730/1656
f 2246/2317/2192 2248/2322/2197 2247/2318/2193
f 2249/2319/2194 1872/1925/1824 1871/1927/1826
f 2250/2320/2195 1871/1927/1826 1866/1930/1829
f 2249/2319/2194 2250/2320/2195 2246/2317/2192
f 2250/2320/2195 2251/2321/2196 2248/2322/2197
f 2252/2323/2198 2253/2325/2200 1863/1920/1819
f 2252/2323/2198 2254/2328/2203 2255/2324/2199
f 2253/2325/2200 2251/2321/2196 1866/1930/1829
f 2253/2325/2200 2255/2324/2199 2248/2322/2197
f 2256/2326/2201 1684/1734/1642 1683/1736/1660
f 1683/1736/1660 1681/1730/1656 2247/2318/2193
f 2254/2328/2203 2256/2326/2201 2257/2327/2202
f 2255/2324/2199 2257/2327/2202 2247/2318/2193
f 1699/1748/1671 2258/2331/2206 2259/2329/2204
f 2260/2330/2205 2261/2332/2207 2259/2329/2204
f 2259/2329/2204 2262/2333/2208 1703/1751/1674
f 2261/2332/2207 2263/2337/2212 2262/2333/2208
f 2264/2334/2209 1888/1941/1840 1887/1943/1842
f 2265/2335/2210 1887/1943/1842 1883/1946/1845
f 2264/2334/2209 2265/2335/2210 2261/2332/2207
f 2265/2335/2210 2266/2336/2211 2263/2337/2212
f 2249/2319/2194 2267/2339/2214 1881/1937/1836
f 2249/2319/2194 2245/2315/2190 2268/2338/2213
f 2267/2339/2214 2266/2336/2211 1883/1946/1845
f 2267/2339/2214 2268/2338/2213 2263/2337/2212
f 1677/1729/1655 1705/1756/1678 2269/2340/2215
f 1705/1756/1678 1703/1751/1674 2262/2333/2208
f 2245/2315/2190 2243/2314/2189 2269/2340/2215
f 2268/2338/2213 2269/2340/2215 2262/2333/2208
f 2270/2341/2216 2271/2343/2218 1720/1768/1685
f 2272/2342/2217 2273/2344/2219 2271/2343/2218
f 2271/2343/2218 2274/2345/2220 1723/1771/1681
f 2273/2344/2219 2275/2349/2224 2274/2345/2220
f 2276/2346/2221 1902/1955/1854 1901/1957/1856
f 2277/2347/2222 1901/1957/1856 1897/1960/1859
f 2276/2346/2221 2277/2347/2222 2273/2344/2219
f 2277/2347/2222 2278/2348/2223 2275/2349/2224
f 2264/2334/2209 2279/2351/2226 1895/1951/1850
f 2264/2334/2209 2260/2330/2205 2280/2350/2225
f 2279/2351/2226 2278/2348/2223 1897/1960/1859
f 2279/2351/2226 2280/2350/2225 2275/2349/2224
f 2258/2331/2206 1699/1748/1671 1725/1774/1679
f 2281/2352/2227 1725/1774/1679 1723/1771/1681
f 2260/2330/2205 2258/2331/2206 2281/2352/2227
f 2280/2350/2225 2281/2352/2227 2274/2345/2220
f 1739/1791/1707 2282/2355/2230 2283/2353/2228
f 2284/2354/2229 2285/2357/2232 2283/2353/2228
f 1740/1794/1709 2283/2353/2228 2286/2356/2231
f 2285/2357/2232 2287/2361/2236 2286/2356/2231
f 2288/2358/2233 1916/1972/1866 1915/1974/1868
f 2289/2359/2234 1915/1974/1868 1911/1977/1871
f 2288/2358/2233 2289/2359/2234 2285/2357/2232
f 2289/2359/2234 2290/2360/2235 2287/2361/2236
f 2276/2362/2221 2291/2364/2238 1909/1967/1863
f 2276/2362/2221 2272/2367/2217 2292/2363/2237
f 2291/2364/2238 2290/2360/2235 1911/1977/1871
f 2291/2364/2238 2292/2363/2237 2287/2361/2236
f 1719/1796/1691 1745/1798/1712 2293/2365/2239
f 2293/2365/2239 1745/1798/1712 1743/1799/1713
f 2272/2367/2217 2270/2366/2216 2293/2365/2239
f 2292/2363/2237 2293/2365/2239 2286/2356/2231
f 2294/2368/2240 2295/2370/2242 1760/1814/1726
f 2296/2369/2241 2297/2372/2244 2295/2370/2242
f 1760/1814/1726 2295/2370/2242 2298/2371/2243
f 2297/2372/2244 2299/2376/2248 2298/2371/2243
f 2300/2373/2245 1930/1988/1880 1929/1990/1882
f 2301/2374/2246 1929/1990/1882 1925/1993/1885
f 2300/2373/2245 2301/2374/2246 2297/2372/2244
f 2301/2374/2246 2302/2375/2247 2299/2376/2248
f 2288/2358/2233 2303/2378/2250 1923/1984/1876
f 2288/2358/2233 2284/2354/2229 2304/2377/2249
f 2303/2378/2250 2302/2375/2247 1925/1993/1885
f 2303/2378/2250 2304/2377/2249 2299/2376/2248
f 2282/2355/2230 1739/1791/1707 1765/1817/1729
f 2305/2379/2251 1765/1817/1729 1763/1819/1730
f 2284/2354/2229 2282/2355/2230 2305/2379/2251
f 2304/2377/2249 2305/2379/2251 2298/2371/2243
f 2306/2380/2252 2307/2382/2254 1780/1831/1741
f 2308/2381/2253 2309/2383/2255 2307/2382/2254
f 2307/2382/2254 2310/2384/2256 1783/1834/1744
f 2309/2383/2255 2311/2388/2260 2310/2384/2256
f 2312/2385/2257 1944/2004/1894 1943/2006/1896
f 2313/2386/2258 1943/2006/1896 1939/2009/1899
f 2312/2385/2257 2313/2386/2258 2309/2383/2255
f 2313/2386/2258 2314/2387/2259 2311/2388/2260
f 2300/2373/2245 2315/2390/2262 1937/1999/1890
f 2300/2373/2245 2296/2369/2241 2316/2389/2261
f 2315/2390/2262 2314/2387/2259 1939/2009/1899
f 2315/2390/2262 2316/2389/2261 2311/2388/2260
f 2294/2368/2240 1759/1811/1724 1785/1839/1748
f 1785/1839/1748 1783/1834/1744 2310/2384/2256
f 2296/2369/2241 2294/2368/2240 2317/2391/2263
f 2316/2389/2261 2317/2391/2263 2310/2384/2256
f 1799/1851/1759 2318/2394/2266 2319/2392/2264
f 2320/2393/2265 2321/2395/2267 2319/2392/2264
f 2319/2392/2264 2322/2396/2268 1803/1854/1762
f 2321/2395/2267 2323/2400/2272 2322/2396/2268
f 2324/2397/2269 1958/2019/1908 1957/2021/1910
f 2325/2398/2270 1957/2021/1910 1953/2024/1913
f 2324/2397/2269 2325/2398/2270 2321/2395/2267
f 2325/2398/2270 2326/2399/2271 2323/2400/2272
f 2312/2385/2257 2327/2402/2274 1951/2015/1904
f 2312/2385/2257 2308/2381/2253 2328/2401/2273
f 2327/2402/2274 2326/2399/2271 1953/2024/1913
f 2327/2402/2274 2328/2401/2273 2323/2400/2272
f 1779/1833/1743 1805/1859/1766 2329/2403/2275
f 1805/1859/1766 1803/1854/1762 2322/2396/2268
f 2308/2381/2253 2306/2380/2252 2329/2403/2275
f 2328/2401/2273 2329/2403/2275 2322/2396/2268
f 2330/2404/2276 2331/2406/2278 1820/1871/1773
f 2332/2405/2277 2333/2407/2279 2331/2406/2278
f 2331/2406/2278 2334/2408/2280 1823/1874/1769
f 2333/2407/2279 2335/2412/2284 2334/2408/2280
f 2336/2409/2281 1972/2033/1922 1971/2035/1924
f 2337/2410/2282 1971/2035/1924 1967/2038/1927
f 2336/2409/2281 2337/2410/2282 2333/2407/2279
f 2337/2410/2282 2338/2411/2283 2335/2412/2284
f 2324/2397/2269 2339/2414/2286 1965/2029/1918
f 2324/2397/2269 2320/2393/2265 2340/2413/2285
f 2339/2414/2286 2338/2411/2283 1967/2038/1927
f 2339/2414/2286 2340/2413/2285 2335/2412/2284
f 2318/2394/2266 1799/1851/1759 1825/1877/1767
f 2341/2415/2287 1825/1877/1767 1823/1874/1769
f 2320/2393/2265 2318/2394/2266 2341/2415/2287
f 2340/2413/2285 2341/2415/2287 2334/2408/2280
f 1839/1892/1795 2342/2418/2290 2343/2416/2288
f 2344/2417/2289 2345/2420/2292 2343/2416/2288
f 1840/1895/1797 2343/2416/2288 2346/2419/2291
f 2345/2420/2292 2347/2424/2296 2346/2419/2291
f 2348/2421/2293 1986/2047/1934 1985/2049/1936
f 2349/2422/2294 1985/2049/1936 1981/2052/1939
f 2348/2421/2293 2349/2422/2294 2345/2420/2292
f 2349/2422/2294 2350/2423/2295 2347/2424/2296
f 2336/2409/2281 2351/2426/2298 1979/2043/1931
f 2336/2409/2281 2332/2405/2277 2352/2425/2297
f 2351/2426/2298 2350/2423/2295 1981/2052/1939
f 2351/2426/2298 2352/2425/2297 2347/2424/2296
f 1819/1873/1779 1845/1898/1800 2353/2427/2299
f 2353/2427/2299 1845/1898/1800 1843/1899/1801
f 2332/2405/2277 2330/2404/2276 2353/2427/2299
f 2352/2425/2297 2353/2427/2299 2346/2419/2291
f 2256/2326/2201 2354/2428/2300 1856/1912/1812
f 2254/2328/2203 2355/2430/2302 2354/2428/2300
f 1856/1912/1812 2354/2428/2300 2356/2429/2301
f 2355/2430/2302 2357/2433/2305 2356/2429/2301
f 2252/2323/2198 1862/1917/1816 1999/2062/1949
f 2358/2431/2303 1999/2062/1949 1995/2064/1951
f 2252/2323/2198 2358/2431/2303 2355/2430/2302
f 2358/2431/2303 2359/2432/2304 2357/2433/2305
f 2348/2421/2293 2360/2435/2307 1993/2057/1944
f 2348/2421/2293 2344/2417/2289 2361/2434/2306
f 2360/2435/2307 2359/2432/2304 1995/2064/1951
f 2360/2435/2307 2361/2434/2306 2357/2433/2305
f 2342/2418/2290 1839/1892/1795 1860/1914/1814
f 2362/2436/2308 1860/1914/1814 1858/1916/1815
f 2344/2417/2289 2342/2418/2290 2362/2436/2308
f 2361/2434/2306 2362/2436/2308 2356/2429/2301
f 2363/2437/2309 2364/2439/2311 2/4/4
f 2365/2438/2310 2366/2440/2312 2364/2439/2311
f 2364/2439/2311 2367/2441/2313 5/14/14
f 2366/2440/2312 2368/2445/2317 2367/2441/2313
f 2369/2442/2314 1331/1361/1329 1330/1363/1331
f 2370/2443/2315 1330/1363/1331 1325/1366/1334
f 2365/2438/2310 2369/2442/2314 2370/2443/2315
f 2366/2440/2312 2370/2443/2315 2371/2444/2316
f 2372/2446/2318 2373/2448/2320 1322/1356/1324
f 2374/2447/2319 2375/2449/2321 2373/2448/2320
f 2373/2448/2320 2371/2444/2316 1325/1366/1334
f 2375/2449/2321 2368/2445/2317 2371/2444/2316
f 2376/2450/2322 11/9/9 10/11/11
f 2377/2451/2323 10/11/11 5/14/14
f 2374/2447/2319 2376/2450/2322 2377/2451/2323
f 2375/2449/2321 2377/2451/2323 2367/2441/2313
f 2376/2450/2322 2378/2452/2324 26/26/26
f 2374/2447/2319 2379/2453/2325 2378/2452/2324
f 2378/2452/2324 2380/2454/2326 28/35/35
f 2379/2453/2325 2381/2457/2329 2380/2454/2326
f 2372/2446/2318 1321/1353/1321 1374/1405/1372
f 2382/2455/2327 1374/1405/1372 1369/1408/1374
f 2374/2447/2319 2372/2446/2318 2382/2455/2327
f 2379/2453/2325 2382/2455/2327 2383/2456/2328
f 2384/2458/2330 2385/2460/2332 1366/1399/1366
f 2386/2459/2331 2387/2461/2333 2385/2460/2332
f 2385/2460/2332 2383/2456/2328 1369/1408/1374
f 2387/2461/2333 2381/2457/2329 2383/2456/2328
f 2388/2462/2334 33/30/30 32/32/32
f 2389/2463/2335 32/32/32 28/35/35
f 2386/2459/2331 2388/2462/2334 2389/2463/2335
f 2387/2461/2333 2389/2463/2335 2380/2454/2326
f 2388/2462/2334 2390/2464/2336 46/46/46
f 2386/2459/2331 2391/2465/2337 2390/2464/2336
f 2390/2464/2336 2392/2466/2338 48/55/55
f 2391/2465/2337 2393/2469/2341 2392/2466/2338
f 2384/2458/2330 1365/1396/1363 1408/1443/1404
f 2394/2467/2339 1408/1443/1404 1403/1445/1405
f 2386/2459/2331 2384/2458/2330 2394/2467/2339
f 2391/2465/2337 2394/2467/2339 2395/2468/2340
f 2396/2470/2342 2397/2472/2344 1400/1437/1398
f 2398/2471/2343 2399/2473/2345 2397/2472/2344
f 2397/2472/2344 2395/2468/2340 1403/1445/1405
f 2399/2473/2345 2393/2469/2341 2395/2468/2340
f 2400/2474/2346 53/50/50 52/52/52
f 2401/2475/2347 52/52/52 48/55/55
f 2398/2471/2343 2400/2474/2346 2401/2475/2347
f 2399/2473/2345 2401/2475/2347 2392/2466/2338
f 2400/2476/2346 2402/2478/2348 66/68/66
f 2398/2477/2343 2403/2479/2349 2402/2478/2348
f 2402/2478/2348 2404/2480/2350 68/78/75
f 2403/2479/2349 2405/2484/2353 2404/2480/2350
f 2396/2481/2342 1399/1476/1395 1442/1478/1435
f 2406/2482/2351 1442/1478/1435 1437/1481/1436
f 2398/2477/2343 2396/2481/2342 2406/2482/2351
f 2403/2479/2349 2406/2482/2351 2407/2483/2352
f 2408/2485/2354 2409/2487/2356 1434/1471/1429
f 2410/2486/2355 2411/2488/2357 2409/2487/2356
f 2409/2487/2356 2407/2483/2352 1437/1481/1436
f 2411/2488/2357 2405/2484/2353 2407/2483/2352
f 2412/2489/2358 73/73/70 72/75/72
f 2413/2490/2359 72/75/72 68/78/75
f 2410/2486/2355 2412/2489/2358 2413/2490/2359
f 2411/2488/2357 2413/2490/2359 2404/2480/2350
f 2412/2489/2358 2414/2491/2360 86/90/86
f 2410/2486/2355 2415/2492/2361 2414/2491/2360
f 2414/2491/2360 2416/2493/2362 88/99/95
f 2415/2492/2361 2417/2496/2365 2416/2493/2362
f 2408/2485/2354 1433/1468/1426 1476/1520/1466
f 2418/2494/2363 1476/1520/1466 1471/1522/1468
f 2410/2486/2355 2408/2485/2354 2418/2494/2363
f 2415/2492/2361 2418/2494/2363 2419/2495/2364
f 2420/2497/2366 2421/2499/2368 1468/1514/1460
f 2422/2498/2367 2423/2500/2369 2421/2499/2368
f 2421/2499/2368 2419/2495/2364 1471/1522/1468
f 2423/2500/2369 2417/2496/2365 2419/2495/2364
f 2424/2501/2370 93/94/90 92/96/92
f 2425/2502/2371 92/96/92 88/99/95
f 2422/2498/2367 2424/2501/2370 2425/2502/2371
f 2423/2500/2369 2425/2502/2371 2416/2493/2362
f 2424/2501/2370 2426/2503/2372 106/110/106
f 2422/2498/2367 2427/2504/2373 2426/2503/2372
f 2426/2503/2372 2428/2505/2374 108/119/115
f 2427/2504/2373 2429/2508/2377 2428/2505/2374
f 2420/2497/2366 1467/1511/1457 1510/1554/1499
f 2430/2506/2375 1510/1554/1499 1505/1556/1500
f 2422/2498/2367 2420/2497/2366 2430/2506/2375
f 2427/2504/2373 2430/2506/2375 2431/2507/2376
f 2432/2509/2378 2433/2511/2380 1502/1548/1493
f 2434/2510/2379 2435/2512/2381 2433/2511/2380
f 2433/2511/2380 2431/2507/2376 1505/1556/1500
f 2435/2512/2381 2429/2508/2377 2431/2507/2376
f 2436/2513/2382 113/114/110 112/116/112
f 2437/2514/2383 112/116/112 108/119/115
f 2434/2510/2379 2436/2513/2382 2437/2514/2383
f 2435/2512/2381 2437/2514/2383 2428/2505/2374
f 2436/2513/2382 2438/2515/2384 126/130/126
f 2434/2510/2379 2439/2516/2385 2438/2515/2384
f 2438/2515/2384 2440/2517/2386 128/139/135
f 2439/2516/2385 2441/2520/2389 2440/2517/2386
f 2432/2509/2378 1501/1545/1490 1544/1588/1531
f 2442/2518/2387 1544/1588/1531 1539/1590/1533
f 2434/2510/2379 2432/2509/2378 2442/2518/2387
f 2439/2516/2385 2442/2518/2387 2443/2519/2388
f 2444/2521/2390 2445/2523/2392 1536/1582/1525
f 2446/2522/2391 2447/2524/2393 2445/2523/2392
f 2445/2523/2392 2443/2519/2388 1539/1590/1533
f 2447/2524/2393 2441/2520/2389 2443/2519/2388
f 2448/2525/2394 133/134/130 132/136/132
f 2449/2526/2395 132/136/132 128/139/135
f 2446/2522/2391 2448/2525/2394 2449/2526/2395
f 2447/2524/2393 2449/2526/2395 2440/2517/2386
f 2448/2525/2394 2450/2527/2396 146/150/146
f 2446/2522/2391 2451/2528/2397 2450/2527/2396
f 2450/2527/2396 2452/2529/2398 148/159/155
f 2451/2528/2397 2453/2532/2401 2452/2529/2398
f 2444/2521/2390 1535/1579/1522 1578/1622/1563
f 2454/2530/2399 1578/1622/1563 1573/1625/1564
f 2446/2522/2391 2444/2521/2390 2454/2530/2399
f 2451/2528/2397 2454/2530/2399 2455/2531/2400
f 2456/2533/2402 2457/2535/2404 1570/1616/1557
f 2458/2534/2403 2459/2536/2405 2457/2535/2404
f 2457/2535/2404 2455/2531/2400 1573/1625/1564
f 2459/2536/2405 2453/2532/2401 2455/2531/2400
f 2460/2537/2406 153/154/150 152/156/152
f 2461/2538/2407 152/156/152 148/159/155
f 2458/2534/2403 2460/2537/2406 2461/2538/2407
f 2459/2536/2405 2461/2538/2407 2452/2529/2398
f 2460/2537/2406 2462/2539/2408 166/170/166
f 2458/2534/2403 2463/2540/2409 2462/2539/2408
f 2462/2539/2408 2464/2541/2410 168/179/175
f 2463/2540/2409 2465/2544/2413 2464/2541/2410
f 2456/2533/2402 1569/1613/1554 1612/1660/1594
f 2466/2542/2411 1612/1660/1594 1607/1662/1595
f 2458/2534/2403 2456/2533/2402 2466/2542/2411
f 2463/2540/2409 2466/2542/2411 2467/2543/2412
f 2468/2545/2414 2469/2547/2416 1604/1654/1588
f 2470/2546/2415 2471/2548/2417 2469/2547/2416
f 2469/2547/2416 2467/2543/2412 1607/1662/1595
f 2471/2548/2417 2465/2544/2413 2467/2543/2412
f 2472/2549/2418 173/174/170 172/176/172
f 2473/2550/2419 172/176/172 168/179/175
f 2470/2546/2415 2472/2549/2418 2473/2550/2419
f 2471/2548/2417 2473/2550/2419 2464/2541/2410
f 2472/2549/2418 2474/2551/2420 186/190/186
f 2470/2546/2415 2475/2552/2421 2474/2551/2420
f 2474/2551/2420 2476/2553/2422 188/197/193
f 2475/2552/2421 2477/2556/2425 2476/2553/2422
f 2468/2545/2414 1603/1651/1585 1643/1691/1621
f 2478/2554/2423 1643/1691/1621 1639/1694/1623
f 2470/2546/2415 2468/2545/2414 2478/2554/2423
f 2475/2552/2421 2478/2554/2423 2479/2555/2424
f 2369/2442/2314 2480/2557/2426 1637/1686/1617
f 2365/2438/2310 2481/2558/2427 2480/2557/2426
f 2480/2557/2426 2479/2555/2424 1639/1694/1623
f 2481/2558/2427 2477/2556/2425 2479/2555/2424
f 2363/2437/2309 1/1/1 192/195/191
f 2482/2559/2428 192/195/191 188/197/193
f 2365/2438/2310 2363/2437/2309 2482/2559/2428
f 2481/2558/2427 2482/2559/2428 2476/2553/2422
